INSERT INTO products (id, title, type, description, price, discount, discountStartDate, discountEndDate, releaseDate, rating, isActive, headerImage)
VALUES (1, 'Counter-Strike 2', 'Game', 'For over two decades, Counter-Strike has offered an elite competitive experience, one shaped by millions of players from across the globe. And now the next chapter in the CS story is about to begin. This is Counter-Strike 2.', 0, 0, NULL, NULL, '2012-08-21', 0, TRUE, 'https://shared.fastly.steamstatic.com/store_item_assets/steam/apps/730/header.jpg?t=1729703045');

INSERT INTO product_developers (product_id, developer) VALUES
(1, 'Valve');

INSERT INTO product_publishers (product_id, publisher) VALUES
(1, 'Valve');

INSERT INTO product_platforms (product_id, platform) VALUES
(1, 'Windows');

INSERT INTO product_genres (product_id, genre) VALUES
(1, 'Action'),
(1, 'Free To Play');

INSERT INTO product_tags (product_id, tag) VALUES
(1, 'FPS'),
(1, 'Shooter'),
(1, 'Multiplayer'),
(1, 'Competitive'),
(1, 'Action'),
(1, 'Team-Based'),
(1, 'eSports'),
(1, 'Tactical'),
(1, 'First-Person'),
(1, 'PvP'),
(1, 'Online Co-Op'),
(1, 'Co-op'),
(1, 'Strategy'),
(1, 'Military'),
(1, 'War'),
(1, 'Difficult'),
(1, 'Trading'),
(1, 'Realistic'),
(1, 'Fast-Paced'),
(1, 'Moddable');

INSERT INTO product_features (product_id, feature) VALUES
(1, 'Cross-Platform Multiplayer'),
(1, 'Steam Trading Cards'),
(1, 'Steam Workshop'),
(1, 'In-App Purchases'),
(1, 'Stats'),
(1, 'Remote Play on Phone'),
(1, 'Remote Play on Tablet'),
(1, 'Remote Play on TV'),
(1, 'Steam Timeline');

INSERT INTO product_system_requirements (product_id, platform, title, minimum, recommended) VALUES (1, 'win', 'OS', '', '');

INSERT INTO product_system_requirements (product_id, platform, title, minimum, recommended) VALUES (1, 'win', 'Processor', '', '');

INSERT INTO product_system_requirements (product_id, platform, title, minimum, recommended) VALUES (1, 'win', 'Memory', '', '');

INSERT INTO product_system_requirements (product_id, platform, title, minimum, recommended) VALUES (1, 'win', 'Graphics', '', '');

INSERT INTO product_system_requirements (product_id, platform, title, minimum, recommended) VALUES (1, 'win', 'DirectX', '', '');

INSERT INTO product_system_requirements (product_id, platform, title, minimum, recommended) VALUES (1, 'win', 'Network', '', '');

INSERT INTO product_system_requirements (product_id, platform, title, minimum, recommended) VALUES (1, 'win', 'Storage', '', '');

INSERT INTO product_system_requirements (product_id, platform, title, minimum, recommended) VALUES (1, 'win', 'Additional Notes', '', '');

INSERT INTO product_system_requirements (product_id, platform, title, minimum, recommended) VALUES (1, 'linux', 'OS', '', '');

INSERT INTO product_system_requirements (product_id, platform, title, minimum, recommended) VALUES (1, 'linux', 'Processor', '', '');

INSERT INTO product_system_requirements (product_id, platform, title, minimum, recommended) VALUES (1, 'linux', 'Memory', '', '');

INSERT INTO product_system_requirements (product_id, platform, title, minimum, recommended) VALUES (1, 'linux', 'Graphics', '', '');

INSERT INTO product_system_requirements (product_id, platform, title, minimum, recommended) VALUES (1, 'linux', 'DirectX', '', '');

INSERT INTO product_system_requirements (product_id, platform, title, minimum, recommended) VALUES (1, 'linux', 'Network', '', '');

INSERT INTO product_system_requirements (product_id, platform, title, minimum, recommended) VALUES (1, 'linux', 'Storage', '', '');

INSERT INTO product_system_requirements (product_id, platform, title, minimum, recommended) VALUES (1, 'linux', 'Additional Notes', '', '');

INSERT INTO product_screenshots (product_id, screenshot) VALUES
(1, 'https://shared.fastly.steamstatic.com/store_item_assets/steam/apps/730/ss_796601d9d67faf53486eeb26d0724347cea67ddc.1920x1080.jpg?t=1729703045'),
(1, 'https://shared.fastly.steamstatic.com/store_item_assets/steam/apps/730/ss_d830cfd0550fbb64d80e803e93c929c3abb02056.1920x1080.jpg?t=1729703045'),
(1, 'https://shared.fastly.steamstatic.com/store_item_assets/steam/apps/730/ss_13bb35638c0267759276f511ee97064773b37a51.1920x1080.jpg?t=1729703045'),
(1, 'https://shared.fastly.steamstatic.com/store_item_assets/steam/apps/730/ss_0f8cf82d019c614760fd20801f2bb4001da7ea77.1920x1080.jpg?t=1729703045'),
(1, 'https://shared.fastly.steamstatic.com/store_item_assets/steam/apps/730/ss_ef82850f036dac5772cb07dbc2d1116ea13eb163.1920x1080.jpg?t=1729703045'),
(1, 'https://shared.fastly.steamstatic.com/store_item_assets/steam/apps/730/ss_76f6730dbb911650ba1f41c8e5b4bac638b5beea.1920x1080.jpg?t=1729703045'),
(1, 'https://shared.fastly.steamstatic.com/store_item_assets/steam/apps/730/ss_808cdd373d78c3cf3a78e7026ebb1a15895e0670.1920x1080.jpg?t=1729703045'),
(1, 'https://shared.fastly.steamstatic.com/store_item_assets/steam/apps/730/ss_ef98db5d5a4d877531a5567df082b0fb62d75c80.1920x1080.jpg?t=1729703045'),
(1, 'https://shared.fastly.steamstatic.com/store_item_assets/steam/apps/730/ss_2254a50f27951fb9028bc00b93a7f2ed7aac1e13.1920x1080.jpg?t=1729703045'),
(1, 'https://shared.fastly.steamstatic.com/store_item_assets/steam/apps/730/ss_54b9c26b028c84d5f8a5316f31ae6203953ed84d.1920x1080.jpg?t=1729703045'),
(1, 'https://shared.fastly.steamstatic.com/store_item_assets/steam/apps/730/ss_1b3b5fd437939a7ed00a2155269e78994cb998d3.1920x1080.jpg?t=1729703045'),
(1, 'https://shared.fastly.steamstatic.com/store_item_assets/steam/apps/730/ss_352666c1949ce3966bd966d6ea5a1afd532257bc.1920x1080.jpg?t=1729703045'),
(1, 'https://shared.fastly.steamstatic.com/store_item_assets/steam/apps/730/ss_63d2733b9b4ace01a41d5ba8afd653245d05d54a.1920x1080.jpg?t=1729703045'),
(1, 'https://shared.fastly.steamstatic.com/store_item_assets/steam/apps/730/ss_fe70d46859593aef623a0614f4686e2814405035.1920x1080.jpg?t=1729703045'),
(1, 'https://shared.fastly.steamstatic.com/store_item_assets/steam/apps/730/ss_bb2af3e83ac0385ff2055f2ab9697cdd83e351b7.1920x1080.jpg?t=1729703045'),
(1, 'https://shared.fastly.steamstatic.com/store_item_assets/steam/apps/730/ss_fb8e5e2ae29ce64e2898315c66b5db08989e8f91.1920x1080.jpg?t=1729703045'),
(1, 'https://shared.fastly.steamstatic.com/store_item_assets/steam/apps/730/ss_0db84c628a798e38ca57d69abda119bee1358008.1920x1080.jpg?t=1729703045'),
(1, 'https://shared.fastly.steamstatic.com/store_item_assets/steam/apps/730/ss_18e9ea2715f0407ee05e206073927a648db60d73.1920x1080.jpg?t=1729703045'),
(1, 'https://shared.fastly.steamstatic.com/store_item_assets/steam/apps/730/ss_2514675f364079b754b820cbc8b2e7c331d56a26.1920x1080.jpg?t=1729703045');

INSERT INTO product_videos (product_id, mp4, webm, thumbnail) VALUES
(1, 'https://video.fastly.steamstatic.com/store_trailers/256972298/movie480.mp4?t=1696005467', 'https://video.fastly.steamstatic.com/store_trailers/256972298/movie480_vp9.webm?t=1696005467', 'https://shared.fastly.steamstatic.com/store_item_assets/steam/apps/256972298/movie.293x165.jpg?t=1696005467'),
(1, 'https://video.fastly.steamstatic.com/store_trailers/256970298/movie480.mp4?t=1696005475', 'https://video.fastly.steamstatic.com/store_trailers/256970298/movie480_vp9.webm?t=1696005475', 'https://shared.fastly.steamstatic.com/store_item_assets/steam/apps/256970298/movie.293x165.jpg?t=1696005475'),
(1, 'https://video.fastly.steamstatic.com/store_trailers/256969703/movie480.mp4?t=1696005483', 'https://video.fastly.steamstatic.com/store_trailers/256969703/movie480_vp9.webm?t=1696005483', 'https://shared.fastly.steamstatic.com/store_item_assets/steam/apps/256969703/movie.293x165.jpg?t=1696005483'),
(1, 'https://video.fastly.steamstatic.com/store_trailers/256969690/movie480.mp4?t=1696005491', 'https://video.fastly.steamstatic.com/store_trailers/256969690/movie480_vp9.webm?t=1696005491', 'https://shared.fastly.steamstatic.com/store_item_assets/steam/apps/256969690/movie.293x165.jpg?t=1696005491');

INSERT INTO products (id, title, type, description, price, discount, discountStartDate, discountEndDate, releaseDate, rating, isActive, headerImage)
VALUES (3, 'Dota 2', 'Game', 'Every day, millions of players worldwide enter battle as one of over a hundred Dota heroes. And no matter if it''s their 10th hour of play or 1,000th, there''s always something new to discover. With regular updates that ensure a constant evolution of gameplay, features, and heroes, Dota 2 has taken on a life of its own.', 0, 0, NULL, NULL, '2013-07-10', 0, TRUE, 'https://shared.fastly.steamstatic.com/store_item_assets/steam/apps/570/header.jpg?t=1731544174');

INSERT INTO product_developers (product_id, developer) VALUES
(3, 'Valve');

INSERT INTO product_publishers (product_id, publisher) VALUES
(3, 'Valve');

INSERT INTO product_platforms (product_id, platform) VALUES
(3, 'Windows');

INSERT INTO product_genres (product_id, genre) VALUES
(3, 'Action'),
(3, 'Strategy'),
(3, 'Free To Play');

INSERT INTO product_tags (product_id, tag) VALUES
(3, 'Free to Play'),
(3, 'MOBA'),
(3, 'Multiplayer'),
(3, 'Strategy'),
(3, 'eSports'),
(3, 'Team-Based'),
(3, 'Competitive'),
(3, 'Action'),
(3, 'Online Co-Op'),
(3, 'PvP'),
(3, 'Difficult'),
(3, 'Co-op'),
(3, 'RTS'),
(3, 'RPG'),
(3, 'Tower Defense'),
(3, 'Fantasy'),
(3, 'Character Customization'),
(3, 'Replay Value'),
(3, 'Action RPG'),
(3, 'Simulation');

INSERT INTO product_features (product_id, feature) VALUES
(3, 'Steam Trading Cards'),
(3, 'Steam Workshop'),
(3, 'SteamVR Collectibles'),
(3, 'In-App Purchases'),
(3, 'Steam Timeline');

INSERT INTO product_system_requirements (product_id, platform, title, minimum, recommended) VALUES (3, 'win', 'OS', '', '');

INSERT INTO product_system_requirements (product_id, platform, title, minimum, recommended) VALUES (3, 'win', 'Processor', '', '');

INSERT INTO product_system_requirements (product_id, platform, title, minimum, recommended) VALUES (3, 'win', 'Memory', '', '');

INSERT INTO product_system_requirements (product_id, platform, title, minimum, recommended) VALUES (3, 'win', 'Graphics', '', '');

INSERT INTO product_system_requirements (product_id, platform, title, minimum, recommended) VALUES (3, 'win', 'DirectX', '', '');

INSERT INTO product_system_requirements (product_id, platform, title, minimum, recommended) VALUES (3, 'win', 'Network', '', '');

INSERT INTO product_system_requirements (product_id, platform, title, minimum, recommended) VALUES (3, 'win', 'Storage', '', '');

INSERT INTO product_system_requirements (product_id, platform, title, minimum, recommended) VALUES (3, 'win', 'Additional Notes', '', '');

INSERT INTO product_system_requirements (product_id, platform, title, minimum, recommended) VALUES (3, 'mac', 'OS', '', '');

INSERT INTO product_system_requirements (product_id, platform, title, minimum, recommended) VALUES (3, 'mac', 'Processor', '', '');

INSERT INTO product_system_requirements (product_id, platform, title, minimum, recommended) VALUES (3, 'mac', 'Memory', '', '');

INSERT INTO product_system_requirements (product_id, platform, title, minimum, recommended) VALUES (3, 'mac', 'Graphics', '', '');

INSERT INTO product_system_requirements (product_id, platform, title, minimum, recommended) VALUES (3, 'mac', 'DirectX', '', '');

INSERT INTO product_system_requirements (product_id, platform, title, minimum, recommended) VALUES (3, 'mac', 'Network', '', '');

INSERT INTO product_system_requirements (product_id, platform, title, minimum, recommended) VALUES (3, 'mac', 'Storage', '', '');

INSERT INTO product_system_requirements (product_id, platform, title, minimum, recommended) VALUES (3, 'mac', 'Additional Notes', '', '');

INSERT INTO product_system_requirements (product_id, platform, title, minimum, recommended) VALUES (3, 'linux', 'OS', '', '');

INSERT INTO product_system_requirements (product_id, platform, title, minimum, recommended) VALUES (3, 'linux', 'Processor', '', '');

INSERT INTO product_system_requirements (product_id, platform, title, minimum, recommended) VALUES (3, 'linux', 'Memory', '', '');

INSERT INTO product_system_requirements (product_id, platform, title, minimum, recommended) VALUES (3, 'linux', 'Graphics', '', '');

INSERT INTO product_system_requirements (product_id, platform, title, minimum, recommended) VALUES (3, 'linux', 'DirectX', '', '');

INSERT INTO product_system_requirements (product_id, platform, title, minimum, recommended) VALUES (3, 'linux', 'Network', '', '');

INSERT INTO product_system_requirements (product_id, platform, title, minimum, recommended) VALUES (3, 'linux', 'Storage', '', '');

INSERT INTO product_system_requirements (product_id, platform, title, minimum, recommended) VALUES (3, 'linux', 'Additional Notes', '', '');

INSERT INTO product_screenshots (product_id, screenshot) VALUES
(3, 'https://shared.fastly.steamstatic.com/store_item_assets/steam/apps/570/ss_ad8eee787704745ccdecdfde3a5cd2733704898d.1920x1080.jpg?t=1731544174'),
(3, 'https://shared.fastly.steamstatic.com/store_item_assets/steam/apps/570/ss_7ab506679d42bfc0c0e40639887176494e0466d9.1920x1080.jpg?t=1731544174'),
(3, 'https://shared.fastly.steamstatic.com/store_item_assets/steam/apps/570/ss_c9118375a2400278590f29a3537769c986ef6e39.1920x1080.jpg?t=1731544174'),
(3, 'https://shared.fastly.steamstatic.com/store_item_assets/steam/apps/570/ss_f9ebafedaf2d5cfb80ef1f74baa18eb08cad6494.1920x1080.jpg?t=1731544174'),
(3, 'https://shared.fastly.steamstatic.com/store_item_assets/steam/apps/570/ss_27b6345f22243bd6b885cc64c5cda74e4bd9c3e8.1920x1080.jpg?t=1731544174'),
(3, 'https://shared.fastly.steamstatic.com/store_item_assets/steam/apps/570/ss_b33a65678dc71cc98df4890e22a89601ee56a918.1920x1080.jpg?t=1731544174'),
(3, 'https://shared.fastly.steamstatic.com/store_item_assets/steam/apps/570/ss_d0f973ce376ca5b6c08e081cb035e86ced105fa9.1920x1080.jpg?t=1731544174'),
(3, 'https://shared.fastly.steamstatic.com/store_item_assets/steam/apps/570/ss_1f3b5f5ccf8b159294914c3fe028128a787304b6.1920x1080.jpg?t=1731544174'),
(3, 'https://shared.fastly.steamstatic.com/store_item_assets/steam/apps/570/ss_e0a92f15a6631a8186df79182d0fe28b5e37d8cb.1920x1080.jpg?t=1731544174'),
(3, 'https://shared.fastly.steamstatic.com/store_item_assets/steam/apps/570/ss_86d675fdc73ba10462abb8f5ece7791c5047072c.1920x1080.jpg?t=1731544174');

INSERT INTO product_videos (product_id, mp4, webm, thumbnail) VALUES
(3, 'https://video.fastly.steamstatic.com/store_trailers/256692021/movie480.mp4?t=1731033148', 'https://video.fastly.steamstatic.com/store_trailers/256692021/movie480.webm?t=1731033148', 'https://shared.fastly.steamstatic.com/store_item_assets/steam/apps/256692021/movie.293x165.jpg?t=1731033148'),
(3, 'https://video.fastly.steamstatic.com/store_trailers/256819789/movie480.mp4?t=1731033153', 'https://video.fastly.steamstatic.com/store_trailers/256819789/movie480_vp9.webm?t=1731033153', 'https://shared.fastly.steamstatic.com/store_item_assets/steam/apps/256819789/movie.293x165.jpg?t=1731033153'),
(3, 'https://video.fastly.steamstatic.com/store_trailers/2028243/movie480.mp4?t=1731033161', 'https://video.fastly.steamstatic.com/store_trailers/2028243/movie480.webm?t=1731033161', 'https://shared.fastly.steamstatic.com/store_item_assets/steam/apps/2028243/movie.293x165.jpg?t=1731033161'),
(3, 'https://video.fastly.steamstatic.com/store_trailers/81026/movie480.mp4?t=1731033166', 'https://video.fastly.steamstatic.com/store_trailers/81026/movie480.webm?t=1731033166', 'https://shared.fastly.steamstatic.com/store_item_assets/steam/apps/81026/movie.293x165.jpg?t=1731033166'),
(3, 'https://video.fastly.steamstatic.com/store_trailers/2040250/movie480.mp4?t=1731033170', 'https://video.fastly.steamstatic.com/store_trailers/2040250/movie480.webm?t=1731033170', 'https://shared.fastly.steamstatic.com/store_item_assets/steam/apps/2040250/movie.293x165.jpg?t=1731033170');

INSERT INTO products (id, title, type, description, price, discount, discountStartDate, discountEndDate, releaseDate, rating, isActive, headerImage)
VALUES (2, 'PUBG: BATTLEGROUNDS', 'Game', 'Play PUBG: BATTLEGROUNDS for free. Land on strategic locations, loot weapons and supplies, and survive to become the last team standing across various, diverse Battlegrounds. Squad up and join the Battlegrounds for the original Battle Royale experience that only PUBG: BATTLEGROUNDS can offer.', 0, 0, NULL, NULL, '2017-12-21', 0, TRUE, 'https://shared.fastly.steamstatic.com/store_item_assets/steam/apps/578080/header.jpg?t=1736389084');

INSERT INTO product_developers (product_id, developer) VALUES
(2, 'PUBG Corporation');

INSERT INTO product_publishers (product_id, publisher) VALUES
(2, 'KRAFTON, Inc.');

INSERT INTO product_platforms (product_id, platform) VALUES
(2, 'Windows');

INSERT INTO product_genres (product_id, genre) VALUES
(2, 'Action'),
(2, 'Adventure'),
(2, 'Massively Multiplayer'),
(2, 'Free To Play');

INSERT INTO product_tags (product_id, tag) VALUES
(2, 'Survival'),
(2, 'Shooter'),
(2, 'Battle Royale'),
(2, 'Multiplayer'),
(2, 'FPS'),
(2, 'PvP'),
(2, 'Third-Person Shooter'),
(2, 'Action'),
(2, 'Online Co-Op'),
(2, 'Tactical'),
(2, 'Co-op'),
(2, 'First-Person'),
(2, 'Strategy'),
(2, 'Early Access'),
(2, 'Competitive'),
(2, 'Third Person'),
(2, 'Team-Based'),
(2, 'Difficult'),
(2, 'Simulation'),
(2, 'Stealth');

INSERT INTO product_features (product_id, feature) VALUES
(2, 'Online PvP'),
(2, 'Stats'),
(2, 'Remote Play on Phone'),
(2, 'Remote Play on Tablet');

INSERT INTO product_system_requirements (product_id, platform, title, minimum, recommended) VALUES (2, 'win', 'OS', '64-bit Windows 10', '64-bit Windows 10');

INSERT INTO product_system_requirements (product_id, platform, title, minimum, recommended) VALUES (2, 'win', 'Processor', 'Intel Core i5-4430 / AMD FX-6300', 'Intel Core i5-6600K / AMD Ryzen 5 1600');

INSERT INTO product_system_requirements (product_id, platform, title, minimum, recommended) VALUES (2, 'win', 'Memory', '8 GB RAM', '16 GB RAM');

INSERT INTO product_system_requirements (product_id, platform, title, minimum, recommended) VALUES (2, 'win', 'Graphics', 'NVIDIA GeForce GTX 960 2GB / AMD Radeon R7 370 2GB', 'NVIDIA GeForce GTX 1060 3GB / AMD Radeon RX 580 4GB');

INSERT INTO product_system_requirements (product_id, platform, title, minimum, recommended) VALUES (2, 'win', 'DirectX', 'Version 11', 'Version 11');

INSERT INTO product_system_requirements (product_id, platform, title, minimum, recommended) VALUES (2, 'win', 'Network', 'Broadband Internet connection', 'Broadband Internet connection');

INSERT INTO product_system_requirements (product_id, platform, title, minimum, recommended) VALUES (2, 'win', 'Storage', '40 GB available space', '50 GB available space');

INSERT INTO product_system_requirements (product_id, platform, title, minimum, recommended) VALUES (2, 'win', 'Additional Notes', '', '');

INSERT INTO product_screenshots (product_id, screenshot) VALUES
(2, 'https://shared.fastly.steamstatic.com/store_item_assets/steam/apps/578080/ss_1d009689dcded2de5771af55fb7134a77c4da642.1920x1080.jpg?t=1736389084'),
(2, 'https://shared.fastly.steamstatic.com/store_item_assets/steam/apps/578080/ss_2da334ea597d9588aaa8c716d71b3c2e60a69853.1920x1080.jpg?t=1736389084'),
(2, 'https://shared.fastly.steamstatic.com/store_item_assets/steam/apps/578080/ss_fe5340f8ea6e0d2f3899ef1e7d2ebdfc07e32f67.1920x1080.jpg?t=1736389084'),
(2, 'https://shared.fastly.steamstatic.com/store_item_assets/steam/apps/578080/ss_1fc0cca99883a1dbaeaadfffc1492f81e4e77d32.1920x1080.jpg?t=1736389084'),
(2, 'https://shared.fastly.steamstatic.com/store_item_assets/steam/apps/578080/ss_66e156cf716e72096c15c132c3443e774cb2f9a5.1920x1080.jpg?t=1736389084'),
(2, 'https://shared.fastly.steamstatic.com/store_item_assets/steam/apps/578080/ss_63bb4a659968c3417ddd2ea5fd82cd2143e458a0.1920x1080.jpg?t=1736389084'),
(2, 'https://shared.fastly.steamstatic.com/store_item_assets/steam/apps/578080/ss_3857268f02113c5095ff7bc73f814bd80ade8c2e.1920x1080.jpg?t=1736389084'),
(2, 'https://shared.fastly.steamstatic.com/store_item_assets/steam/apps/578080/ss_034714c0f118657ac694c5b9c43bb647ed9ec051.1920x1080.jpg?t=1736389084'),
(2, 'https://shared.fastly.steamstatic.com/store_item_assets/steam/apps/578080/ss_f148e1cd44da2972d1b61da1e12b7b3587c1f6a3.1920x1080.jpg?t=1736389084'),
(2, 'https://shared.fastly.steamstatic.com/store_item_assets/steam/apps/578080/ss_c2456a0981b61eca4e84d3ff62fff6c78d61a6d0.1920x1080.jpg?t=1736389084'),
(2, 'https://shared.fastly.steamstatic.com/store_item_assets/steam/apps/578080/ss_23af2e59855a833c22d0c11ca23a719f54a554ff.1920x1080.jpg?t=1736389084'),
(2, 'https://shared.fastly.steamstatic.com/store_item_assets/steam/apps/578080/ss_8814c071f0cce53821d8e1b1a96de78d00e5d4d1.1920x1080.jpg?t=1736389084'),
(2, 'https://shared.fastly.steamstatic.com/store_item_assets/steam/apps/578080/ss_109d7072cf85f5b3b1e3dacadf3009718db451c4.1920x1080.jpg?t=1736389084'),
(2, 'https://shared.fastly.steamstatic.com/store_item_assets/steam/apps/578080/ss_4bbcaeac1ef977d962c60c1a5e4675cdd81de564.1920x1080.jpg?t=1736389084'),
(2, 'https://shared.fastly.steamstatic.com/store_item_assets/steam/apps/578080/ss_5fe3d8ce7e90442569fc676e2315fffdf81dd1a5.1920x1080.jpg?t=1736389084'),
(2, 'https://shared.fastly.steamstatic.com/store_item_assets/steam/apps/578080/ss_2b1f73afd6efb1952ee267e94f8bcc24ec5e8fb3.1920x1080.jpg?t=1736389084'),
(2, 'https://shared.fastly.steamstatic.com/store_item_assets/steam/apps/578080/ss_52773275afe4c34a84fbf38e9960a598a420b3c2.1920x1080.jpg?t=1736389084'),
(2, 'https://shared.fastly.steamstatic.com/store_item_assets/steam/apps/578080/ss_c98c609e2f07c80c8455624cc62696c9dde9ea73.1920x1080.jpg?t=1736389084'),
(2, 'https://shared.fastly.steamstatic.com/store_item_assets/steam/apps/578080/ss_07590e851053a453e09c7d6f272adf602c3f8ee8.1920x1080.jpg?t=1736389084'),
(2, 'https://shared.fastly.steamstatic.com/store_item_assets/steam/apps/578080/ss_56d29e4503ba1a74047feb55986c6bf4ca4297f9.1920x1080.jpg?t=1736389084'),
(2, 'https://shared.fastly.steamstatic.com/store_item_assets/steam/apps/578080/ss_f96bc802fb38617ce790c0950b87a7979f096025.1920x1080.jpg?t=1736389084'),
(2, 'https://shared.fastly.steamstatic.com/store_item_assets/steam/apps/578080/ss_108e2981889423b057b778cd07ae25ac18406cf1.1920x1080.jpg?t=1736389084'),
(2, 'https://shared.fastly.steamstatic.com/store_item_assets/steam/apps/578080/ss_a403a1f4071d36d42bea7a505089b56b570b2569.1920x1080.jpg?t=1736389084');

INSERT INTO products (id, title, type, description, price, discount, discountStartDate, discountEndDate, releaseDate, rating, isActive, headerImage)
VALUES (12, 'Marvel Rivals', 'Game', 'Marvel Rivals is a Super Hero Team-Based PVP Shooter! Assemble an all-star Marvel squad, devise countless strategies by combining powers to form unique Team-Up skills and fight in destructible, ever-changing battlefields across the continually evolving Marvel universe!', 0, 0, NULL, NULL, '2024-12-06', 0, TRUE, 'https://shared.fastly.steamstatic.com/store_item_assets/steam/apps/2767030/header.jpg?t=1736492430');

INSERT INTO product_developers (product_id, developer) VALUES
(12, 'NetEase Games');

INSERT INTO product_publishers (product_id, publisher) VALUES
(12, 'NetEase Games');

INSERT INTO product_platforms (product_id, platform) VALUES
(12, 'Windows');

INSERT INTO product_genres (product_id, genre) VALUES
(12, 'Action'),
(12, 'Free To Play');

INSERT INTO product_tags (product_id, tag) VALUES
(12, 'Free to Play'),
(12, 'Multiplayer'),
(12, 'Hero Shooter'),
(12, 'Third-Person Shooter'),
(12, 'Superhero'),
(12, 'Action'),
(12, 'PvP'),
(12, 'Team-Based'),
(12, 'Competitive'),
(12, 'Shooter'),
(12, 'Strategy'),
(12, '3D'),
(12, 'Co-op'),
(12, 'Online Co-Op'),
(12, 'Sci-fi'),
(12, 'Third Person'),
(12, 'Sexual Content'),
(12, 'MOBA'),
(12, 'FPS'),
(12, 'Cyberpunk');

INSERT INTO product_features (product_id, feature) VALUES
(12, 'Online PvP'),
(12, 'Online Co-op'),
(12, 'Cross-Platform Multiplayer'),
(12, 'Steam Achievements'),
(12, 'In-App Purchases');

INSERT INTO product_system_requirements (product_id, platform, title, minimum, recommended) VALUES (12, 'win', 'OS', 'Windows 10 64-bit (1909 or newer)', 'Windows 10 64-bit (1909 or newer)');

INSERT INTO product_system_requirements (product_id, platform, title, minimum, recommended) VALUES (12, 'win', 'Processor', 'Intel Core i5-6600K or AMD Ryzen 5 1600X', 'Intel Core i5-10400 or AMD Ryzen 5 5600X');

INSERT INTO product_system_requirements (product_id, platform, title, minimum, recommended) VALUES (12, 'win', 'Memory', '16 GB RAM', '16 GB RAM');

INSERT INTO product_system_requirements (product_id, platform, title, minimum, recommended) VALUES (12, 'win', 'Graphics', 'NVIDIA GeForce GTX 1060 / AMD RX 580 / Intel Arc A380', 'NVIDIA GeForce RTX 2060 (Super) / AMD RX 5700-XT / Intel Arc A750');

INSERT INTO product_system_requirements (product_id, platform, title, minimum, recommended) VALUES (12, 'win', 'DirectX', 'Version 12', 'Version 12');

INSERT INTO product_system_requirements (product_id, platform, title, minimum, recommended) VALUES (12, 'win', 'Network', 'Broadband Internet connection', 'Broadband Internet connection');

INSERT INTO product_system_requirements (product_id, platform, title, minimum, recommended) VALUES (12, 'win', 'Storage', '70 GB available space', '70 GB available space');

INSERT INTO product_system_requirements (product_id, platform, title, minimum, recommended) VALUES (12, 'win', 'Additional Notes', 'We recommend you install the game on SSD drive for better experience.', 'We recommend you install the game on SSD drive for better experience.');

INSERT INTO product_screenshots (product_id, screenshot) VALUES
(12, 'https://shared.fastly.steamstatic.com/store_item_assets/steam/apps/2767030/ss_87923a8e7d294db69069e3451664115bb373013d.1920x1080.jpg?t=1736492430'),
(12, 'https://shared.fastly.steamstatic.com/store_item_assets/steam/apps/2767030/ss_51dfe5152a8dcaf375a71d0d07433af334bf7a84.1920x1080.jpg?t=1736492430'),
(12, 'https://shared.fastly.steamstatic.com/store_item_assets/steam/apps/2767030/ss_719f339a932cb46a9e3e780f27b588ad2e3c4885.1920x1080.jpg?t=1736492430'),
(12, 'https://shared.fastly.steamstatic.com/store_item_assets/steam/apps/2767030/ss_88342e4a52d65847075da15708fe1f2eed120aff.1920x1080.jpg?t=1736492430'),
(12, 'https://shared.fastly.steamstatic.com/store_item_assets/steam/apps/2767030/ss_aeff28ffd8287327320450ae6767ba9d426799f5.1920x1080.jpg?t=1736492430'),
(12, 'https://shared.fastly.steamstatic.com/store_item_assets/steam/apps/2767030/ss_6ec512a7297d364e312b5469967c8fd8ac537156.1920x1080.jpg?t=1736492430'),
(12, 'https://shared.fastly.steamstatic.com/store_item_assets/steam/apps/2767030/ss_0d4e50195c83a34e794c87f98ba9bc2c9df9567a.1920x1080.jpg?t=1736492430'),
(12, 'https://shared.fastly.steamstatic.com/store_item_assets/steam/apps/2767030/ss_1302f14dad5ecce2f2f680a2d916ec8a6ddafbe3.1920x1080.jpg?t=1736492430'),
(12, 'https://shared.fastly.steamstatic.com/store_item_assets/steam/apps/2767030/ss_eb0cc420ce9c5bc931443864c9691972d1cfbca8.1920x1080.jpg?t=1736492430'),
(12, 'https://shared.fastly.steamstatic.com/store_item_assets/steam/apps/2767030/ss_067af77a8aa8f6829a425f83cd6d40270033140c.1920x1080.jpg?t=1736492430'),
(12, 'https://shared.fastly.steamstatic.com/store_item_assets/steam/apps/2767030/ss_bb1b41f488c50516777ddef1ed11de81f1b2b3ec.1920x1080.jpg?t=1736492430'),
(12, 'https://shared.fastly.steamstatic.com/store_item_assets/steam/apps/2767030/ss_2c4b11708f483c5ffe41ba186391938cd3b01fce.1920x1080.jpg?t=1736492430'),
(12, 'https://shared.fastly.steamstatic.com/store_item_assets/steam/apps/2767030/ss_60ba3d93b7df2a5e022de9865966b6f796b050f9.1920x1080.jpg?t=1736492430'),
(12, 'https://shared.fastly.steamstatic.com/store_item_assets/steam/apps/2767030/ss_cc9d63cac270bfc60ff323948475100758d57e01.1920x1080.jpg?t=1736492430'),
(12, 'https://shared.fastly.steamstatic.com/store_item_assets/steam/apps/2767030/ss_aa7bb527c2c8ad20fac88b002dbc223693e65a41.1920x1080.jpg?t=1736492430'),
(12, 'https://shared.fastly.steamstatic.com/store_item_assets/steam/apps/2767030/ss_39673c4cd30ea2c2c5377da63126f83a76806cba.1920x1080.jpg?t=1736492430'),
(12, 'https://shared.fastly.steamstatic.com/store_item_assets/steam/apps/2767030/ss_58fe01de67ea63dc1dd0bd44c4931b4e44aad7a5.1920x1080.jpg?t=1736492430'),
(12, 'https://shared.fastly.steamstatic.com/store_item_assets/steam/apps/2767030/ss_7a0f72bf3bc1d7878c6898a07d5a3e302b8c60ad.1920x1080.jpg?t=1736492430'),
(12, 'https://shared.fastly.steamstatic.com/store_item_assets/steam/apps/2767030/ss_511e3ef8bf74e71bd156dd28449c24413c676234.1920x1080.jpg?t=1736492430'),
(12, 'https://shared.fastly.steamstatic.com/store_item_assets/steam/apps/2767030/ss_87c4d1a05a84c330e19f932dd4440365173ab12d.1920x1080.jpg?t=1736492430'),
(12, 'https://shared.fastly.steamstatic.com/store_item_assets/steam/apps/2767030/ss_97287cd84684ed944ada62b14185c25d985f13fa.1920x1080.jpg?t=1736492430'),
(12, 'https://shared.fastly.steamstatic.com/store_item_assets/steam/apps/2767030/ss_959c2ea2f9129e4fb56e0b8ef7f78e498ab9866e.1920x1080.jpg?t=1736492430');

INSERT INTO product_videos (product_id, mp4, webm, thumbnail) VALUES
(12, 'https://video.fastly.steamstatic.com/store_trailers/257087760/movie480.mp4?t=1736492424', 'https://video.fastly.steamstatic.com/store_trailers/257087760/movie480_vp9.webm?t=1736492424', 'https://shared.fastly.steamstatic.com/store_item_assets/steam/apps/257087760/7555ef11f912c258fe844ef2c37cdb79c87be4f9/movie_600x337.jpg?t=1736492424'),
(12, 'https://video.fastly.steamstatic.com/store_trailers/257009674/movie480.mp4?t=1722825586', 'https://video.fastly.steamstatic.com/store_trailers/257009674/movie480_vp9.webm?t=1722825586', 'https://shared.fastly.steamstatic.com/store_item_assets/steam/apps/257009674/movie.293x165.jpg?t=1722825586'),
(12, 'https://video.fastly.steamstatic.com/store_trailers/257077891/movie480.mp4?t=1732982458', 'https://video.fastly.steamstatic.com/store_trailers/257077891/movie480_vp9.webm?t=1732982458', 'https://shared.fastly.steamstatic.com/store_item_assets/steam/apps/257077891/aed38ebb85853c92d4547eb61f84426d46300cab/movie_600x337.jpg?t=1732982458'),
(12, 'https://video.fastly.steamstatic.com/store_trailers/257079154/movie480.mp4?t=1733439843', 'https://video.fastly.steamstatic.com/store_trailers/257079154/movie480_vp9.webm?t=1733439843', 'https://shared.fastly.steamstatic.com/store_item_assets/steam/apps/257079154/62f1040a690454107b94e34929538941925ef22d/movie_600x337.jpg?t=1733439843'),
(12, 'https://video.fastly.steamstatic.com/store_trailers/257040847/movie480.mp4?t=1722825582', 'https://video.fastly.steamstatic.com/store_trailers/257040847/movie480_vp9.webm?t=1722825582', 'https://shared.fastly.steamstatic.com/store_item_assets/steam/apps/257040847/movie.293x165.jpg?t=1722825582'),
(12, 'https://video.fastly.steamstatic.com/store_trailers/257048751/movie480.mp4?t=1724398203', 'https://video.fastly.steamstatic.com/store_trailers/257048751/movie480_vp9.webm?t=1724398203', 'https://shared.fastly.steamstatic.com/store_item_assets/steam/apps/257048751/movie.293x165.jpg?t=1724398203');

INSERT INTO products (id, title, type, description, price, discount, discountStartDate, discountEndDate, releaseDate, rating, isActive, headerImage)
VALUES (14, 'Path of Exile 2', 'Game', 'Path of Exile 2 is a next generation Action RPG from Grinding Gear Games, featuring co-op for up to six players. Set years after the original Path of Exile, you will return to the dark world of Wraeclast and seek to end the corruption that is spreading.', 29.99, 0, NULL, NULL, '2024-12-07', 0, TRUE, 'https://shared.fastly.steamstatic.com/store_item_assets/steam/apps/2694490/header.jpg?t=1736126604');

INSERT INTO product_developers (product_id, developer) VALUES
(14, 'Grinding Gear Games');

INSERT INTO product_publishers (product_id, publisher) VALUES
(14, 'Grinding Gear Games');

INSERT INTO product_platforms (product_id, platform) VALUES
(14, 'Windows');

INSERT INTO product_genres (product_id, genre) VALUES
(14, 'Action'),
(14, 'Adventure'),
(14, 'Massively Multiplayer'),
(14, 'RPG'),
(14, 'Early Access');

INSERT INTO product_tags (product_id, tag) VALUES
(14, 'Action RPG'),
(14, 'Hack and Slash'),
(14, 'RPG'),
(14, 'Souls-like'),
(14, 'Action'),
(14, 'Dark Fantasy'),
(14, 'Loot'),
(14, 'Isometric'),
(14, 'Dungeon Crawler'),
(14, 'MMORPG'),
(14, 'Adventure'),
(14, 'Multiplayer'),
(14, 'Free to Play'),
(14, 'Online Co-Op'),
(14, 'Crafting'),
(14, 'Character Customization'),
(14, 'Horror'),
(14, 'Inventory Management'),
(14, 'Early Access'),
(14, 'Dark');

INSERT INTO product_features (product_id, feature) VALUES
(14, 'Single-player'),
(14, 'MMO'),
(14, 'Online Co-op'),
(14, 'HDR available');

INSERT INTO product_system_requirements (product_id, platform, title, minimum, recommended) VALUES (14, 'win', 'OS', 'Windows 10', 'Windows 10');

INSERT INTO product_system_requirements (product_id, platform, title, minimum, recommended) VALUES (14, 'win', 'Processor', 'Intel® Core™ i7-7700 or AMD™ Ryzen 5 2500x', 'Intel® Core™ i5-10500 or AMD™ Ryzen 5 3700X');

INSERT INTO product_system_requirements (product_id, platform, title, minimum, recommended) VALUES (14, 'win', 'Memory', '8 GB RAM', '16 GB RAM');

INSERT INTO product_system_requirements (product_id, platform, title, minimum, recommended) VALUES (14, 'win', 'Graphics', 'NVIDIA® GeForce® GTX 960 (3GB), Intel® Arc™ A380, or ATI Radeon™ RX 470', 'NVIDIA® GeForce® RTX 2060, Intel® Arc™ A770, or ATI Radeon™ RX 5600XT');

INSERT INTO product_system_requirements (product_id, platform, title, minimum, recommended) VALUES (14, 'win', 'DirectX', 'Version 12', 'Version 12');

INSERT INTO product_system_requirements (product_id, platform, title, minimum, recommended) VALUES (14, 'win', 'Network', 'Broadband Internet connection', 'Broadband Internet connection');

INSERT INTO product_system_requirements (product_id, platform, title, minimum, recommended) VALUES (14, 'win', 'Storage', '100 GB available space', '100 GB available space');

INSERT INTO product_system_requirements (product_id, platform, title, minimum, recommended) VALUES (14, 'win', 'Additional Notes', 'A GPU with at least 3GB of VRAM is required', 'Solid State Storage is recommended');

INSERT INTO product_screenshots (product_id, screenshot) VALUES
(14, 'https://shared.fastly.steamstatic.com/store_item_assets/steam/apps/2694490/ss_2f4e929d04f39cda41c4bed0494d913001f97976.1920x1080.jpg?t=1736126604'),
(14, 'https://shared.fastly.steamstatic.com/store_item_assets/steam/apps/2694490/ss_e4c82b459ae286dd9c13b98b3619f82e1754713f.1920x1080.jpg?t=1736126604'),
(14, 'https://shared.fastly.steamstatic.com/store_item_assets/steam/apps/2694490/ss_2bbe25660474d02c0421a4bf348006a63fdf4c8d.1920x1080.jpg?t=1736126604'),
(14, 'https://shared.fastly.steamstatic.com/store_item_assets/steam/apps/2694490/ss_53775fd509ed9ffea3d6252ba47143a1973d4a1c.1920x1080.jpg?t=1736126604'),
(14, 'https://shared.fastly.steamstatic.com/store_item_assets/steam/apps/2694490/ss_8bf65d74e31309d415ef667161e06b20194cbc10.1920x1080.jpg?t=1736126604'),
(14, 'https://shared.fastly.steamstatic.com/store_item_assets/steam/apps/2694490/ss_c4d86df956deb78c29cc68367b30a5aa7d65f88f.1920x1080.jpg?t=1736126604'),
(14, 'https://shared.fastly.steamstatic.com/store_item_assets/steam/apps/2694490/ss_1650127faf0b8a9aafed90f8ecd909d677e12c3d.1920x1080.jpg?t=1736126604'),
(14, 'https://shared.fastly.steamstatic.com/store_item_assets/steam/apps/2694490/ss_23fde456d87b269b86d266519369ce26b1814f4e.1920x1080.jpg?t=1736126604'),
(14, 'https://shared.fastly.steamstatic.com/store_item_assets/steam/apps/2694490/ss_42544b32514fda31c3e1df4371d1fd513baba01b.1920x1080.jpg?t=1736126604'),
(14, 'https://shared.fastly.steamstatic.com/store_item_assets/steam/apps/2694490/ss_dc2ca8b4f25b7b7109eada351fc6a943ad83117f.1920x1080.jpg?t=1736126604'),
(14, 'https://shared.fastly.steamstatic.com/store_item_assets/steam/apps/2694490/ss_1f192bbed5741b8af17bc897e22c1d362846b333.1920x1080.jpg?t=1736126604'),
(14, 'https://shared.fastly.steamstatic.com/store_item_assets/steam/apps/2694490/ss_a3bf8a7d723ca947b232673a4466e8433d888596.1920x1080.jpg?t=1736126604');

INSERT INTO product_videos (product_id, mp4, webm, thumbnail) VALUES
(14, 'https://video.fastly.steamstatic.com/store_trailers/257075660/movie480.mp4?t=1732227231', 'https://video.fastly.steamstatic.com/store_trailers/257075660/movie480_vp9.webm?t=1732227231', 'https://shared.fastly.steamstatic.com/store_item_assets/steam/apps/257075660/3a53472004dab79e94c458516d1d23d5c34c86c6/movie_600x337.jpg?t=1732227231'),
(14, 'https://video.fastly.steamstatic.com/store_trailers/257030529/movie480.mp4?t=1718225751', 'https://video.fastly.steamstatic.com/store_trailers/257030529/movie480_vp9.webm?t=1718225751', 'https://shared.fastly.steamstatic.com/store_item_assets/steam/apps/257030529/movie.293x165.jpg?t=1718225751'),
(14, 'https://video.fastly.steamstatic.com/store_trailers/256982422/movie480.mp4?t=1701323414', 'https://video.fastly.steamstatic.com/store_trailers/256982422/movie480_vp9.webm?t=1701323414', 'https://shared.fastly.steamstatic.com/store_item_assets/steam/apps/256982422/movie.293x165.jpg?t=1701323414'),
(14, 'https://video.fastly.steamstatic.com/store_trailers/257010312/movie480.mp4?t=1711313494', 'https://video.fastly.steamstatic.com/store_trailers/257010312/movie480_vp9.webm?t=1711313494', 'https://shared.fastly.steamstatic.com/store_item_assets/steam/apps/257010312/movie.293x165.jpg?t=1711313494'),
(14, 'https://video.fastly.steamstatic.com/store_trailers/256986444/movie480.mp4?t=1701721292', 'https://video.fastly.steamstatic.com/store_trailers/256986444/movie480_vp9.webm?t=1701721292', 'https://shared.fastly.steamstatic.com/store_item_assets/steam/apps/256986444/movie.293x165.jpg?t=1701721292'),
(14, 'https://video.fastly.steamstatic.com/store_trailers/256982423/movie480.mp4?t=1701323419', 'https://video.fastly.steamstatic.com/store_trailers/256982423/movie480_vp9.webm?t=1701323419', 'https://shared.fastly.steamstatic.com/store_item_assets/steam/apps/256982423/movie.293x165.jpg?t=1701323419'),
(14, 'https://video.fastly.steamstatic.com/store_trailers/256982424/movie480.mp4?t=1701323424', 'https://video.fastly.steamstatic.com/store_trailers/256982424/movie480_vp9.webm?t=1701323424', 'https://shared.fastly.steamstatic.com/store_item_assets/steam/apps/256982424/movie.293x165.jpg?t=1701323424');

INSERT INTO products (id, title, type, description, price, discount, discountStartDate, discountEndDate, releaseDate, rating, isActive, headerImage)
VALUES (4, 'Grand Theft Auto V', 'Game', 'Grand Theft Auto V for PC offers players the option to explore the award-winning world of Los Santos and Blaine County in resolutions of up to 4k and beyond, as well as the chance to experience the game running at 60 frames per second.', 29.98, 0, NULL, NULL, '2015-04-14', 0, TRUE, 'https://shared.fastly.steamstatic.com/store_item_assets/steam/apps/271590/header.jpg?t=1734720459');

INSERT INTO product_developers (product_id, developer) VALUES
(4, 'Rockstar North');

INSERT INTO product_publishers (product_id, publisher) VALUES
(4, 'Rockstar Games');

INSERT INTO product_platforms (product_id, platform) VALUES
(4, 'Windows');

INSERT INTO product_genres (product_id, genre) VALUES
(4, 'Action'),
(4, 'Adventure');

INSERT INTO product_tags (product_id, tag) VALUES
(4, 'Open World'),
(4, 'Action'),
(4, 'Multiplayer'),
(4, 'Crime'),
(4, 'Automobile Sim'),
(4, 'Third Person'),
(4, 'First-Person'),
(4, 'Mature'),
(4, 'Shooter'),
(4, 'Adventure'),
(4, 'Singleplayer'),
(4, 'Third-Person Shooter'),
(4, 'Racing'),
(4, 'Co-op'),
(4, 'Sandbox'),
(4, 'Atmospheric'),
(4, 'Funny'),
(4, 'Great Soundtrack'),
(4, 'Comedy'),
(4, 'Moddable');

INSERT INTO product_features (product_id, feature) VALUES
(4, 'Single-player'),
(4, 'Online PvP'),
(4, 'Online Co-op'),
(4, 'Steam Achievements'),
(4, 'Remote Play on Phone'),
(4, 'Remote Play on Tablet'),
(4, 'Remote Play on TV');

INSERT INTO product_system_requirements (product_id, platform, title, minimum, recommended) VALUES (4, 'win', 'OS', 'Windows 10 64 Bit', 'Windows 10 64 Bit');

INSERT INTO product_system_requirements (product_id, platform, title, minimum, recommended) VALUES (4, 'win', 'Processor', 'Intel Core 2 Quad CPU Q6600 @ 2.40GHz (4 CPUs) / AMD Phenom 9850 Quad-Core Processor (4 CPUs) @ 2.5GHz', 'Intel Core i5 3470 @ 3.2GHz (4 CPUs) / AMD X8 FX-8350 @ 4GHz (8 CPUs)');

INSERT INTO product_system_requirements (product_id, platform, title, minimum, recommended) VALUES (4, 'win', 'Memory', '4 GB RAM', '8 GB RAM');

INSERT INTO product_system_requirements (product_id, platform, title, minimum, recommended) VALUES (4, 'win', 'Graphics', 'NVIDIA 9800 GT 1GB / AMD HD 4870 1GB (DX 10, 10.1, 11)', 'NVIDIA GTX 660 2GB / AMD HD 7870 2GB');

INSERT INTO product_system_requirements (product_id, platform, title, minimum, recommended) VALUES (4, 'win', 'DirectX', '', '');

INSERT INTO product_system_requirements (product_id, platform, title, minimum, recommended) VALUES (4, 'win', 'Network', '', '');

INSERT INTO product_system_requirements (product_id, platform, title, minimum, recommended) VALUES (4, 'win', 'Storage', '120 GB available space', '120 GB available space');

INSERT INTO product_system_requirements (product_id, platform, title, minimum, recommended) VALUES (4, 'win', 'Additional Notes', 'Please check the terms of service of this site before purchasing this software.', '');

INSERT INTO product_screenshots (product_id, screenshot) VALUES
(4, 'https://shared.fastly.steamstatic.com/store_item_assets/steam/apps/271590/ss_32aa18ab3175e3002217862dd5917646d298ab6b.1920x1080.jpg?t=1734720459'),
(4, 'https://shared.fastly.steamstatic.com/store_item_assets/steam/apps/271590/ss_2744f112fa060320d191a50e8b3a92441a648a56.1920x1080.jpg?t=1734720459'),
(4, 'https://shared.fastly.steamstatic.com/store_item_assets/steam/apps/271590/ss_da39c16db175f6973770bae6b91d411251763152.1920x1080.jpg?t=1734720459'),
(4, 'https://shared.fastly.steamstatic.com/store_item_assets/steam/apps/271590/ss_bd5db78286be0a7c6b2c62519099a9e27e6b06f3.1920x1080.jpg?t=1734720459'),
(4, 'https://shared.fastly.steamstatic.com/store_item_assets/steam/apps/271590/ss_b1a1cb7959d6a0e6fcb2d06ebf97a66c9055cef3.1920x1080.jpg?t=1734720459'),
(4, 'https://shared.fastly.steamstatic.com/store_item_assets/steam/apps/271590/ss_bc5fc79d3366c837372327717249a4887aa46d63.1920x1080.jpg?t=1734720459'),
(4, 'https://shared.fastly.steamstatic.com/store_item_assets/steam/apps/271590/ss_d2eb9d3e50f9e4cb8db37d2976990b3795da8187.1920x1080.jpg?t=1734720459'),
(4, 'https://shared.fastly.steamstatic.com/store_item_assets/steam/apps/271590/ss_bd944debbec9936769f6dfb39ee456ca605615e3.1920x1080.jpg?t=1734720459'),
(4, 'https://shared.fastly.steamstatic.com/store_item_assets/steam/apps/271590/ss_66daaa8e0416b805ffb9a853235e21468d6b85bc.1920x1080.jpg?t=1734720459'),
(4, 'https://shared.fastly.steamstatic.com/store_item_assets/steam/apps/271590/ss_3820844756ae43340809e247fea327025dca1e39.1920x1080.jpg?t=1734720459'),
(4, 'https://shared.fastly.steamstatic.com/store_item_assets/steam/apps/271590/ss_5eafc9316db476e74c1b38b25f15c1326f4d574a.1920x1080.jpg?t=1734720459'),
(4, 'https://shared.fastly.steamstatic.com/store_item_assets/steam/apps/271590/ss_fbb16a4376f0205178de722aa14b9d243c2a47ea.1920x1080.jpg?t=1734720459'),
(4, 'https://shared.fastly.steamstatic.com/store_item_assets/steam/apps/271590/ss_bab596ea9a6924055cd8c097bba75f052c18025d.1920x1080.jpg?t=1734720459'),
(4, 'https://shared.fastly.steamstatic.com/store_item_assets/steam/apps/271590/ss_c5df068273a036bf224c89d3fcd534811790a808.1920x1080.jpg?t=1734720459'),
(4, 'https://shared.fastly.steamstatic.com/store_item_assets/steam/apps/271590/ss_1487c2c7ddd9a1ae6b55f7e50d5d63ada6915921.1920x1080.jpg?t=1734720459'),
(4, 'https://shared.fastly.steamstatic.com/store_item_assets/steam/apps/271590/ss_ef2be2226f012c4c1bc6f04ab8ed35ca3ffc8342.1920x1080.jpg?t=1734720459'),
(4, 'https://shared.fastly.steamstatic.com/store_item_assets/steam/apps/271590/ss_3b7d6905185d1fd12eeaba603a55c0a246985f02.1920x1080.jpg?t=1734720459'),
(4, 'https://shared.fastly.steamstatic.com/store_item_assets/steam/apps/271590/ss_a3d4e239735052cd2c81722aa2930b6fcefa9bec.1920x1080.jpg?t=1734720459'),
(4, 'https://shared.fastly.steamstatic.com/store_item_assets/steam/apps/271590/ss_e8cd9901cec9bc5e7c6b8a9dc3e746fa77988a26.1920x1080.jpg?t=1734720459'),
(4, 'https://shared.fastly.steamstatic.com/store_item_assets/steam/apps/271590/ss_549709ca54069eb849986204adb0fe438853e48d.1920x1080.jpg?t=1734720459'),
(4, 'https://shared.fastly.steamstatic.com/store_item_assets/steam/apps/271590/ss_e3412658add19155ba35d6c80862559bf002845d.1920x1080.jpg?t=1734720459'),
(4, 'https://shared.fastly.steamstatic.com/store_item_assets/steam/apps/271590/ss_ea4a3bab5f7ba3a6fcf8067c2864b9d349fe387c.1920x1080.jpg?t=1734720459'),
(4, 'https://shared.fastly.steamstatic.com/store_item_assets/steam/apps/271590/ss_90f67258a3d991fe1b72030e56035ede688a82d7.1920x1080.jpg?t=1734720459'),
(4, 'https://shared.fastly.steamstatic.com/store_item_assets/steam/apps/271590/ss_4322495419b762d3e0ca2e31e61dff9a86eac3e9.1920x1080.jpg?t=1734720459'),
(4, 'https://shared.fastly.steamstatic.com/store_item_assets/steam/apps/271590/ss_d7f501f20ed23e2ee0e5e6b3c09922021c2f9aaa.1920x1080.jpg?t=1734720459'),
(4, 'https://shared.fastly.steamstatic.com/store_item_assets/steam/apps/271590/ss_e65286ab9bba88c6d0d9ad30cf6b5d34578c51ce.1920x1080.jpg?t=1734720459'),
(4, 'https://shared.fastly.steamstatic.com/store_item_assets/steam/apps/271590/ss_e929649b2b98ad76795d92d8489470bc5dbffddb.1920x1080.jpg?t=1734720459'),
(4, 'https://shared.fastly.steamstatic.com/store_item_assets/steam/apps/271590/ss_e080b9646300458e7e6fde55ad68c8fd3650371c.1920x1080.jpg?t=1734720459'),
(4, 'https://shared.fastly.steamstatic.com/store_item_assets/steam/apps/271590/ss_62a2f95c1784f138c3abbecf376c5cc99cc94a57.1920x1080.jpg?t=1734720459'),
(4, 'https://shared.fastly.steamstatic.com/store_item_assets/steam/apps/271590/ss_a5ca40b51e95d5c592e5eb77b3d78d5149ea5fd6.1920x1080.jpg?t=1734720459'),
(4, 'https://shared.fastly.steamstatic.com/store_item_assets/steam/apps/271590/ss_d1dfbddaafe8e4e8c3a4d8a9e13cdf89e2deb7ab.1920x1080.jpg?t=1734720459'),
(4, 'https://shared.fastly.steamstatic.com/store_item_assets/steam/apps/271590/ss_7bcc40aa6ba276d1ec246127d2e623b75fa315eb.1920x1080.jpg?t=1734720459'),
(4, 'https://shared.fastly.steamstatic.com/store_item_assets/steam/apps/271590/ss_ef673abfaf1555f10c071c4e5e0cd9d513be4c3c.1920x1080.jpg?t=1734720459'),
(4, 'https://shared.fastly.steamstatic.com/store_item_assets/steam/apps/271590/ss_6b3e35dfc1acf5a742998fcd21690b5cddc367df.1920x1080.jpg?t=1734720459'),
(4, 'https://shared.fastly.steamstatic.com/store_item_assets/steam/apps/271590/ss_108d9c5f4244a6186662850a56898028913d28a4.1920x1080.jpg?t=1734720459'),
(4, 'https://shared.fastly.steamstatic.com/store_item_assets/steam/apps/271590/ss_89040ec8716e6422260580640f485f8c825cae62.1920x1080.jpg?t=1734720459'),
(4, 'https://shared.fastly.steamstatic.com/store_item_assets/steam/apps/271590/ss_0cb0627d2d4559ae6ca7be60c43a9dc4aa4e1bb3.1920x1080.jpg?t=1734720459'),
(4, 'https://shared.fastly.steamstatic.com/store_item_assets/steam/apps/271590/ss_8b7ae7209f3c3422e76d452c290bd282265caa35.1920x1080.jpg?t=1734720459'),
(4, 'https://shared.fastly.steamstatic.com/store_item_assets/steam/apps/271590/ss_d6b4c13c1f59fe3c3973a4289c64047c3d350201.1920x1080.jpg?t=1734720459'),
(4, 'https://shared.fastly.steamstatic.com/store_item_assets/steam/apps/271590/ss_fae62fcb24412928d97ec23b6bd9473b26690596.1920x1080.jpg?t=1734720459'),
(4, 'https://shared.fastly.steamstatic.com/store_item_assets/steam/apps/271590/ss_9383e097bbdba1deaa79e77f8bb6664041036066.1920x1080.jpg?t=1734720459'),
(4, 'https://shared.fastly.steamstatic.com/store_item_assets/steam/apps/271590/ss_3ce5439cfdd04d1c53487f7057d45360839c0205.1920x1080.jpg?t=1734720459'),
(4, 'https://shared.fastly.steamstatic.com/store_item_assets/steam/apps/271590/ss_bb5725e2200df97b28908bccb9e8268780489506.1920x1080.jpg?t=1734720459'),
(4, 'https://shared.fastly.steamstatic.com/store_item_assets/steam/apps/271590/ss_ea299fb00e9789ce97bc6c690d9f99180bab03ab.1920x1080.jpg?t=1734720459'),
(4, 'https://shared.fastly.steamstatic.com/store_item_assets/steam/apps/271590/ss_ac0dea35915ab1d7f2eacb386befb36a3b684ee6.1920x1080.jpg?t=1734720459'),
(4, 'https://shared.fastly.steamstatic.com/store_item_assets/steam/apps/271590/ss_942afc86f5724f8eafb8075b123cfc848fb736da.1920x1080.jpg?t=1734720459'),
(4, 'https://shared.fastly.steamstatic.com/store_item_assets/steam/apps/271590/ss_3a20a814df620793186348058d9201f1c60b1bc2.1920x1080.jpg?t=1734720459'),
(4, 'https://shared.fastly.steamstatic.com/store_item_assets/steam/apps/271590/ss_d1f60c9aae855a810bcdabebf43a1e03e9600ac0.1920x1080.jpg?t=1734720459'),
(4, 'https://shared.fastly.steamstatic.com/store_item_assets/steam/apps/271590/ss_ff987bc8b943034c3bb989710b88dd7d629da783.1920x1080.jpg?t=1734720459'),
(4, 'https://shared.fastly.steamstatic.com/store_item_assets/steam/apps/271590/ss_eb0a041f0699ad4c98c6ef2b8222c264e0435864.1920x1080.jpg?t=1734720459'),
(4, 'https://shared.fastly.steamstatic.com/store_item_assets/steam/apps/271590/ss_7454420b01944e4a0f382c3a2d6c7d3d990561fb.1920x1080.jpg?t=1734720459'),
(4, 'https://shared.fastly.steamstatic.com/store_item_assets/steam/apps/271590/ss_99fe78592b8c15211d9b518d921e6a104430c918.1920x1080.jpg?t=1734720459'),
(4, 'https://shared.fastly.steamstatic.com/store_item_assets/steam/apps/271590/ss_80b965d66b13d6eb5e1468151a371e12fe159663.1920x1080.jpg?t=1734720459'),
(4, 'https://shared.fastly.steamstatic.com/store_item_assets/steam/apps/271590/ss_1a30befe6a3ed468981a6b2aaed7d2bb79bc1ce0.1920x1080.jpg?t=1734720459'),
(4, 'https://shared.fastly.steamstatic.com/store_item_assets/steam/apps/271590/ss_9efa694175609b73e9d3dca54190cbd8f6a0bc60.1920x1080.jpg?t=1734720459'),
(4, 'https://shared.fastly.steamstatic.com/store_item_assets/steam/apps/271590/ss_ea78dfa1d7d81c3781287cab165f64ca70f1f2ea.1920x1080.jpg?t=1734720459'),
(4, 'https://shared.fastly.steamstatic.com/store_item_assets/steam/apps/271590/ss_d1555f147b4667f70fac769985df629cbfda40b8.1920x1080.jpg?t=1734720459'),
(4, 'https://shared.fastly.steamstatic.com/store_item_assets/steam/apps/271590/ss_680684304e38a9c58a55866cde99469ae8ef510c.1920x1080.jpg?t=1734720459'),
(4, 'https://shared.fastly.steamstatic.com/store_item_assets/steam/apps/271590/ss_be2b9e45c671f95b8bc9fde58dbbd1154b0b633a.1920x1080.jpg?t=1734720459'),
(4, 'https://shared.fastly.steamstatic.com/store_item_assets/steam/apps/271590/ss_54a59b51d9a3dbd5cf6b8d8745716b293633a50b.1920x1080.jpg?t=1734720459'),
(4, 'https://shared.fastly.steamstatic.com/store_item_assets/steam/apps/271590/ss_320f7bf17d387eddb1c7153e2bf8de8e14bc4d39.1920x1080.jpg?t=1734720459'),
(4, 'https://shared.fastly.steamstatic.com/store_item_assets/steam/apps/271590/ss_c7766bbf4f0800ea989e11b26991a3d90197568c.1920x1080.jpg?t=1734720459'),
(4, 'https://shared.fastly.steamstatic.com/store_item_assets/steam/apps/271590/ss_65677665937a9164fb10b3194ff1d89bb1f1d848.1920x1080.jpg?t=1734720459'),
(4, 'https://shared.fastly.steamstatic.com/store_item_assets/steam/apps/271590/ss_8ca5134d9826629ea01c9cfb6d8a51c2b1661e28.1920x1080.jpg?t=1734720459'),
(4, 'https://shared.fastly.steamstatic.com/store_item_assets/steam/apps/271590/ss_4627498ce6ec1516512468eecfb9f90b7fdf438b.1920x1080.jpg?t=1734720459'),
(4, 'https://shared.fastly.steamstatic.com/store_item_assets/steam/apps/271590/ss_3da42391c6317205177248dea0a48ced89998a8d.1920x1080.jpg?t=1734720459'),
(4, 'https://shared.fastly.steamstatic.com/store_item_assets/steam/apps/271590/ss_04c349fc07c4f6244f4426ea0b49e31c8581a97d.1920x1080.jpg?t=1734720459'),
(4, 'https://shared.fastly.steamstatic.com/store_item_assets/steam/apps/271590/ss_fd8843577fb31aba4b4b827b5dad6c5ac3ab890b.1920x1080.jpg?t=1734720459'),
(4, 'https://shared.fastly.steamstatic.com/store_item_assets/steam/apps/271590/ss_8afff4bbd275fe7ddd56e3b5dc77f6658acf207e.1920x1080.jpg?t=1734720459'),
(4, 'https://shared.fastly.steamstatic.com/store_item_assets/steam/apps/271590/ss_bb2ee3b9b48a60857873192cfff10546e01d4a86.1920x1080.jpg?t=1734720459'),
(4, 'https://shared.fastly.steamstatic.com/store_item_assets/steam/apps/271590/ss_cd721eb1856f0dd3b820e4e998c3b5fe7e7c9b4e.1920x1080.jpg?t=1734720459'),
(4, 'https://shared.fastly.steamstatic.com/store_item_assets/steam/apps/271590/ss_6efecf505052b51071024f32dc4db364cbb0ab6e.1920x1080.jpg?t=1734720459'),
(4, 'https://shared.fastly.steamstatic.com/store_item_assets/steam/apps/271590/ss_43e9c59d968e7f99f1eef065af85b3e542100366.1920x1080.jpg?t=1734720459'),
(4, 'https://shared.fastly.steamstatic.com/store_item_assets/steam/apps/271590/ss_f64515607fd627aa9436be3b15fdcb9e1c89bb19.1920x1080.jpg?t=1734720459'),
(4, 'https://shared.fastly.steamstatic.com/store_item_assets/steam/apps/271590/ss_95a1f04eb687eae71478c0c5ba644da57e10f215.1920x1080.jpg?t=1734720459'),
(4, 'https://shared.fastly.steamstatic.com/store_item_assets/steam/apps/271590/ss_873c72ecd65c4a9e17f0b3535bc8579a4616394e.1920x1080.jpg?t=1734720459');

INSERT INTO product_videos (product_id, mp4, webm, thumbnail) VALUES
(4, 'https://video.fastly.steamstatic.com/store_trailers/257083901/movie480.mp4?t=1734717936', 'https://video.fastly.steamstatic.com/store_trailers/257083901/movie480_vp9.webm?t=1734717936', 'https://shared.fastly.steamstatic.com/store_item_assets/steam/apps/257083901/af4a4abfc36b956bd2fa2fd2ee5bade9be41c99a/movie_600x337.jpg?t=1734717936'),
(4, 'https://video.fastly.steamstatic.com/store_trailers/257036516/movie480.mp4?t=1720472941', 'https://video.fastly.steamstatic.com/store_trailers/257036516/movie480_vp9.webm?t=1720472941', 'https://shared.fastly.steamstatic.com/store_item_assets/steam/apps/257036516/movie.293x165.jpg?t=1720472941'),
(4, 'https://video.fastly.steamstatic.com/store_trailers/257010267/movie480.mp4?t=1711059406', 'https://video.fastly.steamstatic.com/store_trailers/257010267/movie480_vp9.webm?t=1711059406', 'https://shared.fastly.steamstatic.com/store_item_assets/steam/apps/257010267/movie.293x165.jpg?t=1711059406'),
(4, 'https://video.fastly.steamstatic.com/store_trailers/256921436/movie480.mp4?t=1671116368', 'https://video.fastly.steamstatic.com/store_trailers/256921436/movie480_vp9.webm?t=1671116368', 'https://shared.fastly.steamstatic.com/store_item_assets/steam/apps/256921436/movie.293x165.jpg?t=1671116368'),
(4, 'https://video.fastly.steamstatic.com/store_trailers/256907999/movie480.mp4?t=1664305036', 'https://video.fastly.steamstatic.com/store_trailers/256907999/movie480_vp9.webm?t=1664305036', 'https://shared.fastly.steamstatic.com/store_item_assets/steam/apps/256907999/movie.293x165.jpg?t=1664305036'),
(4, 'https://video.fastly.steamstatic.com/store_trailers/256913312/movie480.mp4?t=1666907087', 'https://video.fastly.steamstatic.com/store_trailers/256913312/movie480_vp9.webm?t=1666907087', 'https://shared.fastly.steamstatic.com/store_item_assets/steam/apps/256913312/movie.293x165.jpg?t=1666907087'),
(4, 'https://video.fastly.steamstatic.com/store_trailers/256913313/movie480.mp4?t=1666907093', 'https://video.fastly.steamstatic.com/store_trailers/256913313/movie480_vp9.webm?t=1666907093', 'https://shared.fastly.steamstatic.com/store_item_assets/steam/apps/256913313/movie.293x165.jpg?t=1666907093'),
(4, 'https://video.fastly.steamstatic.com/store_trailers/256913314/movie480.mp4?t=1666907099', 'https://video.fastly.steamstatic.com/store_trailers/256913314/movie480_vp9.webm?t=1666907099', 'https://shared.fastly.steamstatic.com/store_item_assets/steam/apps/256913314/movie.293x165.jpg?t=1666907099'),
(4, 'https://video.fastly.steamstatic.com/store_trailers/256913315/movie480.mp4?t=1666907105', 'https://video.fastly.steamstatic.com/store_trailers/256913315/movie480_vp9.webm?t=1666907105', 'https://shared.fastly.steamstatic.com/store_item_assets/steam/apps/256913315/movie.293x165.jpg?t=1666907105'),
(4, 'https://video.fastly.steamstatic.com/store_trailers/256913316/movie480.mp4?t=1666907111', 'https://video.fastly.steamstatic.com/store_trailers/256913316/movie480_vp9.webm?t=1666907111', 'https://shared.fastly.steamstatic.com/store_item_assets/steam/apps/256913316/movie.293x165.jpg?t=1666907111'),
(4, 'https://video.fastly.steamstatic.com/store_trailers/256757115/movie480.mp4?t=1563930864', 'https://video.fastly.steamstatic.com/store_trailers/256757115/movie480.webm?t=1563930864', 'https://shared.fastly.steamstatic.com/store_item_assets/steam/apps/256757115/movie.293x165.jpg?t=1563930864'),
(4, 'https://video.fastly.steamstatic.com/store_trailers/256738410/movie480.mp4?t=1544815053', 'https://video.fastly.steamstatic.com/store_trailers/256738410/movie480.webm?t=1544815053', 'https://shared.fastly.steamstatic.com/store_item_assets/steam/apps/256738410/movie.293x165.jpg?t=1544815053'),
(4, 'https://video.fastly.steamstatic.com/store_trailers/256723106/movie480.mp4?t=1532462557', 'https://video.fastly.steamstatic.com/store_trailers/256723106/movie480.webm?t=1532462557', 'https://shared.fastly.steamstatic.com/store_item_assets/steam/apps/256723106/movie.293x165.jpg?t=1532462557'),
(4, 'https://video.fastly.steamstatic.com/store_trailers/256703142/movie480.mp4?t=1513275242', 'https://video.fastly.steamstatic.com/store_trailers/256703142/movie480.webm?t=1513275242', 'https://shared.fastly.steamstatic.com/store_item_assets/steam/apps/256703142/movie.293x165.jpg?t=1513275242'),
(4, 'https://video.fastly.steamstatic.com/store_trailers/256698003/movie480.mp4?t=1508425892', 'https://video.fastly.steamstatic.com/store_trailers/256698003/movie480.webm?t=1508425892', 'https://shared.fastly.steamstatic.com/store_item_assets/steam/apps/256698003/movie.293x165.jpg?t=1508425892'),
(4, 'https://video.fastly.steamstatic.com/store_trailers/256693666/movie480.mp4?t=1504052207', 'https://video.fastly.steamstatic.com/store_trailers/256693666/movie480.webm?t=1504052207', 'https://shared.fastly.steamstatic.com/store_item_assets/steam/apps/256693666/movie.293x165.jpg?t=1504052207'),
(4, 'https://video.fastly.steamstatic.com/store_trailers/256687312/movie480.mp4?t=1497912510', 'https://video.fastly.steamstatic.com/store_trailers/256687312/movie480.webm?t=1497912510', 'https://shared.fastly.steamstatic.com/store_item_assets/steam/apps/256687312/movie.293x165.jpg?t=1497912510'),
(4, 'https://video.fastly.steamstatic.com/store_trailers/256683842/movie480.mp4?t=1496953382', 'https://video.fastly.steamstatic.com/store_trailers/256683842/movie480.webm?t=1496953382', 'https://shared.fastly.steamstatic.com/store_item_assets/steam/apps/256683842/movie.293x165.jpg?t=1496953382'),
(4, 'https://video.fastly.steamstatic.com/store_trailers/256681413/movie480.mp4?t=1489701913', 'https://video.fastly.steamstatic.com/store_trailers/256681413/movie480.webm?t=1489701913', 'https://shared.fastly.steamstatic.com/store_item_assets/steam/apps/256681413/movie.293x165.jpg?t=1489701913'),
(4, 'https://video.fastly.steamstatic.com/store_trailers/256676517/movie480.mp4?t=1481922674', 'https://video.fastly.steamstatic.com/store_trailers/256676517/movie480.webm?t=1481922674', 'https://shared.fastly.steamstatic.com/store_item_assets/steam/apps/256676517/movie.293x165.jpg?t=1481922674'),
(4, 'https://video.fastly.steamstatic.com/store_trailers/256674208/movie480.mp4?t=1478726587', 'https://video.fastly.steamstatic.com/store_trailers/256674208/movie480.webm?t=1478726587', 'https://shared.fastly.steamstatic.com/store_item_assets/steam/apps/256674208/movie.293x165.jpg?t=1478726587'),
(4, 'https://video.fastly.steamstatic.com/store_trailers/256672027/movie480.mp4?t=1475687405', 'https://video.fastly.steamstatic.com/store_trailers/256672027/movie480.webm?t=1475687405', 'https://shared.fastly.steamstatic.com/store_item_assets/steam/apps/256672027/movie.293x165.jpg?t=1475687405'),
(4, 'https://video.fastly.steamstatic.com/store_trailers/256666643/movie480.mp4?t=1468353824', 'https://video.fastly.steamstatic.com/store_trailers/256666643/movie480.webm?t=1468353824', 'https://shared.fastly.steamstatic.com/store_item_assets/steam/apps/256666643/movie.293x165.jpg?t=1468353824'),
(4, 'https://video.fastly.steamstatic.com/store_trailers/256665080/movie480.mp4?t=1465333428', 'https://video.fastly.steamstatic.com/store_trailers/256665080/movie480.webm?t=1465333428', 'https://shared.fastly.steamstatic.com/store_item_assets/steam/apps/256665080/movie.293x165.jpg?t=1465333428'),
(4, 'https://video.fastly.steamstatic.com/store_trailers/256659110/movie480.mp4?t=1450306606', 'https://video.fastly.steamstatic.com/store_trailers/256659110/movie480.webm?t=1450306606', 'https://shared.fastly.steamstatic.com/store_item_assets/steam/apps/256659110/movie.293x165.jpg?t=1450306606'),
(4, 'https://video.fastly.steamstatic.com/store_trailers/256657774/movie480.mp4?t=1447378698', 'https://video.fastly.steamstatic.com/store_trailers/256657774/movie480.webm?t=1447378698', 'https://shared.fastly.steamstatic.com/store_item_assets/steam/apps/256657774/movie.293x165.jpg?t=1447378698'),
(4, 'https://video.fastly.steamstatic.com/store_trailers/256656473/movie480.mp4?t=1447378094', 'https://video.fastly.steamstatic.com/store_trailers/256656473/movie480.webm?t=1447378094', 'https://shared.fastly.steamstatic.com/store_item_assets/steam/apps/256656473/movie.293x165.jpg?t=1447378094'),
(4, 'https://video.fastly.steamstatic.com/store_trailers/2035420/movie480.mp4?t=1447364873', 'https://video.fastly.steamstatic.com/store_trailers/2035420/movie480.webm?t=1447364873', 'https://shared.fastly.steamstatic.com/store_item_assets/steam/apps/2035420/movie.293x165.jpg?t=1447364873'),
(4, 'https://video.fastly.steamstatic.com/store_trailers/2034504/movie480.mp4?t=1447363689', 'https://video.fastly.steamstatic.com/store_trailers/2034504/movie480.webm?t=1447363689', 'https://shared.fastly.steamstatic.com/store_item_assets/steam/apps/2034504/movie.293x165.jpg?t=1447363689'),
(4, 'https://video.fastly.steamstatic.com/store_trailers/2032899/movie480.mp4?t=1447362323', 'https://video.fastly.steamstatic.com/store_trailers/2032899/movie480.webm?t=1447362323', 'https://shared.fastly.steamstatic.com/store_item_assets/steam/apps/2032899/movie.293x165.jpg?t=1447362323');

INSERT INTO products (id, title, type, description, price, discount, discountStartDate, discountEndDate, releaseDate, rating, isActive, headerImage)
VALUES (5, 'Rust', 'Game', 'The only aim in Rust is to survive. Everything wants you to die - the island’s wildlife, other inhabitants, the environment, and other survivors. Do whatever it takes to last another night.', 39.99, 0, NULL, NULL, '2018-02-09', 0, TRUE, 'https://shared.fastly.steamstatic.com/store_item_assets/steam/apps/252490/header.jpg?t=1736449001');

INSERT INTO product_developers (product_id, developer) VALUES
(5, 'Facepunch Studios');

INSERT INTO product_publishers (product_id, publisher) VALUES
(5, 'Facepunch Studios');

INSERT INTO product_platforms (product_id, platform) VALUES
(5, 'Windows');

INSERT INTO product_genres (product_id, genre) VALUES
(5, 'Action'),
(5, 'Adventure'),
(5, 'Indie'),
(5, 'Massively Multiplayer'),
(5, 'RPG');

INSERT INTO product_tags (product_id, tag) VALUES
(5, 'Survival'),
(5, 'Crafting'),
(5, 'Multiplayer'),
(5, 'Open World'),
(5, 'Open World Survival Craft'),
(5, 'Building'),
(5, 'PvP'),
(5, 'Sandbox'),
(5, 'Adventure'),
(5, 'First-Person'),
(5, 'Action'),
(5, 'Nudity'),
(5, 'FPS'),
(5, 'Shooter'),
(5, 'Co-op'),
(5, 'Online Co-Op'),
(5, 'Indie'),
(5, 'Post-apocalyptic'),
(5, 'Early Access'),
(5, 'Simulation');

INSERT INTO product_features (product_id, feature) VALUES
(5, 'MMO'),
(5, 'Online PvP'),
(5, 'Online Co-op'),
(5, 'Cross-Platform Multiplayer'),
(5, 'Steam Achievements'),
(5, 'Steam Trading Cards'),
(5, 'Steam Workshop'),
(5, 'In-App Purchases'),
(5, 'Stats'),
(5, 'Remote Play on Tablet');

INSERT INTO product_system_requirements (product_id, platform, title, minimum, recommended) VALUES (5, 'win', 'OS', 'Windows 10 64bit', 'Windows 11 64bit');

INSERT INTO product_system_requirements (product_id, platform, title, minimum, recommended) VALUES (5, 'win', 'Processor', 'Intel Core i5-8250U / AMD Ryzen 5 5500 or better', 'Intel Core i7-4790K / AMD Ryzen 5 2600 or better');

INSERT INTO product_system_requirements (product_id, platform, title, minimum, recommended) VALUES (5, 'win', 'Memory', '10 GB RAM', '16 GB RAM');

INSERT INTO product_system_requirements (product_id, platform, title, minimum, recommended) VALUES (5, 'win', 'Graphics', 'GTX 1050 / AMD 500 Series or better', 'RTX 3060 / RX 570 Series or better');

INSERT INTO product_system_requirements (product_id, platform, title, minimum, recommended) VALUES (5, 'win', 'DirectX', 'Version 11', 'Version 12');

INSERT INTO product_system_requirements (product_id, platform, title, minimum, recommended) VALUES (5, 'win', 'Network', 'Broadband Internet connection', 'Broadband Internet connection');

INSERT INTO product_system_requirements (product_id, platform, title, minimum, recommended) VALUES (5, 'win', 'Storage', '40 GB available space', '40 GB available space');

INSERT INTO product_system_requirements (product_id, platform, title, minimum, recommended) VALUES (5, 'win', 'Additional Notes', 'SSD is highly recommended or expect longer than average load times.', 'SSD Required');

INSERT INTO product_system_requirements (product_id, platform, title, minimum, recommended) VALUES (5, 'mac', 'OS', 'macOS Monterey (version 12)', 'macOS Monterey (version 12)');

INSERT INTO product_system_requirements (product_id, platform, title, minimum, recommended) VALUES (5, 'mac', 'Processor', 'Apple M1', 'Apple M1 Pro / Max / Ultra');

INSERT INTO product_system_requirements (product_id, platform, title, minimum, recommended) VALUES (5, 'mac', 'Memory', '10 GB RAM', '16 GB RAM');

INSERT INTO product_system_requirements (product_id, platform, title, minimum, recommended) VALUES (5, 'mac', 'Graphics', 'AMD R9 Fury / Apple M1 / GTX 980', 'Apple M1 Pro / Max / Ultra / RTX 3060');

INSERT INTO product_system_requirements (product_id, platform, title, minimum, recommended) VALUES (5, 'mac', 'DirectX', '', '');

INSERT INTO product_system_requirements (product_id, platform, title, minimum, recommended) VALUES (5, 'mac', 'Network', 'Broadband Internet connection', 'Broadband Internet connection');

INSERT INTO product_system_requirements (product_id, platform, title, minimum, recommended) VALUES (5, 'mac', 'Storage', '40 GB available space', '40 GB available space');

INSERT INTO product_system_requirements (product_id, platform, title, minimum, recommended) VALUES (5, 'mac', 'Additional Notes', '', 'SSD is highly recommended or expect longer than average load times.');

INSERT INTO product_screenshots (product_id, screenshot) VALUES
(5, 'https://shared.fastly.steamstatic.com/store_item_assets/steam/apps/252490/ss_271feae67943bdc141c1249aba116349397e9ba9.1920x1080.jpg?t=1736449001'),
(5, 'https://shared.fastly.steamstatic.com/store_item_assets/steam/apps/252490/ss_e825b087b95e51c3534383cfd75ad6e8038147c3.1920x1080.jpg?t=1736449001'),
(5, 'https://shared.fastly.steamstatic.com/store_item_assets/steam/apps/252490/ss_0e646f1a70e5cb8eed00efef8adb9579d40d5b2e.1920x1080.jpg?t=1736449001'),
(5, 'https://shared.fastly.steamstatic.com/store_item_assets/steam/apps/252490/ss_1c2d0d1eefee54f0c67626c74eb21699bbb0ef52.1920x1080.jpg?t=1736449001'),
(5, 'https://shared.fastly.steamstatic.com/store_item_assets/steam/apps/252490/ss_d0fdacaeef5a28a7cee525fd73376adfe083c964.1920x1080.jpg?t=1736449001'),
(5, 'https://shared.fastly.steamstatic.com/store_item_assets/steam/apps/252490/ss_827f1bb38361eb3f7de91cff9be5b7176a05a9ac.1920x1080.jpg?t=1736449001'),
(5, 'https://shared.fastly.steamstatic.com/store_item_assets/steam/apps/252490/ss_bbf6c96e490326ec877ae548cb148e53516b5f83.1920x1080.jpg?t=1736449001'),
(5, 'https://shared.fastly.steamstatic.com/store_item_assets/steam/apps/252490/ss_2a8518810024a5fbf9c714e697a43a1201b5d53e.1920x1080.jpg?t=1736449001'),
(5, 'https://shared.fastly.steamstatic.com/store_item_assets/steam/apps/252490/ss_c88939db635d959b25eb1bcf9b4c4dcdec04b3fe.1920x1080.jpg?t=1736449001'),
(5, 'https://shared.fastly.steamstatic.com/store_item_assets/steam/apps/252490/ss_eafe26f0577f9fc25d7a89884ea6f40381973c8a.1920x1080.jpg?t=1736449001'),
(5, 'https://shared.fastly.steamstatic.com/store_item_assets/steam/apps/252490/ss_9652dbaf2de41b8c8f8305af714ee258564c453d.1920x1080.jpg?t=1736449001'),
(5, 'https://shared.fastly.steamstatic.com/store_item_assets/steam/apps/252490/ss_9d2ad1cd00376605d6f9a778eb7bd1cddfd68ee1.1920x1080.jpg?t=1736449001'),
(5, 'https://shared.fastly.steamstatic.com/store_item_assets/steam/apps/252490/ss_803a18bcbf6004706f12a1f88bb3cadbd9ac5f5b.1920x1080.jpg?t=1736449001'),
(5, 'https://shared.fastly.steamstatic.com/store_item_assets/steam/apps/252490/ss_aaa718a3cb0696a816456283526842c4f2d6b1bc.1920x1080.jpg?t=1736449001'),
(5, 'https://shared.fastly.steamstatic.com/store_item_assets/steam/apps/252490/ss_24483e657f7e59d74e4914f79c51d9c821454e98.1920x1080.jpg?t=1736449001'),
(5, 'https://shared.fastly.steamstatic.com/store_item_assets/steam/apps/252490/ss_dd5a5bf9a19b8b8a078dfdae8b7e09c0e78d2b4d.1920x1080.jpg?t=1736449001'),
(5, 'https://shared.fastly.steamstatic.com/store_item_assets/steam/apps/252490/ss_651097c65458ae555b42c42dd9667d7174397bdf.1920x1080.jpg?t=1736449001'),
(5, 'https://shared.fastly.steamstatic.com/store_item_assets/steam/apps/252490/ss_40bde646d6ed6ebda0d7f42f52d66d147935bbfa.1920x1080.jpg?t=1736449001'),
(5, 'https://shared.fastly.steamstatic.com/store_item_assets/steam/apps/252490/ss_21afaa3e6697adbb9173e0266c9de913a5a05457.1920x1080.jpg?t=1736449001'),
(5, 'https://shared.fastly.steamstatic.com/store_item_assets/steam/apps/252490/ss_9264a17b6bc1b3f9df55cf2aafcc25c6188bba59.1920x1080.jpg?t=1736449001'),
(5, 'https://shared.fastly.steamstatic.com/store_item_assets/steam/apps/252490/ss_69b259a1ab43e2e12f119ecb6b48117a7ff0b216.1920x1080.jpg?t=1736449001'),
(5, 'https://shared.fastly.steamstatic.com/store_item_assets/steam/apps/252490/ss_2166031b7e6eaedae3dfd8966421c6c4703b89ef.1920x1080.jpg?t=1736449001'),
(5, 'https://shared.fastly.steamstatic.com/store_item_assets/steam/apps/252490/ss_6c6269c7c6164876585e0728742156b49af966af.1920x1080.jpg?t=1736449001'),
(5, 'https://shared.fastly.steamstatic.com/store_item_assets/steam/apps/252490/ss_3834344f4f347f133a70096113d71ab3c5a7d587.1920x1080.jpg?t=1736449001'),
(5, 'https://shared.fastly.steamstatic.com/store_item_assets/steam/apps/252490/ss_f05168330593f4f476cd4a6a6094b248c7c8556e.1920x1080.jpg?t=1736449001'),
(5, 'https://shared.fastly.steamstatic.com/store_item_assets/steam/apps/252490/ss_a63f203245f322f28cf489bf46beaeec780cccec.1920x1080.jpg?t=1736449001'),
(5, 'https://shared.fastly.steamstatic.com/store_item_assets/steam/apps/252490/ss_521614c60fd57b8dc0c025848cdc5d03e8ccc714.1920x1080.jpg?t=1736449001'),
(5, 'https://shared.fastly.steamstatic.com/store_item_assets/steam/apps/252490/ss_326282c7485e8aff1ebf6750c82622afef098998.1920x1080.jpg?t=1736449001'),
(5, 'https://shared.fastly.steamstatic.com/store_item_assets/steam/apps/252490/ss_9dfb2cb3e93ab37ff47c7b2e011b1b9e42351107.1920x1080.jpg?t=1736449001'),
(5, 'https://shared.fastly.steamstatic.com/store_item_assets/steam/apps/252490/ss_08a111660a92c33c10d62e74620d258c216fd0bb.1920x1080.jpg?t=1736449001'),
(5, 'https://shared.fastly.steamstatic.com/store_item_assets/steam/apps/252490/ss_b5925cc5fad7a69486c570e3f912130ae0989f06.1920x1080.jpg?t=1736449001'),
(5, 'https://shared.fastly.steamstatic.com/store_item_assets/steam/apps/252490/ss_234b12804c91c911e4095fcb872ef7f1a1371ca2.1920x1080.jpg?t=1736449001');

INSERT INTO product_videos (product_id, mp4, webm, thumbnail) VALUES
(5, 'https://video.fastly.steamstatic.com/store_trailers/256684736/movie480.mp4?t=1699598112', 'https://video.fastly.steamstatic.com/store_trailers/256684736/movie480_vp9.webm?t=1699598112', 'https://shared.fastly.steamstatic.com/store_item_assets/steam/apps/256684736/movie.293x165.jpg?t=1699598112'),
(5, 'https://video.fastly.steamstatic.com/store_trailers/256761600/movie480.mp4?t=1699598120', 'https://video.fastly.steamstatic.com/store_trailers/256761600/movie480.webm?t=1699598120', 'https://shared.fastly.steamstatic.com/store_item_assets/steam/apps/256761600/movie.293x165.jpg?t=1699598120'),
(5, 'https://video.fastly.steamstatic.com/store_trailers/256761603/movie480.mp4?t=1699598125', 'https://video.fastly.steamstatic.com/store_trailers/256761603/movie480.webm?t=1699598125', 'https://shared.fastly.steamstatic.com/store_item_assets/steam/apps/256761603/movie.293x165.jpg?t=1699598125'),
(5, 'https://video.fastly.steamstatic.com/store_trailers/256791647/movie480.mp4?t=1736337052', 'https://video.fastly.steamstatic.com/store_trailers/256791647/movie480_vp9.webm?t=1736337052', 'https://shared.fastly.steamstatic.com/store_item_assets/steam/apps/256791647/20493083c046e6a02ba9af308eb683872764af34/movie_600x337.jpg?t=1736337052');

INSERT INTO products (id, title, type, description, price, discount, discountStartDate, discountEndDate, releaseDate, rating, isActive, headerImage)
VALUES (6, 'NARAKA: BLADEPOINT', 'Game', 'Dive into the legends of the Far East in NARAKA: BLADEPOINT team up with friends in fast-paced melee fights for a Battle Royale experience unlike any other. Find your playstyle with a varied cast of heroes with unique skills. More than 20 million players have already joined the fray, play free now!', 0, 0, NULL, NULL, '2021-08-12', 0, TRUE, 'https://shared.fastly.steamstatic.com/store_item_assets/steam/apps/1203220/header.jpg?t=1736483891');

INSERT INTO product_developers (product_id, developer) VALUES
(6, '24 Entertainment');

INSERT INTO product_publishers (product_id, publisher) VALUES
(6, 'NetEase Games Global');

INSERT INTO product_platforms (product_id, platform) VALUES
(6, 'Windows');

INSERT INTO product_genres (product_id, genre) VALUES
(6, 'Action'),
(6, 'Adventure'),
(6, 'Massively Multiplayer');

INSERT INTO product_tags (product_id, tag) VALUES
(6, 'Battle Royale'),
(6, 'Multiplayer'),
(6, 'Martial Arts'),
(6, 'PvP'),
(6, 'Action'),
(6, 'Female Protagonist'),
(6, 'Character Customization'),
(6, 'Massively Multiplayer'),
(6, 'Mature'),
(6, 'Fighting'),
(6, 'Survival'),
(6, 'Third Person'),
(6, 'Swordplay'),
(6, 'Hack and Slash'),
(6, 'Anime'),
(6, 'Parkour'),
(6, 'Adventure'),
(6, 'Free to Play'),
(6, 'Violent'),
(6, 'Gore');

INSERT INTO product_features (product_id, feature) VALUES
(6, 'Online PvP'),
(6, 'Steam Achievements'),
(6, 'Steam Trading Cards'),
(6, 'In-App Purchases'),
(6, 'HDR available');

INSERT INTO product_system_requirements (product_id, platform, title, minimum, recommended) VALUES (6, 'win', 'OS', '', 'Windows 10 64-bit');

INSERT INTO product_system_requirements (product_id, platform, title, minimum, recommended) VALUES (6, 'win', 'Processor', 'Intel i5 4th generation or AMD FX 6300 or equivalent', 'Intel i7 7th generation or equivalent');

INSERT INTO product_system_requirements (product_id, platform, title, minimum, recommended) VALUES (6, 'win', 'Memory', '8 GB RAM', '16 GB RAM');

INSERT INTO product_system_requirements (product_id, platform, title, minimum, recommended) VALUES (6, 'win', 'Graphics', 'NVIDIA GeForce GTX 750TI, Intel Arc A380, AMD HD 6950 or equivalent', 'NVIDIA GeForce GTX 1060 6G, Intel Arc A750, AMD RX480 or equivalent');

INSERT INTO product_system_requirements (product_id, platform, title, minimum, recommended) VALUES (6, 'win', 'DirectX', 'Version 11', 'Version 11');

INSERT INTO product_system_requirements (product_id, platform, title, minimum, recommended) VALUES (6, 'win', 'Network', 'Broadband Internet connection', 'Broadband Internet connection');

INSERT INTO product_system_requirements (product_id, platform, title, minimum, recommended) VALUES (6, 'win', 'Storage', '55 GB available space', '55 GB available space');

INSERT INTO product_system_requirements (product_id, platform, title, minimum, recommended) VALUES (6, 'win', 'Additional Notes', 'a) Can run at 720p/60fps b) We advise you install the game on an SSD for a more streamlined experience. c) Requires “Windows Memory integrity and VBS enablement” to be disabled', 'a) Can run at 1080p/60fps b) We advise you install the game on an SSD for a more streamlined experience. c) Requires “Windows Memory integrity and VBS enablement” to be disabled');

INSERT INTO product_screenshots (product_id, screenshot) VALUES
(6, 'https://shared.fastly.steamstatic.com/store_item_assets/steam/apps/1203220/ss_7c80e5e90fc91b6aa44055878b7f76770fa9dc9d.1920x1080.jpg?t=1736483891'),
(6, 'https://shared.fastly.steamstatic.com/store_item_assets/steam/apps/1203220/ss_7c9fb88fa0aae74107c8bf7d2e4c8bdd400aa1c5.1920x1080.jpg?t=1736483891'),
(6, 'https://shared.fastly.steamstatic.com/store_item_assets/steam/apps/1203220/ss_841eaef35b52960a4ea832b6849b3595c156d00a.1920x1080.jpg?t=1736483891'),
(6, 'https://shared.fastly.steamstatic.com/store_item_assets/steam/apps/1203220/ss_ec9b7ef9482db3fec5ab25dab0be168a02dc0b43.1920x1080.jpg?t=1736483891'),
(6, 'https://shared.fastly.steamstatic.com/store_item_assets/steam/apps/1203220/ss_e03f21bb343859edcb0b28c3950a2d6ff9ecbf48.1920x1080.jpg?t=1736483891'),
(6, 'https://shared.fastly.steamstatic.com/store_item_assets/steam/apps/1203220/ss_f31c96165b9384945a321fef9effbc0a0d539b90.1920x1080.jpg?t=1736483891'),
(6, 'https://shared.fastly.steamstatic.com/store_item_assets/steam/apps/1203220/ss_473cb2a81ade2d62fd9f9a019c7af8cc77905cec.1920x1080.jpg?t=1736483891'),
(6, 'https://shared.fastly.steamstatic.com/store_item_assets/steam/apps/1203220/ss_f98cbced803f7d8f238f7838053657ffd7818b01.1920x1080.jpg?t=1736483891'),
(6, 'https://shared.fastly.steamstatic.com/store_item_assets/steam/apps/1203220/ss_6a8707f7039ebd31bb58d86a6864730fc5ebd38f.1920x1080.jpg?t=1736483891'),
(6, 'https://shared.fastly.steamstatic.com/store_item_assets/steam/apps/1203220/ss_9cb7ead0af0faaaf2bb8609822cb35b16d1a48f0.1920x1080.jpg?t=1736483891'),
(6, 'https://shared.fastly.steamstatic.com/store_item_assets/steam/apps/1203220/ss_bb1dc4e49a19645f07c6730f2387a719449a3df7.1920x1080.jpg?t=1736483891'),
(6, 'https://shared.fastly.steamstatic.com/store_item_assets/steam/apps/1203220/ss_f031cfa839b5c3048f4bc92233b4c8472a16ef87.1920x1080.jpg?t=1736483891'),
(6, 'https://shared.fastly.steamstatic.com/store_item_assets/steam/apps/1203220/ss_fede743af03b94e8ccd8c1d8f156916acdce7723.1920x1080.jpg?t=1736483891'),
(6, 'https://shared.fastly.steamstatic.com/store_item_assets/steam/apps/1203220/ss_508b8f677ad0278feea4c74280d3bb8aa1143d7a.1920x1080.jpg?t=1736483891'),
(6, 'https://shared.fastly.steamstatic.com/store_item_assets/steam/apps/1203220/ss_c5cbb4fb8fcd71b6fd64f86b3f18dd9f00f11787.1920x1080.jpg?t=1736483891'),
(6, 'https://shared.fastly.steamstatic.com/store_item_assets/steam/apps/1203220/ss_96173cebbcc3bbb6202854fccb8aad223f6c5334.1920x1080.jpg?t=1736483891'),
(6, 'https://shared.fastly.steamstatic.com/store_item_assets/steam/apps/1203220/ss_e8e6ba2b5ab17a2604e1b2d26f07806a0a27f97e.1920x1080.jpg?t=1736483891'),
(6, 'https://shared.fastly.steamstatic.com/store_item_assets/steam/apps/1203220/ss_68d5f079d8bd32dca66c1514ac00a62341cb49c6.1920x1080.jpg?t=1736483891'),
(6, 'https://shared.fastly.steamstatic.com/store_item_assets/steam/apps/1203220/ss_e1f85dd9f79c8579887a1dd3346c2b366feafc08.1920x1080.jpg?t=1736483891'),
(6, 'https://shared.fastly.steamstatic.com/store_item_assets/steam/apps/1203220/ss_4e6ce1b347b685dd996a7b354bd0a9fce50159c5.1920x1080.jpg?t=1736483891'),
(6, 'https://shared.fastly.steamstatic.com/store_item_assets/steam/apps/1203220/ss_077b47e9b2eaaf1f1417ed48f96b4ac6e0c673fe.1920x1080.jpg?t=1736483891'),
(6, 'https://shared.fastly.steamstatic.com/store_item_assets/steam/apps/1203220/ss_2aded40827ab836c40afb555600c9ca8cbd26e87.1920x1080.jpg?t=1736483891'),
(6, 'https://shared.fastly.steamstatic.com/store_item_assets/steam/apps/1203220/ss_9b52b6f209db7928077f9f18d12460c71908f9c3.1920x1080.jpg?t=1736483891'),
(6, 'https://shared.fastly.steamstatic.com/store_item_assets/steam/apps/1203220/ss_801635e241c3d2bec0305135e33576ac9c18c3ce.1920x1080.jpg?t=1736483891'),
(6, 'https://shared.fastly.steamstatic.com/store_item_assets/steam/apps/1203220/ss_2141d35d3d0a3c7945db667ed92c0fa4a2d7630c.1920x1080.jpg?t=1736483891'),
(6, 'https://shared.fastly.steamstatic.com/store_item_assets/steam/apps/1203220/ss_d9186a017565cd3ff01f1a8e9c9996254ec43404.1920x1080.jpg?t=1736483891'),
(6, 'https://shared.fastly.steamstatic.com/store_item_assets/steam/apps/1203220/ss_c7af06a62248c1f5343b401459b82144e6bc92d8.1920x1080.jpg?t=1736483891');

INSERT INTO product_videos (product_id, mp4, webm, thumbnail) VALUES
(6, 'https://video.fastly.steamstatic.com/store_trailers/257087414/movie480.mp4?t=1736483877', 'https://video.fastly.steamstatic.com/store_trailers/257087414/movie480_vp9.webm?t=1736483877', 'https://shared.fastly.steamstatic.com/store_item_assets/steam/apps/257087414/291c37f0f86246f524707432769229c78f9dce0d/movie_600x337.jpg?t=1736483877'),
(6, 'https://video.fastly.steamstatic.com/store_trailers/257087208/movie480.mp4?t=1736389142', 'https://video.fastly.steamstatic.com/store_trailers/257087208/movie480_vp9.webm?t=1736389142', 'https://shared.fastly.steamstatic.com/store_item_assets/steam/apps/257087208/e53ec764766b47e69eb0475f9da684b8e4c2da3d/movie_600x337.jpg?t=1736389142'),
(6, 'https://video.fastly.steamstatic.com/store_trailers/257083419/movie480.mp4?t=1734598875', 'https://video.fastly.steamstatic.com/store_trailers/257083419/movie480_vp9.webm?t=1734598875', 'https://shared.fastly.steamstatic.com/store_item_assets/steam/apps/257083419/bcc2cab9af8aa3ef7f9449eca4669093808ad1f0/movie_600x337.jpg?t=1734598875'),
(6, 'https://video.fastly.steamstatic.com/store_trailers/257083387/movie480.mp4?t=1734592203', 'https://video.fastly.steamstatic.com/store_trailers/257083387/movie480_vp9.webm?t=1734592203', 'https://shared.fastly.steamstatic.com/store_item_assets/steam/apps/257083387/ef386362fd3d4ae6912585a4b23d16c5b16d1a7a/movie_600x337.jpg?t=1734592203'),
(6, 'https://video.fastly.steamstatic.com/store_trailers/257078708/movie480.mp4?t=1733368143', 'https://video.fastly.steamstatic.com/store_trailers/257078708/movie480_vp9.webm?t=1733368143', 'https://shared.fastly.steamstatic.com/store_item_assets/steam/apps/257078708/85051a4beaebc60b65ebd866a8fe295c4b027de4/movie_600x337.jpg?t=1733368143'),
(6, 'https://video.fastly.steamstatic.com/store_trailers/257069624/movie480.mp4?t=1730341595', 'https://video.fastly.steamstatic.com/store_trailers/257069624/movie480_vp9.webm?t=1730341595', 'https://shared.fastly.steamstatic.com/store_item_assets/steam/apps/257069624/069ed9275696411ad8bf6f96cf23dc4d6d67d1a6/movie_600x337.jpg?t=1730341595'),
(6, 'https://video.fastly.steamstatic.com/store_trailers/257069588/movie480.mp4?t=1730341606', 'https://video.fastly.steamstatic.com/store_trailers/257069588/movie480_vp9.webm?t=1730341606', 'https://shared.fastly.steamstatic.com/store_item_assets/steam/apps/257069588/6998a73a03055fd38097e05e8f95198e109367d1/movie_600x337.jpg?t=1730341606'),
(6, 'https://video.fastly.steamstatic.com/store_trailers/257065669/movie480.mp4?t=1729147927', 'https://video.fastly.steamstatic.com/store_trailers/257065669/movie480_vp9.webm?t=1729147927', 'https://shared.fastly.steamstatic.com/store_item_assets/steam/apps/257065669/960358f27e2e139c436825bc1aa0e9c379064657/movie_600x337.jpg?t=1729147927'),
(6, 'https://video.fastly.steamstatic.com/store_trailers/257065387/movie480.mp4?t=1729148014', 'https://video.fastly.steamstatic.com/store_trailers/257065387/movie480_vp9.webm?t=1729148014', 'https://shared.fastly.steamstatic.com/store_item_assets/steam/apps/257065387/829a1378ba56160c505530d43b7865f6cbb1796f/movie_600x337.jpg?t=1729148014'),
(6, 'https://video.fastly.steamstatic.com/store_trailers/257057563/movie480.mp4?t=1727143125', 'https://video.fastly.steamstatic.com/store_trailers/257057563/movie480_vp9.webm?t=1727143125', 'https://shared.fastly.steamstatic.com/store_item_assets/steam/apps/257057563/movie.293x165.jpg?t=1727143125'),
(6, 'https://video.fastly.steamstatic.com/store_trailers/257050230/movie480.mp4?t=1724897467', 'https://video.fastly.steamstatic.com/store_trailers/257050230/movie480_vp9.webm?t=1724897467', 'https://shared.fastly.steamstatic.com/store_item_assets/steam/apps/257050230/movie.293x165.jpg?t=1724897467'),
(6, 'https://video.fastly.steamstatic.com/store_trailers/257042444/movie480.mp4?t=1722564437', 'https://video.fastly.steamstatic.com/store_trailers/257042444/movie480_vp9.webm?t=1722564437', 'https://shared.fastly.steamstatic.com/store_item_assets/steam/apps/257042444/movie.293x165.jpg?t=1722564437'),
(6, 'https://video.fastly.steamstatic.com/store_trailers/257034980/movie480.mp4?t=1719972381', 'https://video.fastly.steamstatic.com/store_trailers/257034980/movie480_vp9.webm?t=1719972381', 'https://shared.fastly.steamstatic.com/store_item_assets/steam/apps/257034980/movie.293x165.jpg?t=1719972381'),
(6, 'https://video.fastly.steamstatic.com/store_trailers/257035222/movie480.mp4?t=1719972397', 'https://video.fastly.steamstatic.com/store_trailers/257035222/movie480_vp9.webm?t=1719972397', 'https://shared.fastly.steamstatic.com/store_item_assets/steam/apps/257035222/movie.293x165.jpg?t=1719972397'),
(6, 'https://video.fastly.steamstatic.com/store_trailers/257032682/movie480.mp4?t=1718942743', 'https://video.fastly.steamstatic.com/store_trailers/257032682/movie480_vp9.webm?t=1718942743', 'https://shared.fastly.steamstatic.com/store_item_assets/steam/apps/257032682/movie.293x165.jpg?t=1718942743'),
(6, 'https://video.fastly.steamstatic.com/store_trailers/257021889/movie480.mp4?t=1715253738', 'https://video.fastly.steamstatic.com/store_trailers/257021889/movie480_vp9.webm?t=1715253738', 'https://shared.fastly.steamstatic.com/store_item_assets/steam/apps/257021889/movie.293x165.jpg?t=1715253738'),
(6, 'https://video.fastly.steamstatic.com/store_trailers/257014450/movie480.mp4?t=1712820488', 'https://video.fastly.steamstatic.com/store_trailers/257014450/movie480_vp9.webm?t=1712820488', 'https://shared.fastly.steamstatic.com/store_item_assets/steam/apps/257014450/movie.293x165.jpg?t=1712820488'),
(6, 'https://video.fastly.steamstatic.com/store_trailers/256997823/movie480.mp4?t=1706759427', 'https://video.fastly.steamstatic.com/store_trailers/256997823/movie480_vp9.webm?t=1706759427', 'https://shared.fastly.steamstatic.com/store_item_assets/steam/apps/256997823/movie.293x165.jpg?t=1706759427'),
(6, 'https://video.fastly.steamstatic.com/store_trailers/256996398/movie480.mp4?t=1706759438', 'https://video.fastly.steamstatic.com/store_trailers/256996398/movie480_vp9.webm?t=1706759438', 'https://shared.fastly.steamstatic.com/store_item_assets/steam/apps/256996398/movie.293x165.jpg?t=1706759438'),
(6, 'https://video.fastly.steamstatic.com/store_trailers/256994272/movie480.mp4?t=1705549270', 'https://video.fastly.steamstatic.com/store_trailers/256994272/movie480_vp9.webm?t=1705549270', 'https://shared.fastly.steamstatic.com/store_item_assets/steam/apps/256994272/movie.293x165.jpg?t=1705549270'),
(6, 'https://video.fastly.steamstatic.com/store_trailers/256992022/movie480.mp4?t=1704334761', 'https://video.fastly.steamstatic.com/store_trailers/256992022/movie480_vp9.webm?t=1704334761', 'https://shared.fastly.steamstatic.com/store_item_assets/steam/apps/256992022/movie.293x165.jpg?t=1704334761'),
(6, 'https://video.fastly.steamstatic.com/store_trailers/256991854/movie480.mp4?t=1704334773', 'https://video.fastly.steamstatic.com/store_trailers/256991854/movie480_vp9.webm?t=1704334773', 'https://shared.fastly.steamstatic.com/store_item_assets/steam/apps/256991854/movie.293x165.jpg?t=1704334773'),
(6, 'https://video.fastly.steamstatic.com/store_trailers/256990271/movie480.mp4?t=1703141278', 'https://video.fastly.steamstatic.com/store_trailers/256990271/movie480_vp9.webm?t=1703141278', 'https://shared.fastly.steamstatic.com/store_item_assets/steam/apps/256990271/movie.293x165.jpg?t=1703141278'),
(6, 'https://video.fastly.steamstatic.com/store_trailers/256957929/movie480.mp4?t=1689283195', 'https://video.fastly.steamstatic.com/store_trailers/256957929/movie480_vp9.webm?t=1689283195', 'https://shared.fastly.steamstatic.com/store_item_assets/steam/apps/256957929/movie.293x165.jpg?t=1689283195'),
(6, 'https://video.fastly.steamstatic.com/store_trailers/256957930/movie480.mp4?t=1689283190', 'https://video.fastly.steamstatic.com/store_trailers/256957930/movie480_vp9.webm?t=1689283190', 'https://shared.fastly.steamstatic.com/store_item_assets/steam/apps/256957930/movie.293x165.jpg?t=1689283190');

INSERT INTO products (id, title, type, description, price, discount, discountStartDate, discountEndDate, releaseDate, rating, isActive, headerImage)
VALUES (7, 'Palworld', 'Game', 'Fight, farm, build and work alongside mysterious creatures called "Pals" in this completely new multiplayer, open world survival and crafting game!', 29.99, 0, NULL, NULL, '2024-01-19', 0, TRUE, 'https://shared.fastly.steamstatic.com/store_item_assets/steam/apps/1623730/header.jpg?t=1735302362');

INSERT INTO product_developers (product_id, developer) VALUES
(7, 'Pocketpair');

INSERT INTO product_publishers (product_id, publisher) VALUES
(7, 'Pocketpair');

INSERT INTO product_platforms (product_id, platform) VALUES
(7, 'Windows');

INSERT INTO product_genres (product_id, genre) VALUES
(7, 'Action'),
(7, 'Adventure'),
(7, 'Indie'),
(7, 'RPG'),
(7, 'Early Access');

INSERT INTO product_tags (product_id, tag) VALUES
(7, 'Open World'),
(7, 'Survival'),
(7, 'Creature Collector'),
(7, 'Multiplayer'),
(7, 'Open World Survival Craft'),
(7, 'Crafting'),
(7, 'Co-op'),
(7, 'Adventure'),
(7, 'Sandbox'),
(7, 'Third-Person Shooter'),
(7, 'Automation'),
(7, 'Action'),
(7, 'RPG'),
(7, 'Early Access'),
(7, 'Anime'),
(7, 'PvE'),
(7, '3D'),
(7, 'Indie'),
(7, 'Looter Shooter'),
(7, 'Hack and Slash');

INSERT INTO product_features (product_id, feature) VALUES
(7, 'Single-player'),
(7, 'Online Co-op'),
(7, 'Steam Achievements'),
(7, 'Steam Cloud'),
(7, 'Family Sharing');

INSERT INTO product_system_requirements (product_id, platform, title, minimum, recommended) VALUES (7, 'win', 'OS', 'Windows 10 or later (64-Bit)', 'Windows 10 or later (64-Bit)');

INSERT INTO product_system_requirements (product_id, platform, title, minimum, recommended) VALUES (7, 'win', 'Processor', 'i5-3570K 3.4 GHz 4 Core', 'i9-9900K 3.6 GHz 8 Core');

INSERT INTO product_system_requirements (product_id, platform, title, minimum, recommended) VALUES (7, 'win', 'Memory', '16 GB RAM', '32 GB RAM');

INSERT INTO product_system_requirements (product_id, platform, title, minimum, recommended) VALUES (7, 'win', 'Graphics', 'GeForce GTX 1050 (2GB)', 'GeForce RTX 2070');

INSERT INTO product_system_requirements (product_id, platform, title, minimum, recommended) VALUES (7, 'win', 'DirectX', 'Version 11', 'Version 11');

INSERT INTO product_system_requirements (product_id, platform, title, minimum, recommended) VALUES (7, 'win', 'Network', 'Broadband Internet connection', 'Broadband Internet connection');

INSERT INTO product_system_requirements (product_id, platform, title, minimum, recommended) VALUES (7, 'win', 'Storage', '40 GB available space', '40 GB available space');

INSERT INTO product_system_requirements (product_id, platform, title, minimum, recommended) VALUES (7, 'win', 'Additional Notes', 'Internet connection required for multiplayer. SSD required.', 'Internet connection required for multiplayer. SSD required.');

INSERT INTO product_screenshots (product_id, screenshot) VALUES
(7, 'https://shared.fastly.steamstatic.com/store_item_assets/steam/apps/1623730/ss_f81b7c4f20be3b99f76a1415c4cdb9b444c99b97.1920x1080.jpg?t=1735302362'),
(7, 'https://shared.fastly.steamstatic.com/store_item_assets/steam/apps/1623730/ss_a9fa84f0c21bc536f00925ab4586e8c4f587c2b7.1920x1080.jpg?t=1735302362'),
(7, 'https://shared.fastly.steamstatic.com/store_item_assets/steam/apps/1623730/ss_b3cea7c9f04a67d784d4c6a0c157a11d6268b189.1920x1080.jpg?t=1735302362'),
(7, 'https://shared.fastly.steamstatic.com/store_item_assets/steam/apps/1623730/ss_06e27c15c7b4b10233c937b887cf6a6925c83009.1920x1080.jpg?t=1735302362'),
(7, 'https://shared.fastly.steamstatic.com/store_item_assets/steam/apps/1623730/ss_0c8cbc20442b948c91b02d9e1b41bf0638a07c08.1920x1080.jpg?t=1735302362'),
(7, 'https://shared.fastly.steamstatic.com/store_item_assets/steam/apps/1623730/ss_a99fba5536acde781bd863cb3555c10b5b96c0ae.1920x1080.jpg?t=1735302362'),
(7, 'https://shared.fastly.steamstatic.com/store_item_assets/steam/apps/1623730/ss_1e47bb8bbfaaaf3282bfb5d253378832b55c4e56.1920x1080.jpg?t=1735302362'),
(7, 'https://shared.fastly.steamstatic.com/store_item_assets/steam/apps/1623730/ss_6ce0960860f1009b7d10ba225ead4cc377286115.1920x1080.jpg?t=1735302362'),
(7, 'https://shared.fastly.steamstatic.com/store_item_assets/steam/apps/1623730/ss_39fc644a464b4df4348ddba1e78274513a152e86.1920x1080.jpg?t=1735302362'),
(7, 'https://shared.fastly.steamstatic.com/store_item_assets/steam/apps/1623730/ss_b7165373da28ac0088fb89c6444aa2de6dd68bca.1920x1080.jpg?t=1735302362'),
(7, 'https://shared.fastly.steamstatic.com/store_item_assets/steam/apps/1623730/ss_4c403dcd22f20a11524269c71f9feec96085a762.1920x1080.jpg?t=1735302362'),
(7, 'https://shared.fastly.steamstatic.com/store_item_assets/steam/apps/1623730/ss_c512fb42986a5438ea5ef3c5fda901428b2717d0.1920x1080.jpg?t=1735302362'),
(7, 'https://shared.fastly.steamstatic.com/store_item_assets/steam/apps/1623730/ss_0e8191de3d7cbcd0c3f1350712f4c08f39ad7360.1920x1080.jpg?t=1735302362'),
(7, 'https://shared.fastly.steamstatic.com/store_item_assets/steam/apps/1623730/ss_43ed640c916ec689981a74f0818e5b9c77204d1c.1920x1080.jpg?t=1735302362'),
(7, 'https://shared.fastly.steamstatic.com/store_item_assets/steam/apps/1623730/ss_c6a8e8dc8640ebd1409b1e72fe6e9db7d1c1d57a.1920x1080.jpg?t=1735302362'),
(7, 'https://shared.fastly.steamstatic.com/store_item_assets/steam/apps/1623730/ss_22508261f9d361c8dda95e8adc54292ad085e8e1.1920x1080.jpg?t=1735302362'),
(7, 'https://shared.fastly.steamstatic.com/store_item_assets/steam/apps/1623730/ss_83afcc8fbdd3eaa9f9d165f2748438c837697cf8.1920x1080.jpg?t=1735302362'),
(7, 'https://shared.fastly.steamstatic.com/store_item_assets/steam/apps/1623730/ss_1e6f7cf3c58086df2a3e9b13a988c2681d372b2d.1920x1080.jpg?t=1735302362'),
(7, 'https://shared.fastly.steamstatic.com/store_item_assets/steam/apps/1623730/ss_eb977f87934660f2489b7c7254d0597f7295dda6.1920x1080.jpg?t=1735302362'),
(7, 'https://shared.fastly.steamstatic.com/store_item_assets/steam/apps/1623730/ss_27258f5e9161bbffe37393e3b6752ad3bc1233c1.1920x1080.jpg?t=1735302362'),
(7, 'https://shared.fastly.steamstatic.com/store_item_assets/steam/apps/1623730/ss_cf527d8bf54155b3248fa4b8faa98c0beb5ace78.1920x1080.jpg?t=1735302362'),
(7, 'https://shared.fastly.steamstatic.com/store_item_assets/steam/apps/1623730/ss_bfcd7841f6ffb97d660c7fd59384bf884ff29277.1920x1080.jpg?t=1735302362'),
(7, 'https://shared.fastly.steamstatic.com/store_item_assets/steam/apps/1623730/ss_510facc1a2137ce7b23b5ddf3020ba592f7c219f.1920x1080.jpg?t=1735302362'),
(7, 'https://shared.fastly.steamstatic.com/store_item_assets/steam/apps/1623730/ss_2f757762ccaf1eb73150b6bc4746c60ac789620d.1920x1080.jpg?t=1735302362'),
(7, 'https://shared.fastly.steamstatic.com/store_item_assets/steam/apps/1623730/ss_15dc4745d8adce7760cebbc709add652733fc879.1920x1080.jpg?t=1735302362'),
(7, 'https://shared.fastly.steamstatic.com/store_item_assets/steam/apps/1623730/ss_a1776c54619eb6ce36ce94aba808147f7fbb86c7.1920x1080.jpg?t=1735302362'),
(7, 'https://shared.fastly.steamstatic.com/store_item_assets/steam/apps/1623730/ss_d48e09d0d23fef2b35e59d8c0caa4b7cf74cd48c.1920x1080.jpg?t=1735302362'),
(7, 'https://shared.fastly.steamstatic.com/store_item_assets/steam/apps/1623730/ss_494f7882674e5d893ca68750ef461f789a24af93.1920x1080.jpg?t=1735302362'),
(7, 'https://shared.fastly.steamstatic.com/store_item_assets/steam/apps/1623730/ss_88c603ab6cd66c229d3283d312a50d14e3e4c77c.1920x1080.jpg?t=1735302362');

INSERT INTO product_videos (product_id, mp4, webm, thumbnail) VALUES
(7, 'https://video.fastly.steamstatic.com/store_trailers/257084290/movie480.mp4?t=1734923381', 'https://video.fastly.steamstatic.com/store_trailers/257084290/movie480_vp9.webm?t=1734923381', 'https://shared.fastly.steamstatic.com/store_item_assets/steam/apps/257084290/d2034ce374c86510a85b80461871c25e31d733f2/movie_600x337.jpg?t=1734923381'),
(7, 'https://video.fastly.steamstatic.com/store_trailers/257081688/movie480.mp4?t=1734057263', 'https://video.fastly.steamstatic.com/store_trailers/257081688/movie480_vp9.webm?t=1734057263', 'https://shared.fastly.steamstatic.com/store_item_assets/steam/apps/257081688/d0587b8499f16e5b11bf31b40567d67bee2c4a7a/movie_600x337.jpg?t=1734057263'),
(7, 'https://video.fastly.steamstatic.com/store_trailers/257063169/movie480.mp4?t=1728458616', 'https://video.fastly.steamstatic.com/store_trailers/257063169/movie480_vp9.webm?t=1728458616', 'https://shared.fastly.steamstatic.com/store_item_assets/steam/apps/257063169/084395342751e9a744618965356e900873d6c193/movie_600x337.jpg?t=1728458616'),
(7, 'https://video.fastly.steamstatic.com/store_trailers/257034169/movie480.mp4?t=1728458620', 'https://video.fastly.steamstatic.com/store_trailers/257034169/movie480_vp9.webm?t=1728458620', 'https://shared.fastly.steamstatic.com/store_item_assets/steam/apps/257034169/movie.293x165.jpg?t=1728458620');

INSERT INTO products (id, title, type, description, price, discount, discountStartDate, discountEndDate, releaseDate, rating, isActive, headerImage)
VALUES (8, 'Wallpaper Engine', 'Game', 'Use stunning live wallpapers on your desktop. Animate your own images to create new wallpapers or import videos/websites and share them on the Steam Workshop!', 4.99, 0, NULL, NULL, '2018-11-01', 0, TRUE, 'https://shared.fastly.steamstatic.com/store_item_assets/steam/apps/431960/header.jpg?t=1733409718');

INSERT INTO product_developers (product_id, developer) VALUES
(8, 'Wallpaper Engine Team');

INSERT INTO product_publishers (product_id, publisher) VALUES
(8, 'Wallpaper Engine Team');

INSERT INTO product_platforms (product_id, platform) VALUES
(8, 'Windows');

INSERT INTO product_genres (product_id, genre) VALUES
(8, 'Casual'),
(8, 'Indie'),
(8, 'Animation & Modeling'),
(8, 'Design & Illustration'),
(8, 'Photo Editing'),
(8, 'Utilities');

INSERT INTO product_tags (product_id, tag) VALUES
(8, 'Mature'),
(8, 'Utilities'),
(8, 'Anime'),
(8, 'Software'),
(8, 'Design & Illustration'),
(8, 'Animation & Modeling'),
(8, 'NSFW'),
(8, 'First-Person'),
(8, 'Indie'),
(8, 'Memes'),
(8, 'Cute'),
(8, 'Action'),
(8, 'Singleplayer'),
(8, 'Funny'),
(8, 'Early Access'),
(8, 'Photo Editing'),
(8, 'Sandbox'),
(8, 'Horror'),
(8, 'Game Development'),
(8, 'Gaming');

INSERT INTO product_features (product_id, feature) VALUES
(8, 'Steam Achievements'),
(8, 'Steam Trading Cards'),
(8, 'Steam Workshop'),
(8, 'Includes level editor');

INSERT INTO product_system_requirements (product_id, platform, title, minimum, recommended) VALUES (8, 'win', 'OS', 'Windows 10, Windows 11', 'Windows 10, Windows 11');

INSERT INTO product_system_requirements (product_id, platform, title, minimum, recommended) VALUES (8, 'win', 'Processor', '1.66 GHz Intel i5 or equivalent', '2.0 GHz Intel i7 or equivalent');

INSERT INTO product_system_requirements (product_id, platform, title, minimum, recommended) VALUES (8, 'win', 'Memory', '1024 MB RAM', '2048 MB RAM');

INSERT INTO product_system_requirements (product_id, platform, title, minimum, recommended) VALUES (8, 'win', 'Graphics', 'HD Graphics 4000 or above', 'NVIDIA GeForce GTX 660, AMD HD7870, 2 GB VRAM or above');

INSERT INTO product_system_requirements (product_id, platform, title, minimum, recommended) VALUES (8, 'win', 'DirectX', 'Version 11', 'Version 11');

INSERT INTO product_system_requirements (product_id, platform, title, minimum, recommended) VALUES (8, 'win', 'Network', '', '');

INSERT INTO product_system_requirements (product_id, platform, title, minimum, recommended) VALUES (8, 'win', 'Storage', '512 MB available space', '1024 MB available space');

INSERT INTO product_system_requirements (product_id, platform, title, minimum, recommended) VALUES (8, 'win', 'Additional Notes', 'Windows N versions require the ''Media Feature Pack'' from Microsoft.', 'Mobile App requires Android 8.1 or newer');

INSERT INTO product_screenshots (product_id, screenshot) VALUES
(8, 'https://shared.fastly.steamstatic.com/store_item_assets/steam/apps/431960/ss_5aec3335b1ae2300aa91da990d7e24541ddcf68d.1920x1080.jpg?t=1733409718'),
(8, 'https://shared.fastly.steamstatic.com/store_item_assets/steam/apps/431960/ss_39ed0a9730b67a930acb8ceed221cc968bee7731.1920x1080.jpg?t=1733409718'),
(8, 'https://shared.fastly.steamstatic.com/store_item_assets/steam/apps/431960/ss_3f539468e81b897f28ea5e3de4b8cfdfe7220a21.1920x1080.jpg?t=1733409718'),
(8, 'https://shared.fastly.steamstatic.com/store_item_assets/steam/apps/431960/ss_c63a5b855bf66be02b7d1c167987f7cf2a38870a.1920x1080.jpg?t=1733409718'),
(8, 'https://shared.fastly.steamstatic.com/store_item_assets/steam/apps/431960/ss_808f5bf41901376fdddc1a2edbbd9e4f08a06348.1920x1080.jpg?t=1733409718'),
(8, 'https://shared.fastly.steamstatic.com/store_item_assets/steam/apps/431960/ss_4de8564700e99ba7ecac2794127cc85ceba63778.1920x1080.jpg?t=1733409718'),
(8, 'https://shared.fastly.steamstatic.com/store_item_assets/steam/apps/431960/ss_a8e380eb7b8676c1b1a1a9894e87a12ef0aaf542.1920x1080.jpg?t=1733409718'),
(8, 'https://shared.fastly.steamstatic.com/store_item_assets/steam/apps/431960/ss_a57cba85acf4d5b27f9db75e5303b9b07e6e5daa.1920x1080.jpg?t=1733409718'),
(8, 'https://shared.fastly.steamstatic.com/store_item_assets/steam/apps/431960/ss_9f1094eef4852beda43b5d243562dc39be27be79.1920x1080.jpg?t=1733409718'),
(8, 'https://shared.fastly.steamstatic.com/store_item_assets/steam/apps/431960/ss_03355afd883aa905003bc11f6ad9427cf9f33297.1920x1080.jpg?t=1733409718'),
(8, 'https://shared.fastly.steamstatic.com/store_item_assets/steam/apps/431960/ss_f108ba1594d36d11b0ffed98af4134c1a560b166.1920x1080.jpg?t=1733409718'),
(8, 'https://shared.fastly.steamstatic.com/store_item_assets/steam/apps/431960/ss_dcc02834621a8871ba951ff56ee3e76aa9280e2f.1920x1080.jpg?t=1733409718'),
(8, 'https://shared.fastly.steamstatic.com/store_item_assets/steam/apps/431960/ss_6fb1c2f1bfcb140dc506d017ef0c6f9ba1853d34.1920x1080.jpg?t=1733409718');

INSERT INTO product_videos (product_id, mp4, webm, thumbnail) VALUES
(8, 'https://video.fastly.steamstatic.com/store_trailers/256735610/movie480.mp4?t=1637933023', 'https://video.fastly.steamstatic.com/store_trailers/256735610/movie480_vp9.webm?t=1637933023', 'https://shared.fastly.steamstatic.com/store_item_assets/steam/apps/256735610/movie.293x165.jpg?t=1637933023');

INSERT INTO products (id, title, type, description, price, discount, discountStartDate, discountEndDate, releaseDate, rating, isActive, headerImage)
VALUES (9, 'Apex Legends™', 'Game', 'Apex Legends is the award-winning, free-to-play Hero Shooter from Respawn Entertainment. Master an ever-growing roster of legendary characters with powerful abilities, and experience strategic squad play and innovative gameplay in the next evolution of Hero Shooter and Battle Royale.', 0, 0, NULL, NULL, '2020-11-05', 0, TRUE, 'https://shared.fastly.steamstatic.com/store_item_assets/steam/apps/1172470/header.jpg?t=1734541502');

INSERT INTO product_developers (product_id, developer) VALUES
(9, 'Respawn');

INSERT INTO product_publishers (product_id, publisher) VALUES
(9, 'Electronic Arts');

INSERT INTO product_platforms (product_id, platform) VALUES
(9, 'Windows');

INSERT INTO product_genres (product_id, genre) VALUES
(9, 'Action'),
(9, 'Adventure'),
(9, 'Free To Play');

INSERT INTO product_tags (product_id, tag) VALUES
(9, 'Free to Play'),
(9, 'Battle Royale'),
(9, 'Multiplayer'),
(9, 'FPS'),
(9, 'Shooter'),
(9, 'First-Person'),
(9, 'PvP'),
(9, 'Action'),
(9, 'Hero Shooter'),
(9, 'Team-Based'),
(9, 'Tactical'),
(9, 'Sci-fi'),
(9, 'Survival'),
(9, 'Loot'),
(9, 'Character Customization'),
(9, 'Co-op'),
(9, 'Funny'),
(9, 'Lore-Rich'),
(9, 'Cyberpunk'),
(9, 'Cinematic');

INSERT INTO product_features (product_id, feature) VALUES
(9, 'Online PvP'),
(9, 'Online Co-op'),
(9, 'Steam Achievements'),
(9, 'Steam Trading Cards'),
(9, 'In-App Purchases');

INSERT INTO product_system_requirements (product_id, platform, title, minimum, recommended) VALUES (9, 'win', 'OS', '64-bit Windows 10', '64-bit Windows 10');

INSERT INTO product_system_requirements (product_id, platform, title, minimum, recommended) VALUES (9, 'win', 'Processor', 'AMD FX 4350 or Equivalent, Intel Core i3 6300 or Equivalent', 'Ryzen 5 CPU or Equivalent');

INSERT INTO product_system_requirements (product_id, platform, title, minimum, recommended) VALUES (9, 'win', 'Memory', '6 GB RAM', '8 GB RAM');

INSERT INTO product_system_requirements (product_id, platform, title, minimum, recommended) VALUES (9, 'win', 'Graphics', 'AMD Radeon™ HD 7730, NVIDIA GeForce® GT 640', 'AMD Radeon™ R9 290, NVIDIA GeForce® GTX 970');

INSERT INTO product_system_requirements (product_id, platform, title, minimum, recommended) VALUES (9, 'win', 'DirectX', 'Version 11', 'Version 11');

INSERT INTO product_system_requirements (product_id, platform, title, minimum, recommended) VALUES (9, 'win', 'Network', 'Broadband Internet connection', 'Broadband Internet connection');

INSERT INTO product_system_requirements (product_id, platform, title, minimum, recommended) VALUES (9, 'win', 'Storage', '75 GB available space', '75 GB available space');

INSERT INTO product_system_requirements (product_id, platform, title, minimum, recommended) VALUES (9, 'win', 'Additional Notes', '~3.8GB for 1 localized language', '~3.8GB for 1 localized language');

INSERT INTO product_screenshots (product_id, screenshot) VALUES
(9, 'https://shared.fastly.steamstatic.com/store_item_assets/steam/apps/1172470/ss_6be87726df49a188a6d4bb9d712191b5547e8c9d.1920x1080.jpg?t=1734541502'),
(9, 'https://shared.fastly.steamstatic.com/store_item_assets/steam/apps/1172470/ss_4488cb162bbb0e0d2e6c17be612035bb6349bcca.1920x1080.jpg?t=1734541502'),
(9, 'https://shared.fastly.steamstatic.com/store_item_assets/steam/apps/1172470/ss_fab213cdd1f3d8699087b92b72057a96ad868726.1920x1080.jpg?t=1734541502'),
(9, 'https://shared.fastly.steamstatic.com/store_item_assets/steam/apps/1172470/ss_677940d4d4bd5f3d7bc2cca36f73785a98f2298c.1920x1080.jpg?t=1734541502'),
(9, 'https://shared.fastly.steamstatic.com/store_item_assets/steam/apps/1172470/ss_6757e9de570afd0e5a118c8519a7ddef4a409221.1920x1080.jpg?t=1734541502');

INSERT INTO product_videos (product_id, mp4, webm, thumbnail) VALUES
(9, 'https://video.fastly.steamstatic.com/store_trailers/257076425/movie480.mp4?t=1732533132', 'https://video.fastly.steamstatic.com/store_trailers/257076425/movie480_vp9.webm?t=1732533132', 'https://shared.fastly.steamstatic.com/store_item_assets/steam/apps/257076425/d50c0845e164d07262a088827d5016fb5e9fcec4/movie_600x337.jpg?t=1732533132'),
(9, 'https://video.fastly.steamstatic.com/store_trailers/257083161/movie480.mp4?t=1734541491', 'https://video.fastly.steamstatic.com/store_trailers/257083161/movie480_vp9.webm?t=1734541491', 'https://shared.fastly.steamstatic.com/store_item_assets/steam/apps/257083161/c1cd3fa39e3f0c0296cf3e230793968c29908858/movie_600x337.jpg?t=1734541491'),
(9, 'https://video.fastly.steamstatic.com/store_trailers/257071165/movie480.mp4?t=1730895174', 'https://video.fastly.steamstatic.com/store_trailers/257071165/movie480_vp9.webm?t=1730895174', 'https://shared.fastly.steamstatic.com/store_item_assets/steam/apps/257071165/3591aa9fc7dbcd20d30b430473cd1a2c97bc30cd/movie_600x337.jpg?t=1730895174');

INSERT INTO products (id, title, type, description, price, discount, discountStartDate, discountEndDate, releaseDate, rating, isActive, headerImage)
VALUES (10, 'Stardew Valley', 'Game', 'You’ve inherited your grandfather’s old farm plot in Stardew Valley. Armed with hand-me-down tools and a few coins, you set out to begin your new life. Can you learn to live off the land and turn these overgrown fields into a thriving home?', 14.99, 0, NULL, NULL, '2016-02-27', 0, TRUE, 'https://shared.fastly.steamstatic.com/store_item_assets/steam/apps/413150/header.jpg?t=1711128146');

INSERT INTO product_developers (product_id, developer) VALUES
(10, 'ConcernedApe');

INSERT INTO product_publishers (product_id, publisher) VALUES
(10, 'ConcernedApe');

INSERT INTO product_platforms (product_id, platform) VALUES
(10, 'Windows');

INSERT INTO product_genres (product_id, genre) VALUES
(10, 'Indie'),
(10, 'RPG'),
(10, 'Simulation');

INSERT INTO product_tags (product_id, tag) VALUES
(10, 'Farming Sim'),
(10, 'Pixel Graphics'),
(10, 'Life Sim'),
(10, 'Multiplayer'),
(10, 'RPG'),
(10, 'Relaxing'),
(10, 'Agriculture'),
(10, 'Simulation'),
(10, 'Crafting'),
(10, 'Sandbox'),
(10, 'Indie'),
(10, 'Building'),
(10, 'Singleplayer'),
(10, 'Casual'),
(10, 'Open World'),
(10, '2D'),
(10, 'Cute'),
(10, 'Dating Sim'),
(10, 'Great Soundtrack'),
(10, 'Fishing');

INSERT INTO product_features (product_id, feature) VALUES
(10, 'Single-player'),
(10, 'Online Co-op'),
(10, 'LAN Co-op'),
(10, 'Shared/Split Screen Co-op'),
(10, 'Steam Achievements'),
(10, 'Steam Trading Cards'),
(10, 'Steam Cloud'),
(10, 'Remote Play on Phone'),
(10, 'Remote Play on Tablet'),
(10, 'Remote Play Together'),
(10, 'Family Sharing');

INSERT INTO product_system_requirements (product_id, platform, title, minimum, recommended) VALUES (10, 'win', 'OS', '', '');

INSERT INTO product_system_requirements (product_id, platform, title, minimum, recommended) VALUES (10, 'win', 'Processor', '', '');

INSERT INTO product_system_requirements (product_id, platform, title, minimum, recommended) VALUES (10, 'win', 'Memory', '', '');

INSERT INTO product_system_requirements (product_id, platform, title, minimum, recommended) VALUES (10, 'win', 'Graphics', '', '');

INSERT INTO product_system_requirements (product_id, platform, title, minimum, recommended) VALUES (10, 'win', 'DirectX', '', '');

INSERT INTO product_system_requirements (product_id, platform, title, minimum, recommended) VALUES (10, 'win', 'Network', '', '');

INSERT INTO product_system_requirements (product_id, platform, title, minimum, recommended) VALUES (10, 'win', 'Storage', '', '');

INSERT INTO product_system_requirements (product_id, platform, title, minimum, recommended) VALUES (10, 'win', 'Additional Notes', '', '');

INSERT INTO product_system_requirements (product_id, platform, title, minimum, recommended) VALUES (10, 'mac', 'OS', '', '');

INSERT INTO product_system_requirements (product_id, platform, title, minimum, recommended) VALUES (10, 'mac', 'Processor', '', '');

INSERT INTO product_system_requirements (product_id, platform, title, minimum, recommended) VALUES (10, 'mac', 'Memory', '', '');

INSERT INTO product_system_requirements (product_id, platform, title, minimum, recommended) VALUES (10, 'mac', 'Graphics', '', '');

INSERT INTO product_system_requirements (product_id, platform, title, minimum, recommended) VALUES (10, 'mac', 'DirectX', '', '');

INSERT INTO product_system_requirements (product_id, platform, title, minimum, recommended) VALUES (10, 'mac', 'Network', '', '');

INSERT INTO product_system_requirements (product_id, platform, title, minimum, recommended) VALUES (10, 'mac', 'Storage', '', '');

INSERT INTO product_system_requirements (product_id, platform, title, minimum, recommended) VALUES (10, 'mac', 'Additional Notes', '', '');

INSERT INTO product_system_requirements (product_id, platform, title, minimum, recommended) VALUES (10, 'linux', 'OS', '', '');

INSERT INTO product_system_requirements (product_id, platform, title, minimum, recommended) VALUES (10, 'linux', 'Processor', '', '');

INSERT INTO product_system_requirements (product_id, platform, title, minimum, recommended) VALUES (10, 'linux', 'Memory', '', '');

INSERT INTO product_system_requirements (product_id, platform, title, minimum, recommended) VALUES (10, 'linux', 'Graphics', '', '');

INSERT INTO product_system_requirements (product_id, platform, title, minimum, recommended) VALUES (10, 'linux', 'DirectX', '', '');

INSERT INTO product_system_requirements (product_id, platform, title, minimum, recommended) VALUES (10, 'linux', 'Network', '', '');

INSERT INTO product_system_requirements (product_id, platform, title, minimum, recommended) VALUES (10, 'linux', 'Storage', '', '');

INSERT INTO product_system_requirements (product_id, platform, title, minimum, recommended) VALUES (10, 'linux', 'Additional Notes', '', '');

INSERT INTO product_screenshots (product_id, screenshot) VALUES
(10, 'https://shared.fastly.steamstatic.com/store_item_assets/steam/apps/413150/ss_b887651a93b0525739049eb4194f633de2df75be.1920x1080.jpg?t=1711128146'),
(10, 'https://shared.fastly.steamstatic.com/store_item_assets/steam/apps/413150/ss_9ac899fe2cda15d48b0549bba77ef8c4a090a71c.1920x1080.jpg?t=1711128146'),
(10, 'https://shared.fastly.steamstatic.com/store_item_assets/steam/apps/413150/ss_4fa0866709ede3753fdf2745349b528d5e8c4054.1920x1080.jpg?t=1711128146'),
(10, 'https://shared.fastly.steamstatic.com/store_item_assets/steam/apps/413150/ss_d836f0a5b0447fb6a2bdb0a6ac5f954949d3c41e.1920x1080.jpg?t=1711128146'),
(10, 'https://shared.fastly.steamstatic.com/store_item_assets/steam/apps/413150/ss_10628b4a811c0a925a1433d4323f78c7017dbbe4.1920x1080.jpg?t=1711128146'),
(10, 'https://shared.fastly.steamstatic.com/store_item_assets/steam/apps/413150/ss_6422d297347258086b389e3d5d9c0e0c698312e4.1920x1080.jpg?t=1711128146'),
(10, 'https://shared.fastly.steamstatic.com/store_item_assets/steam/apps/413150/ss_a3ddf22cda3bd722df77dbdd58dbec393906b654.1920x1080.jpg?t=1711128146'),
(10, 'https://shared.fastly.steamstatic.com/store_item_assets/steam/apps/413150/ss_30aeedc47e731232ade368831a598d6545346f70.1920x1080.jpg?t=1711128146'),
(10, 'https://shared.fastly.steamstatic.com/store_item_assets/steam/apps/413150/ss_64d942a86eb527ac817f30cc04406796860a6fc1.1920x1080.jpg?t=1711128146'),
(10, 'https://shared.fastly.steamstatic.com/store_item_assets/steam/apps/413150/ss_37f15ea893ec1fa7c9e73106f512e98161bac61b.1920x1080.jpg?t=1711128146'),
(10, 'https://shared.fastly.steamstatic.com/store_item_assets/steam/apps/413150/ss_5e327e4cfc49d8137f8014e728eae3c0e6be2dca.1920x1080.jpg?t=1711128146'),
(10, 'https://shared.fastly.steamstatic.com/store_item_assets/steam/apps/413150/ss_980472fb4f4860639155880938b6ec292a0648c4.1920x1080.jpg?t=1711128146'),
(10, 'https://shared.fastly.steamstatic.com/store_item_assets/steam/apps/413150/ss_f79d2066dfaf32bbe87868d36db4845f771eddbd.1920x1080.jpg?t=1711128146'),
(10, 'https://shared.fastly.steamstatic.com/store_item_assets/steam/apps/413150/ss_4ff3fe6e9555052aaa076866407b0ba68fe73132.1920x1080.jpg?t=1711128146'),
(10, 'https://shared.fastly.steamstatic.com/store_item_assets/steam/apps/413150/ss_dee23745da417d2ceb0b16d9238bddbf5e227138.1920x1080.jpg?t=1711128146'),
(10, 'https://shared.fastly.steamstatic.com/store_item_assets/steam/apps/413150/ss_f6f4c727570d753b2b5d8da6af4e0c38fe489059.1920x1080.jpg?t=1711128146');

INSERT INTO product_videos (product_id, mp4, webm, thumbnail) VALUES
(10, 'https://video.fastly.steamstatic.com/store_trailers/256660296/movie480.mp4?t=1454099186', 'https://video.fastly.steamstatic.com/store_trailers/256660296/movie480.webm?t=1454099186', 'https://shared.fastly.steamstatic.com/store_item_assets/steam/apps/256660296/movie.293x165.jpg?t=1454099186');

INSERT INTO products (id, title, type, description, price, discount, discountStartDate, discountEndDate, releaseDate, rating, isActive, headerImage)
VALUES (11, 'Delta Force', 'Game', 'Delta Force is back! The iconic series returns as the definitive free-to-play modern team-based tactical shooter and featuring three distinct gameplay modes: large-scale PvP warfare, intense extraction shooter action, and a remake of the legendary Black Hawk Down campaign.', 0, 0, NULL, NULL, '2024-12-05', 0, TRUE, 'https://shared.fastly.steamstatic.com/store_item_assets/steam/apps/2507950/header.jpg?t=1736824416');

INSERT INTO product_developers (product_id, developer) VALUES
(11, 'Team Jade');

INSERT INTO product_publishers (product_id, publisher) VALUES
(11, 'TiMi Studio Group');

INSERT INTO product_platforms (product_id, platform) VALUES
(11, 'Windows');

INSERT INTO product_genres (product_id, genre) VALUES
(11, 'Action'),
(11, 'Adventure'),
(11, 'Massively Multiplayer'),
(11, 'Free To Play');

INSERT INTO product_tags (product_id, tag) VALUES
(11, 'Free to Play'),
(11, 'FPS'),
(11, 'Multiplayer'),
(11, 'Extraction Shooter'),
(11, 'Shooter'),
(11, 'Singleplayer'),
(11, 'Military'),
(11, 'Massively Multiplayer'),
(11, 'Action'),
(11, 'Tactical'),
(11, 'Online Co-Op'),
(11, 'PvP'),
(11, 'Survival'),
(11, 'War'),
(11, 'Looter Shooter'),
(11, 'Co-op'),
(11, '3D'),
(11, 'Open World'),
(11, 'Adventure'),
(11, 'Action-Adventure');

INSERT INTO product_features (product_id, feature) VALUES
(11, 'Single-player'),
(11, 'MMO'),
(11, 'Online PvP'),
(11, 'Online Co-op'),
(11, 'Cross-Platform Multiplayer'),
(11, 'Steam Trading Cards'),
(11, 'In-App Purchases');

INSERT INTO product_system_requirements (product_id, platform, title, minimum, recommended) VALUES (11, 'win', 'OS', 'Windows 10 64 bit', 'Windows 10 64 bit');

INSERT INTO product_system_requirements (product_id, platform, title, minimum, recommended) VALUES (11, 'win', 'Processor', 'Intel Core i3-4150 / AMD FX-6300', 'Intel Core i5-6500 / AMD Ryzen 5 1500x');

INSERT INTO product_system_requirements (product_id, platform, title, minimum, recommended) VALUES (11, 'win', 'Memory', '8 GB RAM', '16 GB RAM');

INSERT INTO product_system_requirements (product_id, platform, title, minimum, recommended) VALUES (11, 'win', 'Graphics', 'Nvidia Geforce GTX 660 / AMD HD 7870 / Intel Arc A380', 'Nvidia Geforce GTX 1060 5G / AMD RX5500 XT / Intel Arc A580');

INSERT INTO product_system_requirements (product_id, platform, title, minimum, recommended) VALUES (11, 'win', 'DirectX', 'Version 12', 'Version 12');

INSERT INTO product_system_requirements (product_id, platform, title, minimum, recommended) VALUES (11, 'win', 'Network', 'Broadband Internet connection', '');

INSERT INTO product_system_requirements (product_id, platform, title, minimum, recommended) VALUES (11, 'win', 'Storage', '60 GB available space', '60 GB available space');

INSERT INTO product_system_requirements (product_id, platform, title, minimum, recommended) VALUES (11, 'win', 'Additional Notes', '', '');

INSERT INTO product_screenshots (product_id, screenshot) VALUES
(11, 'https://shared.fastly.steamstatic.com/store_item_assets/steam/apps/2507950/ss_77974f7b3602b89f690def79b8e0f45f741107e0.1920x1080.jpg?t=1736824416'),
(11, 'https://shared.fastly.steamstatic.com/store_item_assets/steam/apps/2507950/ss_6921b0b2af4a531ee67ec7c46260da4f572e6934.1920x1080.jpg?t=1736824416'),
(11, 'https://shared.fastly.steamstatic.com/store_item_assets/steam/apps/2507950/ss_88d7ff2529260f5782f0fb842ccc78cc09bfba59.1920x1080.jpg?t=1736824416'),
(11, 'https://shared.fastly.steamstatic.com/store_item_assets/steam/apps/2507950/ss_234e46270b0363529a1c695ae0f2637969427000.1920x1080.jpg?t=1736824416'),
(11, 'https://shared.fastly.steamstatic.com/store_item_assets/steam/apps/2507950/ss_2cdeda82af7d7afe2b045cf4977447e2832793cd.1920x1080.jpg?t=1736824416'),
(11, 'https://shared.fastly.steamstatic.com/store_item_assets/steam/apps/2507950/ss_138f7cfa9ed3144f21bb475dbb2ef4afdb2565f1.1920x1080.jpg?t=1736824416'),
(11, 'https://shared.fastly.steamstatic.com/store_item_assets/steam/apps/2507950/ss_25b2b14bc38fb5aba1a279bce34e2c1eecab1f4b.1920x1080.jpg?t=1736824416'),
(11, 'https://shared.fastly.steamstatic.com/store_item_assets/steam/apps/2507950/ss_3d51cf2df79516b9b75713b1399d8952737e1246.1920x1080.jpg?t=1736824416'),
(11, 'https://shared.fastly.steamstatic.com/store_item_assets/steam/apps/2507950/ss_b0e552eaeffe089173b557b28ddc052613375003.1920x1080.jpg?t=1736824416'),
(11, 'https://shared.fastly.steamstatic.com/store_item_assets/steam/apps/2507950/ss_82cd2089cd2d3f28c7c11bfc70c9e9eb8ce29050.1920x1080.jpg?t=1736824416'),
(11, 'https://shared.fastly.steamstatic.com/store_item_assets/steam/apps/2507950/ss_fef3f2ef2ff5d1f4a8668375ef75cef0c3b492e7.1920x1080.jpg?t=1736824416'),
(11, 'https://shared.fastly.steamstatic.com/store_item_assets/steam/apps/2507950/ss_9ad2ea728c9d4096674658b944bc47a0d083355e.1920x1080.jpg?t=1736824416'),
(11, 'https://shared.fastly.steamstatic.com/store_item_assets/steam/apps/2507950/ss_c03014357e514d42d465966d4ea55dcfc20f2c2d.1920x1080.jpg?t=1736824416'),
(11, 'https://shared.fastly.steamstatic.com/store_item_assets/steam/apps/2507950/ss_c6109219c92d56f09f250a3427e54408c619cf37.1920x1080.jpg?t=1736824416'),
(11, 'https://shared.fastly.steamstatic.com/store_item_assets/steam/apps/2507950/ss_7006f261d2d50ef06293e0b29785211db687a9b1.1920x1080.jpg?t=1736824416'),
(11, 'https://shared.fastly.steamstatic.com/store_item_assets/steam/apps/2507950/ss_2a9fffcd74fb94896bd77a199cd4a7b5033eb8a0.1920x1080.jpg?t=1736824416'),
(11, 'https://shared.fastly.steamstatic.com/store_item_assets/steam/apps/2507950/ss_65aa06bcc1247af269c8879a5ebe212885fefc0a.1920x1080.jpg?t=1736824416'),
(11, 'https://shared.fastly.steamstatic.com/store_item_assets/steam/apps/2507950/ss_9bad18d36609072b2b9d50816e75cce81b6e4b0f.1920x1080.jpg?t=1736824416'),
(11, 'https://shared.fastly.steamstatic.com/store_item_assets/steam/apps/2507950/ss_8663e44df6db161880072ec2ae32a6dd18b1e5b9.1920x1080.jpg?t=1736824416');

INSERT INTO product_videos (product_id, mp4, webm, thumbnail) VALUES
(11, 'https://video.fastly.steamstatic.com/store_trailers/257078906/movie480.mp4?t=1736824409', 'https://video.fastly.steamstatic.com/store_trailers/257078906/movie480_vp9.webm?t=1736824409', 'https://shared.fastly.steamstatic.com/store_item_assets/steam/apps/257078906/703aa03138228f6c6016b2134bdf84adf7516bd0/movie_600x337.jpg?t=1736824409'),
(11, 'https://video.fastly.steamstatic.com/store_trailers/257077876/movie480.mp4?t=1733308204', 'https://video.fastly.steamstatic.com/store_trailers/257077876/movie480_vp9.webm?t=1733308204', 'https://shared.fastly.steamstatic.com/store_item_assets/steam/apps/257077876/bb7565941d15250f180ca9c48316f28beccb8e1a/movie_600x337.jpg?t=1733308204'),
(11, 'https://video.fastly.steamstatic.com/store_trailers/257078747/movie480.mp4?t=1733308209', 'https://video.fastly.steamstatic.com/store_trailers/257078747/movie480_vp9.webm?t=1733308209', 'https://shared.fastly.steamstatic.com/store_item_assets/steam/apps/257078747/ca9f3cce53568f136eaa2715899f90b9dc3a08eb/movie_600x337.jpg?t=1733308209'),
(11, 'https://video.fastly.steamstatic.com/store_trailers/257047545/movie480.mp4?t=1729651082', 'https://video.fastly.steamstatic.com/store_trailers/257047545/movie480_vp9.webm?t=1729651082', 'https://shared.fastly.steamstatic.com/store_item_assets/steam/apps/257047545/movie.293x165.jpg?t=1729651082'),
(11, 'https://video.fastly.steamstatic.com/store_trailers/257032201/movie480.mp4?t=1718768608', 'https://video.fastly.steamstatic.com/store_trailers/257032201/movie480_vp9.webm?t=1718768608', 'https://shared.fastly.steamstatic.com/store_item_assets/steam/apps/257032201/movie.293x165.jpg?t=1718768608'),
(11, 'https://video.fastly.steamstatic.com/store_trailers/257031960/movie480.mp4?t=1718768614', 'https://video.fastly.steamstatic.com/store_trailers/257031960/movie480_vp9.webm?t=1718768614', 'https://shared.fastly.steamstatic.com/store_item_assets/steam/apps/257031960/movie.293x165.jpg?t=1718768614');

INSERT INTO products (id, title, type, description, price, discount, discountStartDate, discountEndDate, releaseDate, rating, isActive, headerImage)
VALUES (29, 'War Thunder', 'Game', 'War Thunder is the most comprehensive free-to-play, cross-platform, MMO military game dedicated to aviation, armoured vehicles, and naval craft, from the early 20th century to the most advanced modern combat units. Join now and take part in major battles on land, in the air, and at sea.', 0, 0, NULL, NULL, '2013-08-15', 0, TRUE, 'https://shared.fastly.steamstatic.com/store_item_assets/steam/apps/236390/header.jpg?t=1736756648');

INSERT INTO product_developers (product_id, developer) VALUES
(29, 'Gaijin Entertainment');

INSERT INTO product_publishers (product_id, publisher) VALUES
(29, 'Gaijin Network Ltd');

INSERT INTO product_platforms (product_id, platform) VALUES
(29, 'Windows');

INSERT INTO product_genres (product_id, genre) VALUES
(29, 'Action'),
(29, 'Massively Multiplayer'),
(29, 'Simulation'),
(29, 'Free To Play');

INSERT INTO product_tags (product_id, tag) VALUES
(29, 'Free to Play'),
(29, 'Simulation'),
(29, 'Vehicular Combat'),
(29, 'Combat'),
(29, 'World War II'),
(29, 'VR'),
(29, 'Flight'),
(29, 'War'),
(29, 'Military'),
(29, 'Tanks'),
(29, 'Naval Combat'),
(29, 'Multiplayer'),
(29, 'Modern'),
(29, 'Massively Multiplayer'),
(29, 'Cold War'),
(29, 'Action'),
(29, 'Shooter'),
(29, 'Realistic'),
(29, 'Third Person'),
(29, 'Third-Person Shooter');

INSERT INTO product_features (product_id, feature) VALUES
(29, 'Single-player'),
(29, 'MMO'),
(29, 'Online PvP'),
(29, 'Online Co-op'),
(29, 'Cross-Platform Multiplayer'),
(29, 'Steam Achievements'),
(29, 'VR Supported'),
(29, 'In-App Purchases'),
(29, 'Remote Play on Phone'),
(29, 'Remote Play on Tablet');

INSERT INTO product_system_requirements (product_id, platform, title, minimum, recommended) VALUES (29, 'win', 'OS', 'Windows 10 (64bit)', 'Windows 10/11 (64bit)');

INSERT INTO product_system_requirements (product_id, platform, title, minimum, recommended) VALUES (29, 'win', 'Processor', 'Dual-Core 2.2 GHz', 'Intel Core i5 or Ryzen 5 3600 or better');

INSERT INTO product_system_requirements (product_id, platform, title, minimum, recommended) VALUES (29, 'win', 'Memory', '4 GB RAM', '16 GB RAM');

INSERT INTO product_system_requirements (product_id, platform, title, minimum, recommended) VALUES (29, 'win', 'Graphics', 'AMD Radeon 77XX / NVIDIA GeForce GTX 660. The minimum supported resolution for the game is 720p.', 'Nvidia GeForce 1060 and higher, Radeon RX 570 and higher');

INSERT INTO product_system_requirements (product_id, platform, title, minimum, recommended) VALUES (29, 'win', 'DirectX', 'Version 11', 'Version 12');

INSERT INTO product_system_requirements (product_id, platform, title, minimum, recommended) VALUES (29, 'win', 'Network', 'Broadband Internet connection', 'Broadband Internet connection');

INSERT INTO product_system_requirements (product_id, platform, title, minimum, recommended) VALUES (29, 'win', 'Storage', '40 GB available space', '95 GB available space');

INSERT INTO product_system_requirements (product_id, platform, title, minimum, recommended) VALUES (29, 'win', 'Additional Notes', '', '');

INSERT INTO product_system_requirements (product_id, platform, title, minimum, recommended) VALUES (29, 'mac', 'OS', 'Catalina 10.15', 'OS Big Sur v. 10.16 or newer');

INSERT INTO product_system_requirements (product_id, platform, title, minimum, recommended) VALUES (29, 'mac', 'Processor', 'Core i5, minimum 2.2GHz (Intel Xeon is not supported)', 'Intel Core i7 (Xeon processors not supported)');

INSERT INTO product_system_requirements (product_id, platform, title, minimum, recommended) VALUES (29, 'mac', 'Memory', '6 GB RAM', '8 GB RAM');

INSERT INTO product_system_requirements (product_id, platform, title, minimum, recommended) VALUES (29, 'mac', 'Graphics', 'Intel Iris Pro 5200 (Mac), or analog from AMD/Nvidia for Mac. Minimum supported resolution for the game is 720p with Metal support', 'Radeon Vega II or higher with Metal support');

INSERT INTO product_system_requirements (product_id, platform, title, minimum, recommended) VALUES (29, 'mac', 'DirectX', '', '');

INSERT INTO product_system_requirements (product_id, platform, title, minimum, recommended) VALUES (29, 'mac', 'Network', 'Broadband Internet connection', 'Broadband Internet connection');

INSERT INTO product_system_requirements (product_id, platform, title, minimum, recommended) VALUES (29, 'mac', 'Storage', '40 GB available space', '95 GB available space');

INSERT INTO product_system_requirements (product_id, platform, title, minimum, recommended) VALUES (29, 'mac', 'Additional Notes', '', '');

INSERT INTO product_system_requirements (product_id, platform, title, minimum, recommended) VALUES (29, 'linux', 'OS', 'Most modern 64bit Linux distributions', 'Ubuntu 20.04 64bit');

INSERT INTO product_system_requirements (product_id, platform, title, minimum, recommended) VALUES (29, 'linux', 'Processor', 'Dual-Core 2.4 GHz', 'Intel Core i7');

INSERT INTO product_system_requirements (product_id, platform, title, minimum, recommended) VALUES (29, 'linux', 'Memory', '4 GB RAM', '16 GB RAM');

INSERT INTO product_system_requirements (product_id, platform, title, minimum, recommended) VALUES (29, 'linux', 'Graphics', 'NVIDIA 660 with latest proprietary drivers (not older than 6 months) / similar AMD with latest proprietary drivers (not older than 6 months. the minimum supported resolution for the game is 720p) with Vulkan support.', 'NVIDIA 1060 with latest proprietary drivers (not older than 6 months) / similar AMD (Radeon RX 570) with latest proprietary drivers (not older than 6 months) with Vulkan support.');

INSERT INTO product_system_requirements (product_id, platform, title, minimum, recommended) VALUES (29, 'linux', 'DirectX', '', '');

INSERT INTO product_system_requirements (product_id, platform, title, minimum, recommended) VALUES (29, 'linux', 'Network', 'Broadband Internet connection', 'Broadband Internet connection');

INSERT INTO product_system_requirements (product_id, platform, title, minimum, recommended) VALUES (29, 'linux', 'Storage', '40 GB available space', '95 GB available space');

INSERT INTO product_system_requirements (product_id, platform, title, minimum, recommended) VALUES (29, 'linux', 'Additional Notes', '', '');

INSERT INTO product_screenshots (product_id, screenshot) VALUES
(29, 'https://shared.fastly.steamstatic.com/store_item_assets/steam/apps/236390/ss_68bc95495ba9752b44d6655f07cf41a5c26306f6.1920x1080.jpg?t=1736756648'),
(29, 'https://shared.fastly.steamstatic.com/store_item_assets/steam/apps/236390/ss_5190ebc65d0fd3628d8f804af52c8b9d0786d183.1920x1080.jpg?t=1736756648'),
(29, 'https://shared.fastly.steamstatic.com/store_item_assets/steam/apps/236390/ss_fee9c41789ba7227b3cc66db04d8d8f72b3c15cb.1920x1080.jpg?t=1736756648'),
(29, 'https://shared.fastly.steamstatic.com/store_item_assets/steam/apps/236390/ss_fef94956570dea04ba7c960bb118e4a4b30efa20.1920x1080.jpg?t=1736756648'),
(29, 'https://shared.fastly.steamstatic.com/store_item_assets/steam/apps/236390/ss_a5812428a7709edd1e53310bc9357f418ea2032d.1920x1080.jpg?t=1736756648'),
(29, 'https://shared.fastly.steamstatic.com/store_item_assets/steam/apps/236390/ss_ab307923f93a44acea6ef3314048c7404b1fe654.1920x1080.jpg?t=1736756648'),
(29, 'https://shared.fastly.steamstatic.com/store_item_assets/steam/apps/236390/ss_258eede8c5ee4ccd73216bb24c7b5db8a2b214ed.1920x1080.jpg?t=1736756648'),
(29, 'https://shared.fastly.steamstatic.com/store_item_assets/steam/apps/236390/ss_fd4f5710add369314f72666e98f998036bf2e139.1920x1080.jpg?t=1736756648'),
(29, 'https://shared.fastly.steamstatic.com/store_item_assets/steam/apps/236390/ss_bd1a671657641b60f5f4043b40507886ae66584a.1920x1080.jpg?t=1736756648'),
(29, 'https://shared.fastly.steamstatic.com/store_item_assets/steam/apps/236390/ss_fc8ee5cc6816996943aa1d7487113d15b8f84c44.1920x1080.jpg?t=1736756648'),
(29, 'https://shared.fastly.steamstatic.com/store_item_assets/steam/apps/236390/ss_b407d35fec756a31d6c934fbbd4fb22d54ff02ba.1920x1080.jpg?t=1736756648'),
(29, 'https://shared.fastly.steamstatic.com/store_item_assets/steam/apps/236390/ss_1652095848f0a75b251fc53a236f34380922a972.1920x1080.jpg?t=1736756648'),
(29, 'https://shared.fastly.steamstatic.com/store_item_assets/steam/apps/236390/ss_d1ac46eb1cded344b9321df70e05977092e161a0.1920x1080.jpg?t=1736756648'),
(29, 'https://shared.fastly.steamstatic.com/store_item_assets/steam/apps/236390/ss_70249ce2d057b7594e2039b88adbdd700c4df1ac.1920x1080.jpg?t=1736756648'),
(29, 'https://shared.fastly.steamstatic.com/store_item_assets/steam/apps/236390/ss_e54b59429ee1a4519fc9c3cac0a56bb44b87552f.1920x1080.jpg?t=1736756648'),
(29, 'https://shared.fastly.steamstatic.com/store_item_assets/steam/apps/236390/ss_8c5c57e42894258fd4e8f2898eb6b87284f7ffdc.1920x1080.jpg?t=1736756648'),
(29, 'https://shared.fastly.steamstatic.com/store_item_assets/steam/apps/236390/ss_427637a5144799428eba4f86f77e85a97ea1d49b.1920x1080.jpg?t=1736756648'),
(29, 'https://shared.fastly.steamstatic.com/store_item_assets/steam/apps/236390/ss_74240f43f87b1caf2dd578f26dfd025ca4fdf19c.1920x1080.jpg?t=1736756648'),
(29, 'https://shared.fastly.steamstatic.com/store_item_assets/steam/apps/236390/ss_8ac0990217f963789d3b451c29c4d3fd3008f4c7.1920x1080.jpg?t=1736756648'),
(29, 'https://shared.fastly.steamstatic.com/store_item_assets/steam/apps/236390/ss_318da56acde01dd085fa93881da41033dd098e7d.1920x1080.jpg?t=1736756648'),
(29, 'https://shared.fastly.steamstatic.com/store_item_assets/steam/apps/236390/ss_367ad85e6d1c10b611a6f0360cdbae4cb29707fa.1920x1080.jpg?t=1736756648'),
(29, 'https://shared.fastly.steamstatic.com/store_item_assets/steam/apps/236390/ss_9568df089685277e726640a8d79cdc4aede97f43.1920x1080.jpg?t=1736756648'),
(29, 'https://shared.fastly.steamstatic.com/store_item_assets/steam/apps/236390/ss_368c7b4cd154237e7a635fbb733f6abdcc2b81ee.1920x1080.jpg?t=1736756648'),
(29, 'https://shared.fastly.steamstatic.com/store_item_assets/steam/apps/236390/ss_3801dc6ae62e793aee2f073c2ac755c85edf0bb7.1920x1080.jpg?t=1736756648'),
(29, 'https://shared.fastly.steamstatic.com/store_item_assets/steam/apps/236390/ss_3b32e04e856b77472bff33d55ca6b5758d23a9ae.1920x1080.jpg?t=1736756648'),
(29, 'https://shared.fastly.steamstatic.com/store_item_assets/steam/apps/236390/ss_8c28d914813b82f36d306e5ea322a70f9050f9bc.1920x1080.jpg?t=1736756648'),
(29, 'https://shared.fastly.steamstatic.com/store_item_assets/steam/apps/236390/ss_15343f845523e07d5fc51c6208f362b7bcaa1fbe.1920x1080.jpg?t=1736756648'),
(29, 'https://shared.fastly.steamstatic.com/store_item_assets/steam/apps/236390/ss_070f48bca52544a2067bd2da93489df54c616d5a.1920x1080.jpg?t=1736756648'),
(29, 'https://shared.fastly.steamstatic.com/store_item_assets/steam/apps/236390/ss_7c531b0c5c56c96345206a27a0a68ff1b510fa8f.1920x1080.jpg?t=1736756648'),
(29, 'https://shared.fastly.steamstatic.com/store_item_assets/steam/apps/236390/ss_aef518de9c6987834e6302075e712911663669a2.1920x1080.jpg?t=1736756648'),
(29, 'https://shared.fastly.steamstatic.com/store_item_assets/steam/apps/236390/ss_2db2db271ad8363ff47be7ca3e76566c30be38dc.1920x1080.jpg?t=1736756648'),
(29, 'https://shared.fastly.steamstatic.com/store_item_assets/steam/apps/236390/ss_d4c1359a11b745203d1e67d646910d32c6985883.1920x1080.jpg?t=1736756648'),
(29, 'https://shared.fastly.steamstatic.com/store_item_assets/steam/apps/236390/ss_b55e723b5a7bd4d7838fd0d873470e32ad21a63c.1920x1080.jpg?t=1736756648'),
(29, 'https://shared.fastly.steamstatic.com/store_item_assets/steam/apps/236390/ss_889bd1ff61883d96ba7a5b1687eec6a17574e754.1920x1080.jpg?t=1736756648'),
(29, 'https://shared.fastly.steamstatic.com/store_item_assets/steam/apps/236390/ss_6b8b7310dce06e8eb5e0cb3b203ba19aa65df442.1920x1080.jpg?t=1736756648'),
(29, 'https://shared.fastly.steamstatic.com/store_item_assets/steam/apps/236390/ss_aba9339d62c1da97f731cf914f89938053ff69d5.1920x1080.jpg?t=1736756648'),
(29, 'https://shared.fastly.steamstatic.com/store_item_assets/steam/apps/236390/ss_a997036262cd5316e54e0b4ab257ea0ddaa212df.1920x1080.jpg?t=1736756648'),
(29, 'https://shared.fastly.steamstatic.com/store_item_assets/steam/apps/236390/ss_b1e9395fa10a5d7e16d0f4326a41618edfe7b399.1920x1080.jpg?t=1736756648'),
(29, 'https://shared.fastly.steamstatic.com/store_item_assets/steam/apps/236390/ss_327bd172a97b38ede1d45d344dc618c3134600f1.1920x1080.jpg?t=1736756648'),
(29, 'https://shared.fastly.steamstatic.com/store_item_assets/steam/apps/236390/ss_5641e09b57b5994e948022b8cc8e51070df04580.1920x1080.jpg?t=1736756648'),
(29, 'https://shared.fastly.steamstatic.com/store_item_assets/steam/apps/236390/ss_c7ce570c838d85139ef4f863ab0f6148e66c3577.1920x1080.jpg?t=1736756648'),
(29, 'https://shared.fastly.steamstatic.com/store_item_assets/steam/apps/236390/ss_a2d9ec25f81e89139efaf49378e7b33b6f64e0cc.1920x1080.jpg?t=1736756648'),
(29, 'https://shared.fastly.steamstatic.com/store_item_assets/steam/apps/236390/ss_122cf1a37b5405f055afe58539997ff139b1fde2.1920x1080.jpg?t=1736756648'),
(29, 'https://shared.fastly.steamstatic.com/store_item_assets/steam/apps/236390/ss_1185ef825853d366a65a33336e3ac278bae4941f.1920x1080.jpg?t=1736756648');

INSERT INTO product_videos (product_id, mp4, webm, thumbnail) VALUES
(29, 'https://video.fastly.steamstatic.com/store_trailers/257082547/movie480.mp4?t=1734345883', 'https://video.fastly.steamstatic.com/store_trailers/257082547/movie480_vp9.webm?t=1734345883', 'https://shared.fastly.steamstatic.com/store_item_assets/steam/apps/257082547/3399b891d625ebbf162b08d4376427783e3b485e/movie_600x337.jpg?t=1734345883'),
(29, 'https://video.fastly.steamstatic.com/store_trailers/257073838/movie480.mp4?t=1731612183', 'https://video.fastly.steamstatic.com/store_trailers/257073838/movie480_vp9.webm?t=1731612183', 'https://shared.fastly.steamstatic.com/store_item_assets/steam/apps/257073838/c929aa0ab3417b0648d07d4515eba34faf003561/movie_600x337.jpg?t=1731612183');

INSERT INTO products (id, title, type, description, price, discount, discountStartDate, discountEndDate, releaseDate, rating, isActive, headerImage)
VALUES (13, 'Banana', 'Game', 'Banana is a clicker Game, in which you click a Banana! In Banana you click the Banana to gain even more Bananas! Every 3 hours, you get dropped a banana. Each banana is also made by the community in discord. Come hang out with us and let''s grow into something awesome !', 0, 0, NULL, NULL, '2024-04-23', 0, TRUE, 'https://shared.fastly.steamstatic.com/store_item_assets/steam/apps/2923300/header.jpg?t=1733415828');

INSERT INTO product_developers (product_id, developer) VALUES
(13, 'Sky'),
(13, 'AestheticSpartan'),
(13, 'O''Brian');

INSERT INTO product_publishers (product_id, publisher) VALUES
(13, 'Sky');

INSERT INTO product_platforms (product_id, platform) VALUES
(13, 'Windows');

INSERT INTO product_genres (product_id, genre) VALUES
(13, 'Adventure'),
(13, 'Casual'),
(13, 'Simulation'),
(13, 'Strategy'),
(13, 'Free To Play');

INSERT INTO product_tags (product_id, tag) VALUES
(13, 'Free to Play'),
(13, 'Clicker'),
(13, 'Singleplayer'),
(13, '2D'),
(13, 'Casual'),
(13, 'Family Friendly'),
(13, 'Idler'),
(13, 'Funny'),
(13, 'Simulation'),
(13, 'Colorful'),
(13, 'Arcade'),
(13, 'Dating Sim'),
(13, 'Pixel Graphics'),
(13, 'Hidden Object'),
(13, 'Mystery'),
(13, 'Fantasy'),
(13, 'First-Person'),
(13, 'Crafting'),
(13, 'Anime'),
(13, 'Open World');

INSERT INTO product_features (product_id, feature) VALUES
(13, 'Single-player'),
(13, 'Steam Achievements'),
(13, 'Steam Trading Cards'),
(13, 'Steam Workshop'),
(13, 'In-App Purchases'),
(13, 'Steam Cloud');

INSERT INTO product_system_requirements (product_id, platform, title, minimum, recommended) VALUES (13, 'win', 'OS', '', '');

INSERT INTO product_system_requirements (product_id, platform, title, minimum, recommended) VALUES (13, 'win', 'Processor', 'Intel i5 5500 / AMD Ryzen 5 5600X', 'Intel i5 10500 / AMD Ryzen 7+');

INSERT INTO product_system_requirements (product_id, platform, title, minimum, recommended) VALUES (13, 'win', 'Memory', '1 GB RAM', '4 GB RAM');

INSERT INTO product_system_requirements (product_id, platform, title, minimum, recommended) VALUES (13, 'win', 'Graphics', 'Any', 'Any');

INSERT INTO product_system_requirements (product_id, platform, title, minimum, recommended) VALUES (13, 'win', 'DirectX', '', '');

INSERT INTO product_system_requirements (product_id, platform, title, minimum, recommended) VALUES (13, 'win', 'Network', 'Broadband Internet connection', 'Broadband Internet connection');

INSERT INTO product_system_requirements (product_id, platform, title, minimum, recommended) VALUES (13, 'win', 'Storage', '2 GB available space', '4 GB available space');

INSERT INTO product_system_requirements (product_id, platform, title, minimum, recommended) VALUES (13, 'win', 'Additional Notes', '', '');

INSERT INTO product_system_requirements (product_id, platform, title, minimum, recommended) VALUES (13, 'linux', 'OS', 'Linux', 'Linux');

INSERT INTO product_system_requirements (product_id, platform, title, minimum, recommended) VALUES (13, 'linux', 'Processor', 'Intel i5 5500 / AMD Ryzen 5 5600X', 'Intel i5 10500 / AMD Ryzen 7+');

INSERT INTO product_system_requirements (product_id, platform, title, minimum, recommended) VALUES (13, 'linux', 'Memory', '1 GB RAM', '4 GB RAM');

INSERT INTO product_system_requirements (product_id, platform, title, minimum, recommended) VALUES (13, 'linux', 'Graphics', 'Any', 'Any');

INSERT INTO product_system_requirements (product_id, platform, title, minimum, recommended) VALUES (13, 'linux', 'DirectX', '', '');

INSERT INTO product_system_requirements (product_id, platform, title, minimum, recommended) VALUES (13, 'linux', 'Network', '', '');

INSERT INTO product_system_requirements (product_id, platform, title, minimum, recommended) VALUES (13, 'linux', 'Storage', '2 GB available space', '4 GB available space');

INSERT INTO product_system_requirements (product_id, platform, title, minimum, recommended) VALUES (13, 'linux', 'Additional Notes', '', '');

INSERT INTO product_screenshots (product_id, screenshot) VALUES
(13, 'https://shared.fastly.steamstatic.com/store_item_assets/steam/apps/2923300/ss_641d6402187d5335b1e345498f0eff293a054f75.1920x1080.jpg?t=1733415828'),
(13, 'https://shared.fastly.steamstatic.com/store_item_assets/steam/apps/2923300/ss_3cf6e5dfc1a34a62cfa6ac49af8bafe622b42c13.1920x1080.jpg?t=1733415828'),
(13, 'https://shared.fastly.steamstatic.com/store_item_assets/steam/apps/2923300/ss_547f4ce9e16f8c4b3a78957ed992771134d2e948.1920x1080.jpg?t=1733415828'),
(13, 'https://shared.fastly.steamstatic.com/store_item_assets/steam/apps/2923300/ss_c9a91ba84f434b68b17b2ea25133a02f3aafe0a6.1920x1080.jpg?t=1733415828'),
(13, 'https://shared.fastly.steamstatic.com/store_item_assets/steam/apps/2923300/ss_e14c2754f02570f0f45fa0b5c3d1471561ff00b6.1920x1080.jpg?t=1733415828');

INSERT INTO product_videos (product_id, mp4, webm, thumbnail) VALUES
(13, 'https://video.fastly.steamstatic.com/store_trailers/257012788/movie480.mp4?t=1712698752', 'https://video.fastly.steamstatic.com/store_trailers/257012788/movie480_vp9.webm?t=1712698752', 'https://shared.fastly.steamstatic.com/store_item_assets/steam/apps/257012788/movie.293x165.jpg?t=1712698752');

INSERT INTO products (id, title, type, description, price, discount, discountStartDate, discountEndDate, releaseDate, rating, isActive, headerImage)
VALUES (31, 'Baldur''s Gate 3', 'Game', 'Baldur’s Gate 3 is a story-rich, party-based RPG set in the universe of Dungeons & Dragons, where your choices shape a tale of fellowship and betrayal, survival and sacrifice, and the lure of absolute power.', 59.99, 0, NULL, NULL, '2023-08-03', 0, TRUE, 'https://shared.fastly.steamstatic.com/store_item_assets/steam/apps/1086940/header.jpg?t=1725654125');

INSERT INTO product_developers (product_id, developer) VALUES
(31, 'Larian Studios');

INSERT INTO product_publishers (product_id, publisher) VALUES
(31, 'Larian Studios');

INSERT INTO product_platforms (product_id, platform) VALUES
(31, 'Windows');

INSERT INTO product_genres (product_id, genre) VALUES
(31, 'Adventure'),
(31, 'RPG'),
(31, 'Strategy');

INSERT INTO product_tags (product_id, tag) VALUES
(31, 'RPG'),
(31, 'Character Customization'),
(31, 'Choices Matter'),
(31, 'Story Rich'),
(31, 'Turn-Based Combat'),
(31, 'Dungeons & Dragons'),
(31, 'CRPG'),
(31, 'Adventure'),
(31, 'Fantasy'),
(31, 'Romance'),
(31, 'Online Co-Op'),
(31, 'Sexual Content'),
(31, 'Multiplayer'),
(31, 'Strategy'),
(31, 'Singleplayer'),
(31, 'Co-op Campaign'),
(31, 'Class-Based'),
(31, 'Nudity'),
(31, 'Dark Fantasy'),
(31, 'Combat');

INSERT INTO product_features (product_id, feature) VALUES
(31, 'Single-player'),
(31, 'Online Co-op'),
(31, 'LAN Co-op'),
(31, 'Steam Achievements'),
(31, 'Steam Cloud'),
(31, 'Remote Play on TV'),
(31, 'Remote Play Together'),
(31, 'Family Sharing');

INSERT INTO product_system_requirements (product_id, platform, title, minimum, recommended) VALUES (31, 'win', 'OS', 'Windows 10 64-bit', 'Windows 10 64-bit');

INSERT INTO product_system_requirements (product_id, platform, title, minimum, recommended) VALUES (31, 'win', 'Processor', 'Intel I5 4690 / AMD FX 8350', 'Intel i7 8700K / AMD r5 3600');

INSERT INTO product_system_requirements (product_id, platform, title, minimum, recommended) VALUES (31, 'win', 'Memory', '8 GB RAM', '16 GB RAM');

INSERT INTO product_system_requirements (product_id, platform, title, minimum, recommended) VALUES (31, 'win', 'Graphics', 'Nvidia GTX 970 / RX 480 (4GB+ of VRAM)', 'Nvidia 2060 Super / RX 5700 XT (8GB+ of VRAM)');

INSERT INTO product_system_requirements (product_id, platform, title, minimum, recommended) VALUES (31, 'win', 'DirectX', 'Version 11', 'Version 11');

INSERT INTO product_system_requirements (product_id, platform, title, minimum, recommended) VALUES (31, 'win', 'Network', '', '');

INSERT INTO product_system_requirements (product_id, platform, title, minimum, recommended) VALUES (31, 'win', 'Storage', '150 GB available space', '150 GB available space');

INSERT INTO product_system_requirements (product_id, platform, title, minimum, recommended) VALUES (31, 'win', 'Additional Notes', 'SSD required', 'SSD required');

INSERT INTO product_system_requirements (product_id, platform, title, minimum, recommended) VALUES (31, 'mac', 'OS', 'macOS 12 or newer', 'Latest macOS');

INSERT INTO product_system_requirements (product_id, platform, title, minimum, recommended) VALUES (31, 'mac', 'Processor', 'Apple M1', 'Apple M1 Pro or better');

INSERT INTO product_system_requirements (product_id, platform, title, minimum, recommended) VALUES (31, 'mac', 'Memory', '8 GB RAM', '16 GB RAM');

INSERT INTO product_system_requirements (product_id, platform, title, minimum, recommended) VALUES (31, 'mac', 'Graphics', 'Apple M1', 'Apple M1 Pro or better');

INSERT INTO product_system_requirements (product_id, platform, title, minimum, recommended) VALUES (31, 'mac', 'DirectX', '', '');

INSERT INTO product_system_requirements (product_id, platform, title, minimum, recommended) VALUES (31, 'mac', 'Network', '', '');

INSERT INTO product_system_requirements (product_id, platform, title, minimum, recommended) VALUES (31, 'mac', 'Storage', '150 GB available space', '150 GB available space');

INSERT INTO product_system_requirements (product_id, platform, title, minimum, recommended) VALUES (31, 'mac', 'Additional Notes', 'Min specs can run the game on low to medium settings. Splitscreen will not run at an acceptable level of performance. SSD required.', 'Recommended specs can run the game on high or ultra settings. SSD required.');

INSERT INTO product_screenshots (product_id, screenshot) VALUES
(31, 'https://shared.fastly.steamstatic.com/store_item_assets/steam/apps/1086940/ss_c73bc54415178c07fef85f54ee26621728c77504.1920x1080.jpg?t=1725654125'),
(31, 'https://shared.fastly.steamstatic.com/store_item_assets/steam/apps/1086940/ss_73d93bea842b93914d966622104dcb8c0f42972b.1920x1080.jpg?t=1725654125'),
(31, 'https://shared.fastly.steamstatic.com/store_item_assets/steam/apps/1086940/ss_cf936d31061b58e98e0c646aee00e6030c410cda.1920x1080.jpg?t=1725654125'),
(31, 'https://shared.fastly.steamstatic.com/store_item_assets/steam/apps/1086940/ss_b6a6ee6e046426d08ceea7a4506a1b5f44181543.1920x1080.jpg?t=1725654125'),
(31, 'https://shared.fastly.steamstatic.com/store_item_assets/steam/apps/1086940/ss_6b8faba0f6831a406ce015648958da9612d14dbb.1920x1080.jpg?t=1725654125'),
(31, 'https://shared.fastly.steamstatic.com/store_item_assets/steam/apps/1086940/ss_8fc5eba770b4a1639b31666908bdd2bbc1aa2ae4.1920x1080.jpg?t=1725654125'),
(31, 'https://shared.fastly.steamstatic.com/store_item_assets/steam/apps/1086940/ss_31c13d137706fb4d9a4210513274a3ed9c3c7c96.1920x1080.jpg?t=1725654125'),
(31, 'https://shared.fastly.steamstatic.com/store_item_assets/steam/apps/1086940/ss_0efa1a469a37beeb4fd0cb8e16dc99bd36357dc4.1920x1080.jpg?t=1725654125'),
(31, 'https://shared.fastly.steamstatic.com/store_item_assets/steam/apps/1086940/ss_387896248b42a15239a9256844b3e4bff72fbc2a.1920x1080.jpg?t=1725654125'),
(31, 'https://shared.fastly.steamstatic.com/store_item_assets/steam/apps/1086940/ss_44d30da9c3e4622b46f2978e89bda0515856eaf4.1920x1080.jpg?t=1725654125'),
(31, 'https://shared.fastly.steamstatic.com/store_item_assets/steam/apps/1086940/ss_f8c7fcdeccbfe77e3fad33330a464fed30f781f0.1920x1080.jpg?t=1725654125'),
(31, 'https://shared.fastly.steamstatic.com/store_item_assets/steam/apps/1086940/ss_332cd26db210d4b10df744485ecf0a9b3f2e9024.1920x1080.jpg?t=1725654125'),
(31, 'https://shared.fastly.steamstatic.com/store_item_assets/steam/apps/1086940/ss_b9f6f2d2ac2b7b2fe63d776e8e13c24b481a7b19.1920x1080.jpg?t=1725654125'),
(31, 'https://shared.fastly.steamstatic.com/store_item_assets/steam/apps/1086940/ss_2c576a8e563e3338826268f172c9032c84366d16.1920x1080.jpg?t=1725654125'),
(31, 'https://shared.fastly.steamstatic.com/store_item_assets/steam/apps/1086940/ss_d0b50351676da10c5403ec904cf7582636e65346.1920x1080.jpg?t=1725654125'),
(31, 'https://shared.fastly.steamstatic.com/store_item_assets/steam/apps/1086940/ss_74d11c230ebb44ff9a69b4533a7333551d5bfc6c.1920x1080.jpg?t=1725654125'),
(31, 'https://shared.fastly.steamstatic.com/store_item_assets/steam/apps/1086940/ss_1c3ff278ac430948dc31efeb1f7d2bb0466a1493.1920x1080.jpg?t=1725654125'),
(31, 'https://shared.fastly.steamstatic.com/store_item_assets/steam/apps/1086940/ss_49168eeefdfb6e6030a5aed3fd7c1a83da870a9f.1920x1080.jpg?t=1725654125'),
(31, 'https://shared.fastly.steamstatic.com/store_item_assets/steam/apps/1086940/ss_3cc4e8cfcfb8a91d19d96f631f076d252ba2c0c4.1920x1080.jpg?t=1725654125');

INSERT INTO product_videos (product_id, mp4, webm, thumbnail) VALUES
(31, 'https://video.fastly.steamstatic.com/store_trailers/256987424/movie480.mp4?t=1702007645', 'https://video.fastly.steamstatic.com/store_trailers/256987424/movie480_vp9.webm?t=1702007645', 'https://shared.fastly.steamstatic.com/store_item_assets/steam/apps/256987424/movie.293x165.jpg?t=1702007645'),
(31, 'https://video.fastly.steamstatic.com/store_trailers/256961600/movie480.mp4?t=1695393579', 'https://video.fastly.steamstatic.com/store_trailers/256961600/movie480_vp9.webm?t=1695393579', 'https://shared.fastly.steamstatic.com/store_item_assets/steam/apps/256961600/movie.293x165.jpg?t=1695393579'),
(31, 'https://video.fastly.steamstatic.com/store_trailers/256957679/movie480.mp4?t=1692294107', 'https://video.fastly.steamstatic.com/store_trailers/256957679/movie480_vp9.webm?t=1692294107', 'https://shared.fastly.steamstatic.com/store_item_assets/steam/apps/256957679/movie.293x165.jpg?t=1692294107'),
(31, 'https://video.fastly.steamstatic.com/store_trailers/256952190/movie480.mp4?t=1692294111', 'https://video.fastly.steamstatic.com/store_trailers/256952190/movie480_vp9.webm?t=1692294111', 'https://shared.fastly.steamstatic.com/store_item_assets/steam/apps/256952190/movie.293x165.jpg?t=1692294111'),
(31, 'https://video.fastly.steamstatic.com/store_trailers/256932354/movie480.mp4?t=1692294115', 'https://video.fastly.steamstatic.com/store_trailers/256932354/movie480_vp9.webm?t=1692294115', 'https://shared.fastly.steamstatic.com/store_item_assets/steam/apps/256932354/movie.293x165.jpg?t=1692294115'),
(31, 'https://video.fastly.steamstatic.com/store_trailers/256920587/movie480.mp4?t=1692294120', 'https://video.fastly.steamstatic.com/store_trailers/256920587/movie480_vp9.webm?t=1692294120', 'https://shared.fastly.steamstatic.com/store_item_assets/steam/apps/256920587/movie.293x165.jpg?t=1692294120');

INSERT INTO products (id, title, type, description, price, discount, discountStartDate, discountEndDate, releaseDate, rating, isActive, headerImage)
VALUES (15, 'Football Manager 2024', 'Game', 'Build a world-class team ready to dominate your rivals in football’s most prestigious competitions. Progress never stops when you’re pursuing footballing greatness.', 59.99, 60, '2025-01-14', '2025-01-17', '2023-11-06', 0, TRUE, 'https://shared.fastly.steamstatic.com/store_item_assets/steam/apps/2252570/header.jpg?t=1702984758');

INSERT INTO product_developers (product_id, developer) VALUES
(15, 'Sports Interactive');

INSERT INTO product_publishers (product_id, publisher) VALUES
(15, 'SEGA');

INSERT INTO product_platforms (product_id, platform) VALUES
(15, 'Windows');

INSERT INTO product_genres (product_id, genre) VALUES
(15, 'Simulation'),
(15, 'Sports'),
(15, 'Strategy');

INSERT INTO product_tags (product_id, tag) VALUES
(15, 'Simulation'),
(15, 'Sports'),
(15, 'Strategy'),
(15, 'Management'),
(15, 'Football (Soccer)'),
(15, 'Multiplayer'),
(15, 'eSports'),
(15, 'Economy'),
(15, 'Real Time Tactics'),
(15, 'Singleplayer'),
(15, '3D'),
(15, 'Text-Based'),
(15, '2D');

INSERT INTO product_features (product_id, feature) VALUES
(15, 'Single-player'),
(15, 'Steam Achievements'),
(15, 'Steam Cloud'),
(15, 'Family Sharing');

INSERT INTO product_system_requirements (product_id, platform, title, minimum, recommended) VALUES (15, 'win', 'OS', 'Windows 10/11 with updates - 64 bit', '');

INSERT INTO product_system_requirements (product_id, platform, title, minimum, recommended) VALUES (15, 'win', 'Processor', 'Intel Core 2 or AMD Athlon 64 X2', '');

INSERT INTO product_system_requirements (product_id, platform, title, minimum, recommended) VALUES (15, 'win', 'Memory', '4 GB RAM', '');

INSERT INTO product_system_requirements (product_id, platform, title, minimum, recommended) VALUES (15, 'win', 'Graphics', 'Intel GMA X4500, NVIDIA GeForce 9600M GT, AMD/ATI Mobility Radeon HD 3650 - requires 256MB VRAM and DirectX® 11', '');

INSERT INTO product_system_requirements (product_id, platform, title, minimum, recommended) VALUES (15, 'win', 'DirectX', 'Version 11', '');

INSERT INTO product_system_requirements (product_id, platform, title, minimum, recommended) VALUES (15, 'win', 'Network', '', '');

INSERT INTO product_system_requirements (product_id, platform, title, minimum, recommended) VALUES (15, 'win', 'Storage', '7 GB available space', '');

INSERT INTO product_system_requirements (product_id, platform, title, minimum, recommended) VALUES (15, 'win', 'Additional Notes', '1024x768. Performance scales with higher-end systems.', '');

INSERT INTO product_system_requirements (product_id, platform, title, minimum, recommended) VALUES (15, 'mac', 'OS', '11/12/13 with updates', '');

INSERT INTO product_system_requirements (product_id, platform, title, minimum, recommended) VALUES (15, 'mac', 'Processor', 'Apple M1 or Intel Core M', '');

INSERT INTO product_system_requirements (product_id, platform, title, minimum, recommended) VALUES (15, 'mac', 'Memory', '4 GB RAM', '');

INSERT INTO product_system_requirements (product_id, platform, title, minimum, recommended) VALUES (15, 'mac', 'Graphics', 'Apple M1, Intel HD Graphics 5000, NVIDIA GeForce GT 750M - requires 256MB VRAM and Metal', '');

INSERT INTO product_system_requirements (product_id, platform, title, minimum, recommended) VALUES (15, 'mac', 'DirectX', '', '');

INSERT INTO product_system_requirements (product_id, platform, title, minimum, recommended) VALUES (15, 'mac', 'Network', '', '');

INSERT INTO product_system_requirements (product_id, platform, title, minimum, recommended) VALUES (15, 'mac', 'Storage', '7 GB available space', '');

INSERT INTO product_system_requirements (product_id, platform, title, minimum, recommended) VALUES (15, 'mac', 'Additional Notes', '', '');

INSERT INTO product_screenshots (product_id, screenshot) VALUES
(15, 'https://shared.fastly.steamstatic.com/store_item_assets/steam/apps/2252570/ss_36bb815889d2794662ebb052d881cc2884d923bb.1920x1080.jpg?t=1702984758'),
(15, 'https://shared.fastly.steamstatic.com/store_item_assets/steam/apps/2252570/ss_b2d729b4d4ac31c6f05134ab88b2b11d61f8cac8.1920x1080.jpg?t=1702984758'),
(15, 'https://shared.fastly.steamstatic.com/store_item_assets/steam/apps/2252570/ss_8fca1244111d1fde9e7793db2de60e83148a3e61.1920x1080.jpg?t=1702984758'),
(15, 'https://shared.fastly.steamstatic.com/store_item_assets/steam/apps/2252570/ss_4512709d6730690411c6a92ef97731f2f5854513.1920x1080.jpg?t=1702984758'),
(15, 'https://shared.fastly.steamstatic.com/store_item_assets/steam/apps/2252570/ss_331fc86a271914c9635c249492332f65ece9e959.1920x1080.jpg?t=1702984758'),
(15, 'https://shared.fastly.steamstatic.com/store_item_assets/steam/apps/2252570/ss_c61172e8694630ce6a22c74aa826341c80975d8d.1920x1080.jpg?t=1702984758');

INSERT INTO product_videos (product_id, mp4, webm, thumbnail) VALUES
(15, 'https://video.fastly.steamstatic.com/store_trailers/256980530/movie480.mp4?t=1699889198', 'https://video.fastly.steamstatic.com/store_trailers/256980530/movie480_vp9.webm?t=1699889198', 'https://shared.fastly.steamstatic.com/store_item_assets/steam/apps/256980530/movie.293x165.jpg?t=1699889198');

INSERT INTO products (id, title, type, description, price, discount, discountStartDate, discountEndDate, releaseDate, rating, isActive, headerImage)
VALUES (16, 'Warframe', 'Game', 'Awaken as an unstoppable warrior and battle alongside your friends in this story-driven free-to-play online action game', 0, 0, NULL, NULL, '2013-03-26', 0, TRUE, 'https://shared.fastly.steamstatic.com/store_item_assets/steam/apps/230410/header.jpg?t=1736289365');

INSERT INTO product_developers (product_id, developer) VALUES
(16, 'Digital Extremes');

INSERT INTO product_publishers (product_id, publisher) VALUES
(16, 'Digital Extremes');

INSERT INTO product_platforms (product_id, platform) VALUES
(16, 'Windows');

INSERT INTO product_genres (product_id, genre) VALUES
(16, 'Action'),
(16, 'RPG'),
(16, 'Free To Play');

INSERT INTO product_tags (product_id, tag) VALUES
(16, 'Free to Play'),
(16, 'Action RPG'),
(16, 'Looter Shooter'),
(16, 'Third-Person Shooter'),
(16, 'Action'),
(16, 'RPG'),
(16, 'Third Person'),
(16, 'Character Customization'),
(16, 'Massively Multiplayer'),
(16, 'Online Co-Op'),
(16, 'Co-op'),
(16, 'PvE'),
(16, 'Singleplayer'),
(16, 'Sci-fi'),
(16, 'Space'),
(16, 'Lore-Rich'),
(16, 'Shooter'),
(16, 'Parkour'),
(16, 'Hack and Slash'),
(16, 'Ninja');

INSERT INTO product_features (product_id, feature) VALUES
(16, 'Single-player'),
(16, 'Online Co-op'),
(16, 'Cross-Platform Multiplayer'),
(16, 'Steam Achievements'),
(16, 'Steam Trading Cards'),
(16, 'Steam Workshop'),
(16, 'In-App Purchases'),
(16, 'Remote Play on Phone'),
(16, 'Remote Play on Tablet');

INSERT INTO product_system_requirements (product_id, platform, title, minimum, recommended) VALUES (16, 'win', 'OS', '', '');

INSERT INTO product_system_requirements (product_id, platform, title, minimum, recommended) VALUES (16, 'win', 'Processor', '', '');

INSERT INTO product_system_requirements (product_id, platform, title, minimum, recommended) VALUES (16, 'win', 'Memory', '', '');

INSERT INTO product_system_requirements (product_id, platform, title, minimum, recommended) VALUES (16, 'win', 'Graphics', '', '');

INSERT INTO product_system_requirements (product_id, platform, title, minimum, recommended) VALUES (16, 'win', 'DirectX', '', '');

INSERT INTO product_system_requirements (product_id, platform, title, minimum, recommended) VALUES (16, 'win', 'Network', '', '');

INSERT INTO product_system_requirements (product_id, platform, title, minimum, recommended) VALUES (16, 'win', 'Storage', '', '');

INSERT INTO product_system_requirements (product_id, platform, title, minimum, recommended) VALUES (16, 'win', 'Additional Notes', '', '');

INSERT INTO product_screenshots (product_id, screenshot) VALUES
(16, 'https://shared.fastly.steamstatic.com/store_item_assets/steam/apps/230410/ss_2e4077f215eccde84171a4b8e0f2bc8a3264c776.1920x1080.jpg?t=1736289365'),
(16, 'https://shared.fastly.steamstatic.com/store_item_assets/steam/apps/230410/ss_0a541a8bf59e212870ea8d82260ac1b3ae2d0354.1920x1080.jpg?t=1736289365'),
(16, 'https://shared.fastly.steamstatic.com/store_item_assets/steam/apps/230410/ss_ce00a212a29e9a6c1fc37b16dbd802b2844a901d.1920x1080.jpg?t=1736289365'),
(16, 'https://shared.fastly.steamstatic.com/store_item_assets/steam/apps/230410/ss_29355e0546599c72002b34b42fe952329df61c2e.1920x1080.jpg?t=1736289365'),
(16, 'https://shared.fastly.steamstatic.com/store_item_assets/steam/apps/230410/ss_e1d1bfebe225c85ea284ffecfe279c2695ddf3a5.1920x1080.jpg?t=1736289365'),
(16, 'https://shared.fastly.steamstatic.com/store_item_assets/steam/apps/230410/ss_b06620c448c51d2bc5b71144a184da9ba37b703e.1920x1080.jpg?t=1736289365');

INSERT INTO product_videos (product_id, mp4, webm, thumbnail) VALUES
(16, 'https://video.fastly.steamstatic.com/store_trailers/257080392/movie480.mp4?t=1734069062', 'https://video.fastly.steamstatic.com/store_trailers/257080392/movie480_vp9.webm?t=1734069062', 'https://shared.fastly.steamstatic.com/store_item_assets/steam/apps/257080392/ed0181558e4d67b6670edb625af6f7d5ee3cb3b7/movie_600x337.jpg?t=1734069062'),
(16, 'https://video.fastly.steamstatic.com/store_trailers/257075266/movie480.mp4?t=1732120948', 'https://video.fastly.steamstatic.com/store_trailers/257075266/movie480_vp9.webm?t=1732120948', 'https://shared.fastly.steamstatic.com/store_item_assets/steam/apps/257075266/4bbe59ebb93046d9a179d55cb11a146afdc06ec6/movie_600x337.jpg?t=1732120948'),
(16, 'https://video.fastly.steamstatic.com/store_trailers/257061162/movie480.mp4?t=1727887994', 'https://video.fastly.steamstatic.com/store_trailers/257061162/movie480_vp9.webm?t=1727887994', 'https://shared.fastly.steamstatic.com/store_item_assets/steam/apps/257061162/7448a02e2af8a5ce9cec87aafb5426d87d3c37d1/movie_600x337.jpg?t=1727887994');

INSERT INTO products (id, title, type, description, price, discount, discountStartDate, discountEndDate, releaseDate, rating, isActive, headerImage)
VALUES (17, 'Sid Meier’s Civilization® VI', 'Game', 'Civilization VI is the newest installment in the award winning Civilization Franchise. Expand your empire, advance your culture and go head-to-head against history’s greatest leaders. Will your civilization stand the test of time?', 59.99, 0, NULL, NULL, '2016-10-21', 0, TRUE, 'https://shared.fastly.steamstatic.com/store_item_assets/steam/apps/289070/header.jpg?t=1733332228');

INSERT INTO product_developers (product_id, developer) VALUES
(17, 'Firaxis Games'),
(17, 'Aspyr (Mac)'),
(17, 'Aspyr (Linux)');

INSERT INTO product_publishers (product_id, publisher) VALUES
(17, '2K'),
(17, 'Aspyr (Mac)'),
(17, 'Aspyr (Linux)');

INSERT INTO product_platforms (product_id, platform) VALUES
(17, 'Windows');

INSERT INTO product_genres (product_id, genre) VALUES
(17, 'Strategy');

INSERT INTO product_tags (product_id, tag) VALUES
(17, 'Strategy'),
(17, 'Turn-Based Strategy'),
(17, 'Multiplayer'),
(17, 'Historical'),
(17, 'Singleplayer'),
(17, 'Grand Strategy'),
(17, 'Turn-Based'),
(17, '4X'),
(17, 'War'),
(17, 'Simulation'),
(17, 'City Builder'),
(17, 'Tactical'),
(17, 'Management'),
(17, 'Building'),
(17, 'Great Soundtrack'),
(17, 'Online Co-Op'),
(17, 'Moddable'),
(17, 'Co-op'),
(17, 'Hex Grid'),
(17, 'Atmospheric');

INSERT INTO product_features (product_id, feature) VALUES
(17, 'Single-player'),
(17, 'Online PvP'),
(17, 'LAN PvP'),
(17, 'Shared/Split Screen PvP'),
(17, 'Cross-Platform Multiplayer'),
(17, 'Steam Achievements'),
(17, 'Steam Trading Cards'),
(17, 'Steam Workshop'),
(17, 'In-App Purchases'),
(17, 'Steam Turn Notifications'),
(17, 'Remote Play on Tablet'),
(17, 'Remote Play Together'),
(17, 'Family Sharing');

INSERT INTO product_system_requirements (product_id, platform, title, minimum, recommended) VALUES (17, 'win', 'OS', '', '');

INSERT INTO product_system_requirements (product_id, platform, title, minimum, recommended) VALUES (17, 'win', 'Processor', 'Intel Core i3 2.5 Ghz or AMD Phenom II 2.6 Ghz or greater', 'Fourth Generation Intel Core i5 2.5 Ghz or AMD FX8350 4.0 Ghz or greater');

INSERT INTO product_system_requirements (product_id, platform, title, minimum, recommended) VALUES (17, 'win', 'Memory', '4 GB RAM', '8 GB RAM');

INSERT INTO product_system_requirements (product_id, platform, title, minimum, recommended) VALUES (17, 'win', 'Graphics', '1 GB & AMD 5570 or nVidia 450 or Intel Integrated Graphics 530', '2GB & AMD 7970 or nVidia 770 or greater');

INSERT INTO product_system_requirements (product_id, platform, title, minimum, recommended) VALUES (17, 'win', 'DirectX', 'Version 11', 'Version 11');

INSERT INTO product_system_requirements (product_id, platform, title, minimum, recommended) VALUES (17, 'win', 'Network', '', '');

INSERT INTO product_system_requirements (product_id, platform, title, minimum, recommended) VALUES (17, 'win', 'Storage', '17 GB available space', '23 GB available space');

INSERT INTO product_system_requirements (product_id, platform, title, minimum, recommended) VALUES (17, 'win', 'Additional Notes', 'Initial installation requires one-time Internet connection for Steam authentication software installations required (included with the game) include Steam Client, Microsoft Visual C++ 2012 and 2015 Runtime Libraries, and Microsoft DirectX. Internet connection and acceptance of Steam™ Subscriber Agreement required for activation. See  for details.', '');

INSERT INTO product_system_requirements (product_id, platform, title, minimum, recommended) VALUES (17, 'mac', 'OS', '10.14.6 (Mojave)', '');

INSERT INTO product_system_requirements (product_id, platform, title, minimum, recommended) VALUES (17, 'mac', 'Processor', 'Intel Core i5 2.7Ghz', '');

INSERT INTO product_system_requirements (product_id, platform, title, minimum, recommended) VALUES (17, 'mac', 'Memory', '6 GB RAM', '');

INSERT INTO product_system_requirements (product_id, platform, title, minimum, recommended) VALUES (17, 'mac', 'Graphics', '1 GB GPU Minimum - GeForce 775M | Radeon HD 6970 | Intel Iris Pro', '');

INSERT INTO product_system_requirements (product_id, platform, title, minimum, recommended) VALUES (17, 'mac', 'DirectX', '', '');

INSERT INTO product_system_requirements (product_id, platform, title, minimum, recommended) VALUES (17, 'mac', 'Network', '', '');

INSERT INTO product_system_requirements (product_id, platform, title, minimum, recommended) VALUES (17, 'mac', 'Storage', '17 GB available space', '');

INSERT INTO product_system_requirements (product_id, platform, title, minimum, recommended) VALUES (17, 'mac', 'Additional Notes', 'It is possible for Mac and PC to become out of sync during updates or patches. Within this time period, Mac users will only be able to play other Mac users.', '');

INSERT INTO product_system_requirements (product_id, platform, title, minimum, recommended) VALUES (17, 'linux', 'OS', 'Ubuntu 16.04 (64bit)', '');

INSERT INTO product_system_requirements (product_id, platform, title, minimum, recommended) VALUES (17, 'linux', 'Processor', 'Intel Core i3 530 or AMD A8-3870', '');

INSERT INTO product_system_requirements (product_id, platform, title, minimum, recommended) VALUES (17, 'linux', 'Memory', '6 GB RAM', '');

INSERT INTO product_system_requirements (product_id, platform, title, minimum, recommended) VALUES (17, 'linux', 'Graphics', '1 GB VRAM Minimum - NVIDIA GeForce 650', '');

INSERT INTO product_system_requirements (product_id, platform, title, minimum, recommended) VALUES (17, 'linux', 'DirectX', '', '');

INSERT INTO product_system_requirements (product_id, platform, title, minimum, recommended) VALUES (17, 'linux', 'Network', '', '');

INSERT INTO product_system_requirements (product_id, platform, title, minimum, recommended) VALUES (17, 'linux', 'Storage', '17 GB available space', '');

INSERT INTO product_system_requirements (product_id, platform, title, minimum, recommended) VALUES (17, 'linux', 'Additional Notes', 'ATI and INTEL chipsets are NOT supported to run Civilization VI LINUX.  Don''t meet the above requirements? Running on a unique distro? That doesn''t mean your configuration wont run Civ VI! Visit the Civilization VI community page to share your experience with other Linux players and learn about how to send bugs to Aspyr. Your feedback will help us improve Civ VI Linux and future AAA Linux releases!', '');

INSERT INTO product_screenshots (product_id, screenshot) VALUES
(17, 'https://shared.fastly.steamstatic.com/store_item_assets/steam/apps/289070/ss_12cc6e1f4084de5bc0f66bfdbe3aaf3e59388b53.1920x1080.jpg?t=1733332228'),
(17, 'https://shared.fastly.steamstatic.com/store_item_assets/steam/apps/289070/ss_6c4a3cfb61f1a9677cf2ac549c2816a4e651f741.1920x1080.jpg?t=1733332228'),
(17, 'https://shared.fastly.steamstatic.com/store_item_assets/steam/apps/289070/ss_b2bf12299c38214fe520af0f724a6349d17ed330.1920x1080.jpg?t=1733332228'),
(17, 'https://shared.fastly.steamstatic.com/store_item_assets/steam/apps/289070/ss_7f598198526afc260d939a98af4d76d95f5349e4.1920x1080.jpg?t=1733332228'),
(17, 'https://shared.fastly.steamstatic.com/store_item_assets/steam/apps/289070/ss_7ca34ff8ae81fb10ddc540187e2e21d1b8e1dfe9.1920x1080.jpg?t=1733332228'),
(17, 'https://shared.fastly.steamstatic.com/store_item_assets/steam/apps/289070/ss_36c63ebeb006b246cb740fdafeb41bb20e3b330d.1920x1080.jpg?t=1733332228'),
(17, 'https://shared.fastly.steamstatic.com/store_item_assets/steam/apps/289070/ss_cf53258cb8c4d283e52cf8dce3edf8656f83adc6.1920x1080.jpg?t=1733332228'),
(17, 'https://shared.fastly.steamstatic.com/store_item_assets/steam/apps/289070/ss_f501156a69223131ee8b12452f3003698334e964.1920x1080.jpg?t=1733332228');

INSERT INTO product_videos (product_id, mp4, webm, thumbnail) VALUES
(17, 'https://video.fastly.steamstatic.com/store_trailers/256672695/movie480.mp4?t=1476737061', 'https://video.fastly.steamstatic.com/store_trailers/256672695/movie480.webm?t=1476737061', 'https://shared.fastly.steamstatic.com/store_item_assets/steam/apps/256672695/movie.293x165.jpg?t=1476737061');

INSERT INTO products (id, title, type, description, price, discount, discountStartDate, discountEndDate, releaseDate, rating, isActive, headerImage)
VALUES (18, 'Black Myth: Wukong', 'Game', 'Black Myth: Wukong is an action RPG rooted in Chinese mythology. You shall set out as the Destined One to venture into the challenges and marvels ahead, to uncover the obscured truth beneath the veil of a glorious legend from the past.', 59.99, 0, NULL, NULL, '2024-08-20', 0, TRUE, 'https://shared.fastly.steamstatic.com/store_item_assets/steam/apps/2358720/header.jpg?t=1736335042');

INSERT INTO product_developers (product_id, developer) VALUES
(18, 'Game Science');

INSERT INTO product_publishers (product_id, publisher) VALUES
(18, 'Game Science');

INSERT INTO product_platforms (product_id, platform) VALUES
(18, 'Windows');

INSERT INTO product_genres (product_id, genre) VALUES
(18, 'Action'),
(18, 'Adventure'),
(18, 'RPG');

INSERT INTO product_tags (product_id, tag) VALUES
(18, 'Mythology'),
(18, 'Action RPG'),
(18, 'Action'),
(18, 'Souls-like'),
(18, 'RPG'),
(18, 'Combat'),
(18, 'Story Rich'),
(18, 'Singleplayer'),
(18, 'Action-Adventure'),
(18, 'Drama'),
(18, 'Dark Fantasy'),
(18, 'Atmospheric'),
(18, 'Adventure'),
(18, '3D'),
(18, 'Fantasy'),
(18, 'Hack and Slash'),
(18, 'Third Person'),
(18, 'Difficult'),
(18, 'Music'),
(18, 'Violent');

INSERT INTO product_features (product_id, feature) VALUES
(18, 'Single-player'),
(18, 'Steam Achievements'),
(18, 'Steam Trading Cards'),
(18, 'Steam Cloud'),
(18, 'Family Sharing');

INSERT INTO product_system_requirements (product_id, platform, title, minimum, recommended) VALUES (18, 'win', 'OS', 'Windows 10 64-bit', 'Windows 10 64-bit');

INSERT INTO product_system_requirements (product_id, platform, title, minimum, recommended) VALUES (18, 'win', 'Processor', 'Intel Core i5-8400 / AMD Ryzen 5 1600', 'Intel Core i7-9700 / AMD Ryzen 5 5500');

INSERT INTO product_system_requirements (product_id, platform, title, minimum, recommended) VALUES (18, 'win', 'Memory', '16 GB RAM', '16 GB RAM');

INSERT INTO product_system_requirements (product_id, platform, title, minimum, recommended) VALUES (18, 'win', 'Graphics', 'NVIDIA GeForce GTX 1060 6GB / AMD Radeon RX 580 8GB', 'NVIDIA GeForce RTX 2060 / AMD Radeon RX 5700 XT / INTEL Arc A750');

INSERT INTO product_system_requirements (product_id, platform, title, minimum, recommended) VALUES (18, 'win', 'DirectX', 'Version 11', 'Version 12');

INSERT INTO product_system_requirements (product_id, platform, title, minimum, recommended) VALUES (18, 'win', 'Network', '', '');

INSERT INTO product_system_requirements (product_id, platform, title, minimum, recommended) VALUES (18, 'win', 'Storage', '130 GB available space', '130 GB available space');

INSERT INTO product_system_requirements (product_id, platform, title, minimum, recommended) VALUES (18, 'win', 'Additional Notes', 'HDD Supported, SSD Recommended. The above specifications were tested with DLSS/FSR/XeSS enabled.', 'SSD Required. The above specifications were tested with DLSS/FSR/XeSS enabled.');

INSERT INTO product_screenshots (product_id, screenshot) VALUES
(18, 'https://shared.fastly.steamstatic.com/store_item_assets/steam/apps/2358720/ss_86c4b7462bba219a0d0b89931a35812b9f188976.1920x1080.jpg?t=1736335042'),
(18, 'https://shared.fastly.steamstatic.com/store_item_assets/steam/apps/2358720/ss_d9391ab31a4d15dddf7ba4949bfa44f5d9170580.1920x1080.jpg?t=1736335042'),
(18, 'https://shared.fastly.steamstatic.com/store_item_assets/steam/apps/2358720/ss_524a39da392ee83dde091033562bc719d46b5838.1920x1080.jpg?t=1736335042'),
(18, 'https://shared.fastly.steamstatic.com/store_item_assets/steam/apps/2358720/ss_968bbc9caceb7d798bd0c393e1e9b4c44ed6d835.1920x1080.jpg?t=1736335042'),
(18, 'https://shared.fastly.steamstatic.com/store_item_assets/steam/apps/2358720/ss_415397426d4c939ebb8a93ac66831f28ee7199be.1920x1080.jpg?t=1736335042'),
(18, 'https://shared.fastly.steamstatic.com/store_item_assets/steam/apps/2358720/ss_63477e8ce2c0582b81c6ed576377d78e692b5642.1920x1080.jpg?t=1736335042');

INSERT INTO product_videos (product_id, mp4, webm, thumbnail) VALUES
(18, 'https://video.fastly.steamstatic.com/store_trailers/257048125/movie480.mp4?t=1729236218', 'https://video.fastly.steamstatic.com/store_trailers/257048125/movie480_vp9.webm?t=1729236218', 'https://shared.fastly.steamstatic.com/store_item_assets/steam/apps/257048125/5bd85986ed6b1545d91ceb84714dd06a952fa17f/movie_600x337.jpg?t=1729236218'),
(18, 'https://video.fastly.steamstatic.com/store_trailers/257029344/movie480.mp4?t=1729236226', 'https://video.fastly.steamstatic.com/store_trailers/257029344/movie480_vp9.webm?t=1729236226', 'https://shared.fastly.steamstatic.com/store_item_assets/steam/apps/257029344/f33a1247a6929856238f8176f5cc30c75b84a865/movie_600x337.jpg?t=1729236226'),
(18, 'https://video.fastly.steamstatic.com/store_trailers/257044448/movie480.mp4?t=1729236234', 'https://video.fastly.steamstatic.com/store_trailers/257044448/movie480_vp9.webm?t=1729236234', 'https://shared.fastly.steamstatic.com/store_item_assets/steam/apps/257044448/14ee8023a01fd253fec9018e4d98e09aab09cbf4/movie_600x337.jpg?t=1729236234'),
(18, 'https://video.fastly.steamstatic.com/store_trailers/256987088/movie480.mp4?t=1729236246', 'https://video.fastly.steamstatic.com/store_trailers/256987088/movie480_vp9.webm?t=1729236246', 'https://shared.fastly.steamstatic.com/store_item_assets/steam/apps/256987088/7dec31481e6e0ca24e37a6f45c7abdf4edde26d9/movie_600x337.jpg?t=1729236246'),
(18, 'https://video.fastly.steamstatic.com/store_trailers/256965216/movie480.mp4?t=1729236249', 'https://video.fastly.steamstatic.com/store_trailers/256965216/movie480_vp9.webm?t=1729236249', 'https://shared.fastly.steamstatic.com/store_item_assets/steam/apps/256965216/813ef09701102d456493067cf39d407ea0bbe02a/movie_600x337.jpg?t=1729236249');

INSERT INTO products (id, title, type, description, price, discount, discountStartDate, discountEndDate, releaseDate, rating, isActive, headerImage)
VALUES (19, 'ELDEN RING', 'Game', 'THE CRITICALLY ACCLAIMED FANTASY ACTION RPG. Rise, Tarnished, and be guided by grace to brandish the power of the Elden Ring and become an Elden Lord in the Lands Between.', 59.99, 0, NULL, NULL, '2022-02-25', 0, TRUE, 'https://shared.fastly.steamstatic.com/store_item_assets/steam/apps/1245620/header.jpg?t=1726158298');

INSERT INTO product_developers (product_id, developer) VALUES
(19, 'FromSoftware, Inc.');

INSERT INTO product_publishers (product_id, publisher) VALUES
(19, 'FromSoftware, Inc.'),
(19, 'Bandai Namco Entertainment');

INSERT INTO product_platforms (product_id, platform) VALUES
(19, 'Windows');

INSERT INTO product_genres (product_id, genre) VALUES
(19, 'Action'),
(19, 'RPG');

INSERT INTO product_tags (product_id, tag) VALUES
(19, 'Souls-like'),
(19, 'Open World'),
(19, 'Dark Fantasy'),
(19, 'RPG'),
(19, 'Difficult'),
(19, 'Action RPG'),
(19, 'Third Person'),
(19, 'Multiplayer'),
(19, 'Fantasy'),
(19, 'Singleplayer'),
(19, 'Online Co-Op'),
(19, 'Action'),
(19, 'Co-op'),
(19, 'Atmospheric'),
(19, 'PvP'),
(19, 'Great Soundtrack'),
(19, 'Violent'),
(19, '3D'),
(19, 'Family Friendly'),
(19, 'Character Customization');

INSERT INTO product_features (product_id, feature) VALUES
(19, 'Single-player'),
(19, 'Online PvP'),
(19, 'Online Co-op'),
(19, 'Steam Achievements'),
(19, 'Steam Trading Cards'),
(19, 'Steam Cloud'),
(19, 'Family Sharing');

INSERT INTO product_system_requirements (product_id, platform, title, minimum, recommended) VALUES (19, 'win', 'OS', 'Windows 10', 'Windows 10/11');

INSERT INTO product_system_requirements (product_id, platform, title, minimum, recommended) VALUES (19, 'win', 'Processor', 'INTEL CORE I5-8400 or AMD RYZEN 3 3300X', 'INTEL CORE I7-8700K or AMD RYZEN 5 3600X');

INSERT INTO product_system_requirements (product_id, platform, title, minimum, recommended) VALUES (19, 'win', 'Memory', '12 GB RAM', '16 GB RAM');

INSERT INTO product_system_requirements (product_id, platform, title, minimum, recommended) VALUES (19, 'win', 'Graphics', 'NVIDIA GEFORCE GTX 1060 3 GB or AMD RADEON RX 580 4 GB', 'NVIDIA GEFORCE GTX 1070 8 GB or AMD RADEON RX VEGA 56 8 GB');

INSERT INTO product_system_requirements (product_id, platform, title, minimum, recommended) VALUES (19, 'win', 'DirectX', 'Version 12', 'Version 12');

INSERT INTO product_system_requirements (product_id, platform, title, minimum, recommended) VALUES (19, 'win', 'Network', '', '');

INSERT INTO product_system_requirements (product_id, platform, title, minimum, recommended) VALUES (19, 'win', 'Storage', '60 GB available space', '60 GB available space');

INSERT INTO product_system_requirements (product_id, platform, title, minimum, recommended) VALUES (19, 'win', 'Additional Notes', '', '');

INSERT INTO product_screenshots (product_id, screenshot) VALUES
(19, 'https://shared.fastly.steamstatic.com/store_item_assets/steam/apps/1245620/ss_943bf6fe62352757d9070c1d33e50b92fe8539f1.1920x1080.jpg?t=1726158298'),
(19, 'https://shared.fastly.steamstatic.com/store_item_assets/steam/apps/1245620/ss_dcdac9e4b26ac0ee5248bfd2967d764fd00cdb42.1920x1080.jpg?t=1726158298'),
(19, 'https://shared.fastly.steamstatic.com/store_item_assets/steam/apps/1245620/ss_3c41384a24d86dddd58a8f61db77f9dc0bfda8b5.1920x1080.jpg?t=1726158298'),
(19, 'https://shared.fastly.steamstatic.com/store_item_assets/steam/apps/1245620/ss_e0316c76f8197405c1312d072b84331dd735d60b.1920x1080.jpg?t=1726158298'),
(19, 'https://shared.fastly.steamstatic.com/store_item_assets/steam/apps/1245620/ss_ef61b771ee6b269b1f0cb484233e07a0bfb5f81b.1920x1080.jpg?t=1726158298'),
(19, 'https://shared.fastly.steamstatic.com/store_item_assets/steam/apps/1245620/ss_b1b91299d7e4b94201ac840aa64de54d9f5cb7f3.1920x1080.jpg?t=1726158298'),
(19, 'https://shared.fastly.steamstatic.com/store_item_assets/steam/apps/1245620/ss_510a02cf3045e841e180f2b77fb87545e0c8b59d.1920x1080.jpg?t=1726158298'),
(19, 'https://shared.fastly.steamstatic.com/store_item_assets/steam/apps/1245620/ss_c494372930ca791bdc6221eca134f2270fb2cb9f.1920x1080.jpg?t=1726158298'),
(19, 'https://shared.fastly.steamstatic.com/store_item_assets/steam/apps/1245620/ss_fa6b881ef7c30522012ab2b2b83001e79baee093.1920x1080.jpg?t=1726158298'),
(19, 'https://shared.fastly.steamstatic.com/store_item_assets/steam/apps/1245620/ss_c2baf8aada6140beee79d701d14043899e91af47.1920x1080.jpg?t=1726158298');

INSERT INTO products (id, title, type, description, price, discount, discountStartDate, discountEndDate, releaseDate, rating, isActive, headerImage)
VALUES (20, 'EA SPORTS FC™ 25', 'Game', 'EA SPORTS FC™ 25 gives you more ways to win for the club. Team up with friends in your favourite modes with the new 5v5 Rush, and manage your club to victory as FC IQ delivers more tactical control than ever before.', 69.99, 0, NULL, NULL, '2024-09-27', 0, TRUE, 'https://shared.fastly.steamstatic.com/store_item_assets/steam/apps/2669320/header.jpg?t=1733419911');

INSERT INTO product_developers (product_id, developer) VALUES
(20, 'EA Canada & EA Romania');

INSERT INTO product_publishers (product_id, publisher) VALUES
(20, 'Electronic Arts');

INSERT INTO product_platforms (product_id, platform) VALUES
(20, 'Windows');

INSERT INTO product_genres (product_id, genre) VALUES
(20, 'Simulation'),
(20, 'Sports');

INSERT INTO product_tags (product_id, tag) VALUES
(20, 'Sports'),
(20, 'Simulation'),
(20, 'Football (Soccer)'),
(20, 'Controller'),
(20, 'Multiplayer'),
(20, 'eSports'),
(20, 'Competitive'),
(20, 'Local Co-Op'),
(20, 'Family Friendly'),
(20, 'Local Multiplayer'),
(20, 'Online Co-Op'),
(20, 'Singleplayer'),
(20, 'Modern'),
(20, 'PvP'),
(20, 'Realistic'),
(20, 'Co-op'),
(20, 'Soundtrack'),
(20, 'Split Screen'),
(20, 'Free to Play'),
(20, 'Mature');

INSERT INTO product_features (product_id, feature) VALUES
(20, 'Single-player'),
(20, 'Online PvP'),
(20, 'Shared/Split Screen PvP'),
(20, 'Online Co-op'),
(20, 'Shared/Split Screen Co-op'),
(20, 'Cross-Platform Multiplayer'),
(20, 'Steam Achievements'),
(20, 'In-App Purchases'),
(20, 'Remote Play Together'),
(20, 'HDR available');

INSERT INTO product_system_requirements (product_id, platform, title, minimum, recommended) VALUES (20, 'win', 'OS', 'Windows 10 - 64-Bit (Latest Update)', 'Windows 10 - 64-Bit (Latest Update).');

INSERT INTO product_system_requirements (product_id, platform, title, minimum, recommended) VALUES (20, 'win', 'Processor', 'AMD Ryzen 5 1600 or Intel Core i5 6600k', 'AMD Ryzen 7 2700X or Intel Core i7 6700');

INSERT INTO product_system_requirements (product_id, platform, title, minimum, recommended) VALUES (20, 'win', 'Memory', '8 GB RAM', '12 GB RAM');

INSERT INTO product_system_requirements (product_id, platform, title, minimum, recommended) VALUES (20, 'win', 'Graphics', 'AMD RX 570 or Nvidia GTX 1050 Ti', 'AMD RX 5600 XT or Nvidia GTX 1660');

INSERT INTO product_system_requirements (product_id, platform, title, minimum, recommended) VALUES (20, 'win', 'DirectX', 'Version 12', 'Version 12');

INSERT INTO product_system_requirements (product_id, platform, title, minimum, recommended) VALUES (20, 'win', 'Network', 'Broadband Internet connection', 'Broadband Internet connection');

INSERT INTO product_system_requirements (product_id, platform, title, minimum, recommended) VALUES (20, 'win', 'Storage', '100 GB available space', '100 GB available space');

INSERT INTO product_system_requirements (product_id, platform, title, minimum, recommended) VALUES (20, 'win', 'Additional Notes', '', '');

INSERT INTO product_screenshots (product_id, screenshot) VALUES
(20, 'https://shared.fastly.steamstatic.com/store_item_assets/steam/apps/2669320/ss_857b4aaf3c10b2a886d60f029f32b2f86d968311.1920x1080.jpg?t=1733419911'),
(20, 'https://shared.fastly.steamstatic.com/store_item_assets/steam/apps/2669320/ss_aeeea35bf96fad387b97befd9a5c4b9d8ee2ac1a.1920x1080.jpg?t=1733419911'),
(20, 'https://shared.fastly.steamstatic.com/store_item_assets/steam/apps/2669320/ss_c8460408705b54e37228cc320a2da1c19e4dc12f.1920x1080.jpg?t=1733419911'),
(20, 'https://shared.fastly.steamstatic.com/store_item_assets/steam/apps/2669320/ss_ee0be94a0a8e1325050481bcf351d736e6d2982d.1920x1080.jpg?t=1733419911'),
(20, 'https://shared.fastly.steamstatic.com/store_item_assets/steam/apps/2669320/ss_ded26e23554cb4d0612b8f531304f8f486eafcf4.1920x1080.jpg?t=1733419911'),
(20, 'https://shared.fastly.steamstatic.com/store_item_assets/steam/apps/2669320/ss_709f8a775654b083b7faf991522f657dda2a14a9.1920x1080.jpg?t=1733419911'),
(20, 'https://shared.fastly.steamstatic.com/store_item_assets/steam/apps/2669320/ss_009991924bc40dd9d9793bbef7b5783470e3030d.1920x1080.jpg?t=1733419911'),
(20, 'https://shared.fastly.steamstatic.com/store_item_assets/steam/apps/2669320/ss_bab390c4ca80ca91d5984440cec2eea12b4848ba.1920x1080.jpg?t=1733419911');

INSERT INTO product_videos (product_id, mp4, webm, thumbnail) VALUES
(20, 'https://video.fastly.steamstatic.com/store_trailers/257059675/movie480.mp4?t=1727470235', 'https://video.fastly.steamstatic.com/store_trailers/257059675/movie480_vp9.webm?t=1727470235', 'https://shared.fastly.steamstatic.com/store_item_assets/steam/apps/257059675/8472924f1c5341b306e5e4c031293699c6ce16db/movie_600x337.jpg?t=1727470235'),
(20, 'https://video.fastly.steamstatic.com/store_trailers/257046237/movie480.mp4?t=1727470240', 'https://video.fastly.steamstatic.com/store_trailers/257046237/movie480_vp9.webm?t=1727470240', 'https://shared.fastly.steamstatic.com/store_item_assets/steam/apps/257046237/movie.293x165.jpg?t=1727470240');

INSERT INTO products (id, title, type, description, price, discount, discountStartDate, discountEndDate, releaseDate, rating, isActive, headerImage)
VALUES (21, 'Team Fortress 2', 'Game', 'Nine distinct classes provide a broad range of tactical abilities and personalities. Constantly updated with new game modes, maps, equipment and, most importantly, hats!', 0, 0, NULL, NULL, '2007-10-10', 0, TRUE, 'https://shared.fastly.steamstatic.com/store_item_assets/steam/apps/440/header.jpg?t=1729702978');

INSERT INTO product_developers (product_id, developer) VALUES
(21, 'Valve');

INSERT INTO product_publishers (product_id, publisher) VALUES
(21, 'Valve');

INSERT INTO product_platforms (product_id, platform) VALUES
(21, 'Windows');

INSERT INTO product_genres (product_id, genre) VALUES
(21, 'Action'),
(21, 'Free To Play');

INSERT INTO product_tags (product_id, tag) VALUES
(21, 'Free to Play'),
(21, 'Hero Shooter'),
(21, 'Multiplayer'),
(21, 'FPS'),
(21, 'Shooter'),
(21, 'Action'),
(21, 'Class-Based'),
(21, 'Team-Based'),
(21, 'Funny'),
(21, 'First-Person'),
(21, 'Online Co-Op'),
(21, 'Competitive'),
(21, 'Cartoony'),
(21, 'Trading'),
(21, 'Co-op'),
(21, 'Comedy'),
(21, 'Robots'),
(21, 'Tactical'),
(21, 'Cartoon'),
(21, 'Crafting');

INSERT INTO product_features (product_id, feature) VALUES
(21, 'Cross-Platform Multiplayer'),
(21, 'Steam Achievements'),
(21, 'Steam Trading Cards'),
(21, 'Captions available'),
(21, 'Steam Workshop'),
(21, 'In-App Purchases'),
(21, 'Stats'),
(21, 'Includes level editor'),
(21, 'Commentary available'),
(21, 'Remote Play on Phone'),
(21, 'Remote Play on Tablet');

INSERT INTO product_system_requirements (product_id, platform, title, minimum, recommended) VALUES (21, 'win', 'OS', '', '');

INSERT INTO product_system_requirements (product_id, platform, title, minimum, recommended) VALUES (21, 'win', 'Processor', '1.7 GHz Processor or better', 'Pentium 4 processor (3.0GHz, or better)');

INSERT INTO product_system_requirements (product_id, platform, title, minimum, recommended) VALUES (21, 'win', 'Memory', '512 MB RAM', '1 GB RAM');

INSERT INTO product_system_requirements (product_id, platform, title, minimum, recommended) VALUES (21, 'win', 'Graphics', '', '');

INSERT INTO product_system_requirements (product_id, platform, title, minimum, recommended) VALUES (21, 'win', 'DirectX', 'Version 8.1', 'Version 9.0c');

INSERT INTO product_system_requirements (product_id, platform, title, minimum, recommended) VALUES (21, 'win', 'Network', 'Broadband Internet connection', 'Broadband Internet connection');

INSERT INTO product_system_requirements (product_id, platform, title, minimum, recommended) VALUES (21, 'win', 'Storage', '15 GB available space', '15 GB available space');

INSERT INTO product_system_requirements (product_id, platform, title, minimum, recommended) VALUES (21, 'win', 'Additional Notes', '', '');

INSERT INTO product_system_requirements (product_id, platform, title, minimum, recommended) VALUES (21, 'linux', 'OS', '', '');

INSERT INTO product_system_requirements (product_id, platform, title, minimum, recommended) VALUES (21, 'linux', 'Processor', '', '');

INSERT INTO product_system_requirements (product_id, platform, title, minimum, recommended) VALUES (21, 'linux', 'Memory', '', '');

INSERT INTO product_system_requirements (product_id, platform, title, minimum, recommended) VALUES (21, 'linux', 'Graphics', '', '');

INSERT INTO product_system_requirements (product_id, platform, title, minimum, recommended) VALUES (21, 'linux', 'DirectX', '', '');

INSERT INTO product_system_requirements (product_id, platform, title, minimum, recommended) VALUES (21, 'linux', 'Network', '', '');

INSERT INTO product_system_requirements (product_id, platform, title, minimum, recommended) VALUES (21, 'linux', 'Storage', '', '');

INSERT INTO product_system_requirements (product_id, platform, title, minimum, recommended) VALUES (21, 'linux', 'Additional Notes', '', '');

INSERT INTO product_screenshots (product_id, screenshot) VALUES
(21, 'https://shared.fastly.steamstatic.com/store_item_assets/steam/apps/440/ss_ea21f7bbf4f79bada4554df5108d04b6889d3453.1920x1080.jpg?t=1729702978'),
(21, 'https://shared.fastly.steamstatic.com/store_item_assets/steam/apps/440/ss_e3aedb2ab36bba8cfe611b1e0eaa807e4bb2d742.1920x1080.jpg?t=1729702978'),
(21, 'https://shared.fastly.steamstatic.com/store_item_assets/steam/apps/440/ss_ee24a769dc1d81dcbd7b250d16530394adee4264.1920x1080.jpg?t=1729702978'),
(21, 'https://shared.fastly.steamstatic.com/store_item_assets/steam/apps/440/ss_9faaa506d91bf19dbb398e0c06a684b337f85f91.1920x1080.jpg?t=1729702978'),
(21, 'https://shared.fastly.steamstatic.com/store_item_assets/steam/apps/440/ss_7de978f22a7059151c31d0488dc57c5c7703c48b.1920x1080.jpg?t=1729702978'),
(21, 'https://shared.fastly.steamstatic.com/store_item_assets/steam/apps/440/ss_e79f2490af3247b4b0f8d412d437b72c321cfe3b.1920x1080.jpg?t=1729702978'),
(21, 'https://shared.fastly.steamstatic.com/store_item_assets/steam/apps/440/ss_8f28c75172e3d08e65222725202b82f58bfe7df7.1920x1080.jpg?t=1729702978'),
(21, 'https://shared.fastly.steamstatic.com/store_item_assets/steam/apps/440/0000002574.1920x1080.jpg?t=1729702978'),
(21, 'https://shared.fastly.steamstatic.com/store_item_assets/steam/apps/440/0000002575.1920x1080.jpg?t=1729702978'),
(21, 'https://shared.fastly.steamstatic.com/store_item_assets/steam/apps/440/0000002576.1920x1080.jpg?t=1729702978'),
(21, 'https://shared.fastly.steamstatic.com/store_item_assets/steam/apps/440/0000002577.1920x1080.jpg?t=1729702978'),
(21, 'https://shared.fastly.steamstatic.com/store_item_assets/steam/apps/440/0000002578.1920x1080.jpg?t=1729702978'),
(21, 'https://shared.fastly.steamstatic.com/store_item_assets/steam/apps/440/0000002579.1920x1080.jpg?t=1729702978'),
(21, 'https://shared.fastly.steamstatic.com/store_item_assets/steam/apps/440/0000002580.1920x1080.jpg?t=1729702978'),
(21, 'https://shared.fastly.steamstatic.com/store_item_assets/steam/apps/440/0000002581.1920x1080.jpg?t=1729702978');

INSERT INTO product_videos (product_id, mp4, webm, thumbnail) VALUES
(21, 'https://video.fastly.steamstatic.com/store_trailers/256698790/movie480.mp4?t=1682961253', 'https://video.fastly.steamstatic.com/store_trailers/256698790/movie480.webm?t=1682961253', 'https://shared.fastly.steamstatic.com/store_item_assets/steam/apps/256698790/movie.293x165.jpg?t=1682961253'),
(21, 'https://video.fastly.steamstatic.com/store_trailers/81800/movie480.mp4?t=1682961275', 'https://video.fastly.steamstatic.com/store_trailers/81800/movie480.webm?t=1682961275', 'https://shared.fastly.steamstatic.com/store_item_assets/steam/apps/81800/movie.293x165.jpg?t=1682961275'),
(21, 'https://video.fastly.steamstatic.com/store_trailers/80923/movie480.mp4?t=1682961282', 'https://video.fastly.steamstatic.com/store_trailers/80923/movie480.webm?t=1682961282', 'https://shared.fastly.steamstatic.com/store_item_assets/steam/apps/80923/movie.293x165.jpg?t=1682961282'),
(21, 'https://video.fastly.steamstatic.com/store_trailers/997/movie480.mp4?t=1682961340', 'https://video.fastly.steamstatic.com/store_trailers/997/movie480.webm?t=1682961340', 'https://shared.fastly.steamstatic.com/store_item_assets/steam/apps/997/movie.jpg?t=1682961340'),
(21, 'https://video.fastly.steamstatic.com/store_trailers/931/movie480.mp4?t=1682961246', 'https://video.fastly.steamstatic.com/store_trailers/931/movie480.webm?t=1682961246', 'https://shared.fastly.steamstatic.com/store_item_assets/steam/apps/931/movie.jpg?t=1682961246'),
(21, 'https://video.fastly.steamstatic.com/store_trailers/923/movie480.mp4?t=1682961303', 'https://video.fastly.steamstatic.com/store_trailers/923/movie480.webm?t=1682961303', 'https://shared.fastly.steamstatic.com/store_item_assets/steam/apps/923/movie.jpg?t=1682961303'),
(21, 'https://video.fastly.steamstatic.com/store_trailers/80924/movie480.mp4?t=1682961289', 'https://video.fastly.steamstatic.com/store_trailers/80924/movie480.webm?t=1682961289', 'https://shared.fastly.steamstatic.com/store_item_assets/steam/apps/80924/movie.293x165.jpg?t=1682961289'),
(21, 'https://video.fastly.steamstatic.com/store_trailers/5734/movie480.mp4?t=1682961296', 'https://video.fastly.steamstatic.com/store_trailers/5734/movie480.webm?t=1682961296', 'https://shared.fastly.steamstatic.com/store_item_assets/steam/apps/5734/movie.293x165.jpg?t=1682961296'),
(21, 'https://video.fastly.steamstatic.com/store_trailers/81943/movie480.mp4?t=1682961267', 'https://video.fastly.steamstatic.com/store_trailers/81943/movie480.webm?t=1682961267', 'https://shared.fastly.steamstatic.com/store_item_assets/steam/apps/81943/movie.293x165.jpg?t=1682961267'),
(21, 'https://video.fastly.steamstatic.com/store_trailers/960/movie480.mp4?t=1682961310', 'https://video.fastly.steamstatic.com/store_trailers/960/movie480.webm?t=1682961310', 'https://shared.fastly.steamstatic.com/store_item_assets/steam/apps/960/movie.jpg?t=1682961310'),
(21, 'https://video.fastly.steamstatic.com/store_trailers/985/movie480.mp4?t=1682961318', 'https://video.fastly.steamstatic.com/store_trailers/985/movie480.webm?t=1682961318', 'https://shared.fastly.steamstatic.com/store_item_assets/steam/apps/985/movie.jpg?t=1682961318'),
(21, 'https://video.fastly.steamstatic.com/store_trailers/987/movie480.mp4?t=1682961325', 'https://video.fastly.steamstatic.com/store_trailers/987/movie480.webm?t=1682961325', 'https://shared.fastly.steamstatic.com/store_item_assets/steam/apps/987/movie.jpg?t=1682961325'),
(21, 'https://video.fastly.steamstatic.com/store_trailers/2030252/movie480.mp4?t=1682961260', 'https://video.fastly.steamstatic.com/store_trailers/2030252/movie480.webm?t=1682961260', 'https://shared.fastly.steamstatic.com/store_item_assets/steam/apps/2030252/movie.293x165.jpg?t=1682961260'),
(21, 'https://video.fastly.steamstatic.com/store_trailers/5032/movie480.mp4?t=1682961362', 'https://video.fastly.steamstatic.com/store_trailers/5032/movie480.webm?t=1682961362', 'https://shared.fastly.steamstatic.com/store_item_assets/steam/apps/5032/movie.jpg?t=1682961362'),
(21, 'https://video.fastly.steamstatic.com/store_trailers/5051/movie480.mp4?t=1682961398', 'https://video.fastly.steamstatic.com/store_trailers/5051/movie480.webm?t=1682961398', 'https://shared.fastly.steamstatic.com/store_item_assets/steam/apps/5051/movie.293x165.jpg?t=1682961398'),
(21, 'https://video.fastly.steamstatic.com/store_trailers/5073/movie480.mp4?t=1682961450', 'https://video.fastly.steamstatic.com/store_trailers/5073/movie480.webm?t=1682961450', 'https://shared.fastly.steamstatic.com/store_item_assets/steam/apps/5073/movie.jpg?t=1682961450'),
(21, 'https://video.fastly.steamstatic.com/store_trailers/5260/movie480.mp4?t=1682961477', 'https://video.fastly.steamstatic.com/store_trailers/5260/movie480.webm?t=1682961477', 'https://shared.fastly.steamstatic.com/store_item_assets/steam/apps/5260/movie.293x165.jpg?t=1682961477');

INSERT INTO products (id, title, type, description, price, discount, discountStartDate, discountEndDate, releaseDate, rating, isActive, headerImage)
VALUES (22, 'Hearts of Iron IV', 'Game', 'Victory is at your fingertips! Your ability to lead your nation is your supreme weapon, the strategy game Hearts of Iron IV lets you take command of any nation in World War II, the most engaging conflict in world history.', 49.99, 0, NULL, NULL, '2016-06-06', 0, TRUE, 'https://shared.fastly.steamstatic.com/store_item_assets/steam/apps/394360/header.jpg?t=1735836462');

INSERT INTO product_developers (product_id, developer) VALUES
(22, 'Paradox Development Studio');

INSERT INTO product_publishers (product_id, publisher) VALUES
(22, 'Paradox Interactive');

INSERT INTO product_platforms (product_id, platform) VALUES
(22, 'Windows');

INSERT INTO product_genres (product_id, genre) VALUES
(22, 'Simulation'),
(22, 'Strategy');

INSERT INTO product_tags (product_id, tag) VALUES
(22, 'Strategy'),
(22, 'World War II'),
(22, 'Grand Strategy'),
(22, 'War'),
(22, 'Historical'),
(22, 'Military'),
(22, 'Alternate History'),
(22, 'Multiplayer'),
(22, 'Simulation'),
(22, 'Tactical'),
(22, 'Real-Time with Pause'),
(22, 'Singleplayer'),
(22, 'RTS'),
(22, 'Diplomacy'),
(22, 'Sandbox'),
(22, 'Co-op'),
(22, 'Strategy RPG'),
(22, 'Competitive'),
(22, 'Open World'),
(22, 'Action');

INSERT INTO product_features (product_id, feature) VALUES
(22, 'Single-player'),
(22, 'Cross-Platform Multiplayer'),
(22, 'Steam Achievements'),
(22, 'Steam Trading Cards'),
(22, 'Steam Workshop'),
(22, 'Steam Cloud'),
(22, 'Remote Play on Tablet'),
(22, 'Family Sharing');

INSERT INTO product_system_requirements (product_id, platform, title, minimum, recommended) VALUES (22, 'win', 'OS', 'Windows® 10 Home 64 Bit', 'Windows® 10 Home 64 bit');

INSERT INTO product_system_requirements (product_id, platform, title, minimum, recommended) VALUES (22, 'win', 'Processor', 'Intel® Core™ i5 750 | AMD® FX 4300', 'Intel® Core™ i5 2500K | AMD® Ryzen 3 2200G');

INSERT INTO product_system_requirements (product_id, platform, title, minimum, recommended) VALUES (22, 'win', 'Memory', '4 GB RAM', '6 GB RAM');

INSERT INTO product_system_requirements (product_id, platform, title, minimum, recommended) VALUES (22, 'win', 'Graphics', 'Nvidia® GeForce™ GTX 470 (1.28GB) | AMD® HD 5850 (1GB) | Intel Iris Xe G7 (Tiger Lake) | AMD® Radeon™ RX Vega 11', 'Nvidia® GeForce™ GTX 570 (1.28GB) | AMD® Radeon™ HD 7970 (3GB) | Intel Iris Xe G7 (Tiger Lake)');

INSERT INTO product_system_requirements (product_id, platform, title, minimum, recommended) VALUES (22, 'win', 'DirectX', 'Version 9.0c', 'Version 9.0c');

INSERT INTO product_system_requirements (product_id, platform, title, minimum, recommended) VALUES (22, 'win', 'Network', '', '');

INSERT INTO product_system_requirements (product_id, platform, title, minimum, recommended) VALUES (22, 'win', 'Storage', '2 GB available space', '2 GB available space');

INSERT INTO product_system_requirements (product_id, platform, title, minimum, recommended) VALUES (22, 'win', 'Additional Notes', 'Mouse and keyboard are required. / Latest available WHQL drivers from both manufacturers/  Internet Connection or LAN for multiplayer, Up to 32 other players in multiplayer mode.', 'Mouse and keyboard are required. / Latest available WHQL drivers from both manufacturers. / Internet Connection or LAN for multiplayer, Up to 32 other players in multiplayer mode.');

INSERT INTO product_system_requirements (product_id, platform, title, minimum, recommended) VALUES (22, 'mac', 'OS', 'macOS 10.14 (Mojave)', 'macOS 10.14 (Mojave)');

INSERT INTO product_system_requirements (product_id, platform, title, minimum, recommended) VALUES (22, 'mac', 'Processor', 'Intel Core i5 @ 2.60 GHz or better', 'Intel Core i5 @ 2.90 GHz or better');

INSERT INTO product_system_requirements (product_id, platform, title, minimum, recommended) VALUES (22, 'mac', 'Memory', '4 GB RAM', '8 GB RAM');

INSERT INTO product_system_requirements (product_id, platform, title, minimum, recommended) VALUES (22, 'mac', 'Graphics', 'ATI Radeon HD 6970M', 'ATI Radeon R9 390M or NVIDIA GeForce 750M with 1GB VRAM');

INSERT INTO product_system_requirements (product_id, platform, title, minimum, recommended) VALUES (22, 'mac', 'DirectX', '', '');

INSERT INTO product_system_requirements (product_id, platform, title, minimum, recommended) VALUES (22, 'mac', 'Network', '', '');

INSERT INTO product_system_requirements (product_id, platform, title, minimum, recommended) VALUES (22, 'mac', 'Storage', '2 GB available space', '2 GB available space');

INSERT INTO product_system_requirements (product_id, platform, title, minimum, recommended) VALUES (22, 'mac', 'Additional Notes', 'Mouse and keyboard are required. / Latest available proprietary drivers /  Internet Connection or LAN for multiplayer, Up to 32 other players in multiplayer mode.', 'Mouse and keyboard are required. / Latest available proprietary drivers from both manufacturers/  Internet Connection or LAN for multiplayer, Up to 32 other players in multiplayer mode.');

INSERT INTO product_system_requirements (product_id, platform, title, minimum, recommended) VALUES (22, 'linux', 'OS', 'Ubuntu 20.04', 'Ubuntu 20.04');

INSERT INTO product_system_requirements (product_id, platform, title, minimum, recommended) VALUES (22, 'linux', 'Processor', 'Intel Core 2 Quad Q9400 @ 2.66 GHz / AMD Athlon II X4 650 @ 3.20 GHz', 'Intel Core i5 750 @ 2.66 GHz / AMD Phenom II X4 955 @ 3.20 GHz');

INSERT INTO product_system_requirements (product_id, platform, title, minimum, recommended) VALUES (22, 'linux', 'Memory', '4 GB RAM', '4 GB RAM');

INSERT INTO product_system_requirements (product_id, platform, title, minimum, recommended) VALUES (22, 'linux', 'Graphics', 'ATI Radeon HD 5850 or NVIDIA GeForce GTX470 with 1GB VRAM / Latest available proprietary drivers from both manufacturers', 'ATI Radeon HD 6950 or NVIDIA GeForce GTX570 with 2GB VRAM / Latest available proprietary drivers from both manufacturers');

INSERT INTO product_system_requirements (product_id, platform, title, minimum, recommended) VALUES (22, 'linux', 'DirectX', '', '');

INSERT INTO product_system_requirements (product_id, platform, title, minimum, recommended) VALUES (22, 'linux', 'Network', '', '');

INSERT INTO product_system_requirements (product_id, platform, title, minimum, recommended) VALUES (22, 'linux', 'Storage', '2 GB available space', '2 GB available space');

INSERT INTO product_system_requirements (product_id, platform, title, minimum, recommended) VALUES (22, 'linux', 'Additional Notes', '3-button mouse, keyboard, and speakers are required. / Internet Connection or LAN for multiplayer, Up to 32 other players in multiplayer mode.', '3-button mouse, keyboard, and speakers are required. / Internet Connection or LAN for multiplayer, Up to 32 other players in multiplayer mode.');

INSERT INTO product_screenshots (product_id, screenshot) VALUES
(22, 'https://shared.fastly.steamstatic.com/store_item_assets/steam/apps/394360/ss_242abc1c2ca21f7d8694ba8d9239d8944217b29f.1920x1080.jpg?t=1735836462'),
(22, 'https://shared.fastly.steamstatic.com/store_item_assets/steam/apps/394360/ss_679ae0d56f3a3b33591262839588c4b1dc6bef12.1920x1080.jpg?t=1735836462'),
(22, 'https://shared.fastly.steamstatic.com/store_item_assets/steam/apps/394360/ss_ebcec59e821aa1ee43c6d047eaef4e846af99358.1920x1080.jpg?t=1735836462'),
(22, 'https://shared.fastly.steamstatic.com/store_item_assets/steam/apps/394360/ss_fc239db7ed07e8ec4e6440cd0c6ced88a955d90e.1920x1080.jpg?t=1735836462'),
(22, 'https://shared.fastly.steamstatic.com/store_item_assets/steam/apps/394360/ss_c7916f607a289830f424daebe3e2f281afbb456b.1920x1080.jpg?t=1735836462'),
(22, 'https://shared.fastly.steamstatic.com/store_item_assets/steam/apps/394360/ss_f07f7ebc18d5e6a9692ec748a4f203fe0c748feb.1920x1080.jpg?t=1735836462');

INSERT INTO product_videos (product_id, mp4, webm, thumbnail) VALUES
(22, 'https://video.fastly.steamstatic.com/store_trailers/257012977/movie480.mp4?t=1712235668', 'https://video.fastly.steamstatic.com/store_trailers/257012977/movie480_vp9.webm?t=1712235668', 'https://shared.fastly.steamstatic.com/store_item_assets/steam/apps/257012977/movie.293x165.jpg?t=1712235668');

INSERT INTO products (id, title, type, description, price, discount, discountStartDate, discountEndDate, releaseDate, rating, isActive, headerImage)
VALUES (23, 'Crosshair X', 'Game', 'Overlay custom crosshairs on every game you play. Choose from thousands of unique crosshairs created by the Crosshair X community or design your own using the designer.', 7.99, 0, NULL, NULL, '2020-06-01', 0, TRUE, 'https://shared.fastly.steamstatic.com/store_item_assets/steam/apps/1366800/header_alt_assets_0.jpg?t=1734527614');

INSERT INTO product_developers (product_id, developer) VALUES
(23, 'CenterPoint Gaming');

INSERT INTO product_publishers (product_id, publisher) VALUES
(23, 'CenterPoint Gaming');

INSERT INTO product_platforms (product_id, platform) VALUES
(23, 'Windows');

INSERT INTO product_genres (product_id, genre) VALUES
(23, 'Action'),
(23, 'Adventure'),
(23, 'Indie'),
(23, 'Animation & Modeling'),
(23, 'Design & Illustration'),
(23, 'Education'),
(23, 'Photo Editing'),
(23, 'Utilities'),
(23, 'Game Development');

INSERT INTO product_tags (product_id, tag) VALUES
(23, 'Action'),
(23, 'Indie'),
(23, 'Adventure'),
(23, 'Utilities'),
(23, 'Shooter'),
(23, 'Software'),
(23, 'FPS'),
(23, 'Game Development'),
(23, 'Design & Illustration'),
(23, 'Animation & Modeling'),
(23, 'Photo Editing'),
(23, 'Survival'),
(23, 'Education'),
(23, 'PvP'),
(23, 'First-Person'),
(23, 'Third-Person Shooter'),
(23, 'War'),
(23, 'Third Person'),
(23, 'Tactical'),
(23, 'Sandbox');

INSERT INTO product_features (product_id, feature) VALUES
(23, 'Captions available'),
(23, 'Steam Workshop'),
(23, 'Steam Cloud');

INSERT INTO product_system_requirements (product_id, platform, title, minimum, recommended) VALUES (23, 'win', 'OS', 'Windows 10', 'Windows 11');

INSERT INTO product_system_requirements (product_id, platform, title, minimum, recommended) VALUES (23, 'win', 'Processor', '', '');

INSERT INTO product_system_requirements (product_id, platform, title, minimum, recommended) VALUES (23, 'win', 'Memory', '', '');

INSERT INTO product_system_requirements (product_id, platform, title, minimum, recommended) VALUES (23, 'win', 'Graphics', '', '');

INSERT INTO product_system_requirements (product_id, platform, title, minimum, recommended) VALUES (23, 'win', 'DirectX', '', '');

INSERT INTO product_system_requirements (product_id, platform, title, minimum, recommended) VALUES (23, 'win', 'Network', '', '');

INSERT INTO product_system_requirements (product_id, platform, title, minimum, recommended) VALUES (23, 'win', 'Storage', '', '');

INSERT INTO product_system_requirements (product_id, platform, title, minimum, recommended) VALUES (23, 'win', 'Additional Notes', '', '');

INSERT INTO product_screenshots (product_id, screenshot) VALUES
(23, 'https://shared.fastly.steamstatic.com/store_item_assets/steam/apps/1366800/ss_5f5fed1e0471193ad1d24d73bb2d284713f67b54.1920x1080.jpg?t=1734527614'),
(23, 'https://shared.fastly.steamstatic.com/store_item_assets/steam/apps/1366800/ss_78534ff1018072b51b892cb989b0144cdff5d3c9.1920x1080.jpg?t=1734527614'),
(23, 'https://shared.fastly.steamstatic.com/store_item_assets/steam/apps/1366800/ss_111a7ded49289cb0a00a18993517c2150b1e2e72.1920x1080.jpg?t=1734527614'),
(23, 'https://shared.fastly.steamstatic.com/store_item_assets/steam/apps/1366800/ss_25f8af2a32147781eefd94643e7487d6a5da241c.1920x1080.jpg?t=1734527614'),
(23, 'https://shared.fastly.steamstatic.com/store_item_assets/steam/apps/1366800/ss_6e66e270bdddf9eb4a3d694bb3f5a36edbcd1bfa.1920x1080.jpg?t=1734527614'),
(23, 'https://shared.fastly.steamstatic.com/store_item_assets/steam/apps/1366800/ss_2269fe05043bdb629f945081fe7b8eec7f4c76c0.1920x1080.jpg?t=1734527614'),
(23, 'https://shared.fastly.steamstatic.com/store_item_assets/steam/apps/1366800/ss_fd10de15e0f536cdbe766f6ac91762ec5eb93474.1920x1080.jpg?t=1734527614'),
(23, 'https://shared.fastly.steamstatic.com/store_item_assets/steam/apps/1366800/ss_4a8f51c1c65132bf45a7b373fccda029444f5819.1920x1080.jpg?t=1734527614'),
(23, 'https://shared.fastly.steamstatic.com/store_item_assets/steam/apps/1366800/ss_b53bc1c9717de1f58d7d29df4f18ce789b49f38a.1920x1080.jpg?t=1734527614');

INSERT INTO product_videos (product_id, mp4, webm, thumbnail) VALUES
(23, 'https://video.fastly.steamstatic.com/store_trailers/256818282/movie480.mp4?t=1707872761', 'https://video.fastly.steamstatic.com/store_trailers/256818282/movie480_vp9.webm?t=1707872761', 'https://shared.fastly.steamstatic.com/store_item_assets/steam/apps/256818282/movie.293x165.jpg?t=1707872761');

INSERT INTO products (id, title, type, description, price, discount, discountStartDate, discountEndDate, releaseDate, rating, isActive, headerImage)
VALUES (24, 'Call of Duty®', 'Game', 'The Call of Duty® experience supports Call of Duty®: Black Ops 6, Call of Duty®: Modern Warfare® III, Call of Duty®: Modern Warfare® II and Call of Duty®: Warzone™.', 69.99, 0, NULL, NULL, '2022-10-28', 0, TRUE, 'https://shared.fastly.steamstatic.com/store_item_assets/steam/apps/1938090/header.jpg?t=1736274368');

INSERT INTO product_developers (product_id, developer) VALUES
(24, 'Treyarch'),
(24, 'Raven Software'),
(24, 'Beenox'),
(24, 'High Moon Studios'),
(24, 'Activision Shanghai'),
(24, 'Sledgehammer Games'),
(24, 'Infinity Ward'),
(24, 'Demonware'),
(24, 'Toys for Bob');

INSERT INTO product_publishers (product_id, publisher) VALUES
(24, 'Activision');

INSERT INTO product_platforms (product_id, platform) VALUES
(24, 'Windows');

INSERT INTO product_genres (product_id, genre) VALUES
(24, 'Action');

INSERT INTO product_tags (product_id, tag) VALUES
(24, 'FPS'),
(24, 'Multiplayer'),
(24, 'Shooter'),
(24, 'Singleplayer'),
(24, 'Action'),
(24, 'Military'),
(24, 'First-Person'),
(24, 'War'),
(24, 'Modern'),
(24, 'Tactical'),
(24, 'Violent'),
(24, 'Co-op'),
(24, 'Realistic'),
(24, 'Story Rich'),
(24, 'Atmospheric'),
(24, 'Mature'),
(24, 'Online Co-Op'),
(24, 'Gore'),
(24, 'Third-Person Shooter'),
(24, 'Third Person');

INSERT INTO product_features (product_id, feature) VALUES
(24, 'Single-player'),
(24, 'Online PvP'),
(24, 'Online Co-op'),
(24, 'Cross-Platform Multiplayer'),
(24, 'Steam Achievements'),
(24, 'Captions available'),
(24, 'In-App Purchases');

INSERT INTO product_system_requirements (product_id, platform, title, minimum, recommended) VALUES (24, 'win', 'OS', 'Windows® 10 64 Bit (latest update)', 'Windows® 10 64 Bit (latest update) or Windows® 11 64 Bit (latest update)');

INSERT INTO product_system_requirements (product_id, platform, title, minimum, recommended) VALUES (24, 'win', 'Processor', 'AMD Ryzen™ 5 1400 or Intel® Core™ i5-6600', 'AMD Ryzen™ 5 1600X or Intel® Core™ i7-6700K');

INSERT INTO product_system_requirements (product_id, platform, title, minimum, recommended) VALUES (24, 'win', 'Memory', '8 GB RAM', '12 GB RAM');

INSERT INTO product_system_requirements (product_id, platform, title, minimum, recommended) VALUES (24, 'win', 'Graphics', 'AMD Radeon™ RX 470, NVIDIA® GeForce® GTX 960 or Intel® Arc™ A580', 'AMD Radeon RX 6600XT or NVIDIA GeForce GTX 1080Ti / RTX 3060');

INSERT INTO product_system_requirements (product_id, platform, title, minimum, recommended) VALUES (24, 'win', 'DirectX', 'Version 12', 'Version 12');

INSERT INTO product_system_requirements (product_id, platform, title, minimum, recommended) VALUES (24, 'win', 'Network', 'Broadband Internet connection', 'Broadband Internet connection');

INSERT INTO product_system_requirements (product_id, platform, title, minimum, recommended) VALUES (24, 'win', 'Storage', '', '');

INSERT INTO product_system_requirements (product_id, platform, title, minimum, recommended) VALUES (24, 'win', 'Additional Notes', 'SSD with 128 GB available space at launch', 'SSD with 128 GB available space at launch');

INSERT INTO product_screenshots (product_id, screenshot) VALUES
(24, 'https://shared.fastly.steamstatic.com/store_item_assets/steam/apps/1938090/ss_0d1936ea4a3bb6cfe04e590c0ac4608bd2cdb0d3.1920x1080.jpg?t=1736274368'),
(24, 'https://shared.fastly.steamstatic.com/store_item_assets/steam/apps/1938090/ss_c0cfeb957e8d206bd387ebb13aef9ee39f537c96.1920x1080.jpg?t=1736274368'),
(24, 'https://shared.fastly.steamstatic.com/store_item_assets/steam/apps/1938090/ss_fa637688427c40347e7582e2da5a85f7f64c68f2.1920x1080.jpg?t=1736274368'),
(24, 'https://shared.fastly.steamstatic.com/store_item_assets/steam/apps/1938090/ss_a5d1691284c81d31a6c39b5b3d7d595457447c13.1920x1080.jpg?t=1736274368'),
(24, 'https://shared.fastly.steamstatic.com/store_item_assets/steam/apps/1938090/ss_87fbb3580b374aff018f3f122eb2306a6c5b5848.1920x1080.jpg?t=1736274368'),
(24, 'https://shared.fastly.steamstatic.com/store_item_assets/steam/apps/1938090/ss_ef5dd646b346847c6fd06ddc1bcd16ea1cf98de6.1920x1080.jpg?t=1736274368'),
(24, 'https://shared.fastly.steamstatic.com/store_item_assets/steam/apps/1938090/ss_b3ddfa3acf11b3bc8a594a333b92a01ebad38e72.1920x1080.jpg?t=1736274368'),
(24, 'https://shared.fastly.steamstatic.com/store_item_assets/steam/apps/1938090/ss_deb34533d315ff99445a7e51261cc9b88e41b37e.1920x1080.jpg?t=1736274368'),
(24, 'https://shared.fastly.steamstatic.com/store_item_assets/steam/apps/1938090/ss_5a7c5b26417d19a88cbe7bca9bcab64abd149eba.1920x1080.jpg?t=1736274368'),
(24, 'https://shared.fastly.steamstatic.com/store_item_assets/steam/apps/1938090/ss_56a6d3693258344372aacf04e1a209ab25a20bd9.1920x1080.jpg?t=1736274368');

INSERT INTO product_videos (product_id, mp4, webm, thumbnail) VALUES
(24, 'https://video.fastly.steamstatic.com/store_trailers/257073269/movie480.mp4?t=1731603673', 'https://video.fastly.steamstatic.com/store_trailers/257073269/movie480_vp9.webm?t=1731603673', 'https://shared.fastly.steamstatic.com/store_item_assets/steam/apps/257073269/02f505429ed458d0df520d2e61e205959ed889a9/movie_600x337.jpg?t=1731603673'),
(24, 'https://video.fastly.steamstatic.com/store_trailers/257073246/movie480.mp4?t=1731603747', 'https://video.fastly.steamstatic.com/store_trailers/257073246/movie480_vp9.webm?t=1731603747', 'https://shared.fastly.steamstatic.com/store_item_assets/steam/apps/257073246/4183334d6a99cae8fe76ae85da2da75f435c1a28/movie_600x337.jpg?t=1731603747'),
(24, 'https://video.fastly.steamstatic.com/store_trailers/257082041/movie480.mp4?t=1734142379', 'https://video.fastly.steamstatic.com/store_trailers/257082041/movie480_vp9.webm?t=1734142379', 'https://shared.fastly.steamstatic.com/store_item_assets/steam/apps/257082041/0c9c4900ca39a45996d01e7d7272443d7c3094f2/movie_600x337.jpg?t=1734142379'),
(24, 'https://video.fastly.steamstatic.com/store_trailers/257065873/movie480.mp4?t=1729828852', 'https://video.fastly.steamstatic.com/store_trailers/257065873/movie480_vp9.webm?t=1729828852', 'https://shared.fastly.steamstatic.com/store_item_assets/steam/apps/257065873/d424bdb0975352a094fab47528aeb3229178685f/movie_600x337.jpg?t=1729828852'),
(24, 'https://video.fastly.steamstatic.com/store_trailers/257030069/movie480.mp4?t=1729828921', 'https://video.fastly.steamstatic.com/store_trailers/257030069/movie480_vp9.webm?t=1729828921', 'https://shared.fastly.steamstatic.com/store_item_assets/steam/apps/257030069/363b9c452ade2f2ca1aba27cdc1e9d15b9641898/movie_600x337.jpg?t=1729828921'),
(24, 'https://video.fastly.steamstatic.com/store_trailers/257065930/movie480.mp4?t=1729828983', 'https://video.fastly.steamstatic.com/store_trailers/257065930/movie480_vp9.webm?t=1729828983', 'https://shared.fastly.steamstatic.com/store_item_assets/steam/apps/257065930/47889a9ef0ef552ad05c84b102970d516f5f758d/movie_600x337.jpg?t=1729828983'),
(24, 'https://video.fastly.steamstatic.com/store_trailers/257049620/movie480.mp4?t=1729829036', 'https://video.fastly.steamstatic.com/store_trailers/257049620/movie480_vp9.webm?t=1729829036', 'https://shared.fastly.steamstatic.com/store_item_assets/steam/apps/257049620/8b9c67b7026332a0c64639d30f1666d2cb01e8af/movie_600x337.jpg?t=1729829036'),
(24, 'https://video.fastly.steamstatic.com/store_trailers/257044325/movie480.mp4?t=1729829091', 'https://video.fastly.steamstatic.com/store_trailers/257044325/movie480_vp9.webm?t=1729829091', 'https://shared.fastly.steamstatic.com/store_item_assets/steam/apps/257044325/4de282e410c8630084bb26d2060bdb4b3bedb511/movie_600x337.jpg?t=1729829091'),
(24, 'https://video.fastly.steamstatic.com/store_trailers/257029786/movie480.mp4?t=1729829148', 'https://video.fastly.steamstatic.com/store_trailers/257029786/movie480_vp9.webm?t=1729829148', 'https://shared.fastly.steamstatic.com/store_item_assets/steam/apps/257029786/ca9c1286ecb3d0305116e3a8f5bf87ec86a7c011/movie_600x337.jpg?t=1729829148'),
(24, 'https://video.fastly.steamstatic.com/store_trailers/257070380/movie480.mp4?t=1730506245', 'https://video.fastly.steamstatic.com/store_trailers/257070380/movie480_vp9.webm?t=1730506245', 'https://shared.fastly.steamstatic.com/store_item_assets/steam/apps/257070380/7b90e4d6bc5f905c85f07d307299671937d8e0a2/movie_600x337.jpg?t=1730506245');

INSERT INTO products (id, title, type, description, price, discount, discountStartDate, discountEndDate, releaseDate, rating, isActive, headerImage)
VALUES (25, 'Cyberpunk 2077', 'Game', 'Cyberpunk 2077 is an open-world, action-adventure RPG set in the dark future of Night City — a dangerous megalopolis obsessed with power, glamor, and ceaseless body modification.', 59.99, 0, NULL, NULL, '2020-12-10', 0, TRUE, 'https://shared.fastly.steamstatic.com/store_item_assets/steam/apps/1091500/header_alt_assets_6.jpg?t=1734434803');

INSERT INTO product_developers (product_id, developer) VALUES
(25, 'CD PROJEKT RED');

INSERT INTO product_publishers (product_id, publisher) VALUES
(25, 'CD PROJEKT RED');

INSERT INTO product_platforms (product_id, platform) VALUES
(25, 'Windows');

INSERT INTO product_genres (product_id, genre) VALUES
(25, 'RPG');

INSERT INTO product_tags (product_id, tag) VALUES
(25, 'Cyberpunk'),
(25, 'Open World'),
(25, 'Nudity'),
(25, 'RPG'),
(25, 'Singleplayer'),
(25, 'Sci-fi'),
(25, 'FPS'),
(25, 'Futuristic'),
(25, 'Mature'),
(25, 'Story Rich'),
(25, 'First-Person'),
(25, 'Atmospheric'),
(25, 'Exploration'),
(25, 'Action'),
(25, 'Violent'),
(25, 'Great Soundtrack'),
(25, 'Action RPG'),
(25, 'Adventure'),
(25, 'Character Customization'),
(25, 'Immersive Sim');

INSERT INTO product_features (product_id, feature) VALUES
(25, 'Single-player'),
(25, 'Steam Achievements'),
(25, 'Steam Trading Cards'),
(25, 'Steam Cloud'),
(25, 'Family Sharing');

INSERT INTO product_system_requirements (product_id, platform, title, minimum, recommended) VALUES (25, 'win', 'OS', '64-bit Windows 10', '64-bit Windows 10');

INSERT INTO product_system_requirements (product_id, platform, title, minimum, recommended) VALUES (25, 'win', 'Processor', 'Core i7-6700 or Ryzen 5 1600', 'Core i7-12700 or Ryzen 7 7800X3D');

INSERT INTO product_system_requirements (product_id, platform, title, minimum, recommended) VALUES (25, 'win', 'Memory', '12 GB RAM', '16 GB RAM');

INSERT INTO product_system_requirements (product_id, platform, title, minimum, recommended) VALUES (25, 'win', 'Graphics', 'GeForce GTX 1060 6GB or Radeon RX 580 8GB or Arc A380', 'GeForce RTX 2060 SUPER or Radeon RX 5700 XT or Arc A770');

INSERT INTO product_system_requirements (product_id, platform, title, minimum, recommended) VALUES (25, 'win', 'DirectX', 'Version 12', 'Version 12');

INSERT INTO product_system_requirements (product_id, platform, title, minimum, recommended) VALUES (25, 'win', 'Network', '', '');

INSERT INTO product_system_requirements (product_id, platform, title, minimum, recommended) VALUES (25, 'win', 'Storage', '70 GB available space', '70 GB available space');

INSERT INTO product_system_requirements (product_id, platform, title, minimum, recommended) VALUES (25, 'win', 'Additional Notes', 'In this game you will encounter a variety of visual effects that may provide seizures or loss of consciousness in a minority of people. If you or someone you know experiences any of the above symptoms while playing, stop and seek medical attention immediately.', 'SSD required.');

INSERT INTO product_screenshots (product_id, screenshot) VALUES
(25, 'https://shared.fastly.steamstatic.com/store_item_assets/steam/apps/1091500/ss_2f649b68d579bf87011487d29bc4ccbfdd97d34f.1920x1080.jpg?t=1734434803'),
(25, 'https://shared.fastly.steamstatic.com/store_item_assets/steam/apps/1091500/ss_0e64170751e1ae20ff8fdb7001a8892fd48260e7.1920x1080.jpg?t=1734434803'),
(25, 'https://shared.fastly.steamstatic.com/store_item_assets/steam/apps/1091500/ss_af2804aa4bf35d4251043744412ce3b359a125ef.1920x1080.jpg?t=1734434803'),
(25, 'https://shared.fastly.steamstatic.com/store_item_assets/steam/apps/1091500/ss_7924f64b6e5d586a80418c9896a1c92881a7905b.1920x1080.jpg?t=1734434803'),
(25, 'https://shared.fastly.steamstatic.com/store_item_assets/steam/apps/1091500/ss_4eb068b1cf52c91b57157b84bed18a186ed7714b.1920x1080.jpg?t=1734434803'),
(25, 'https://shared.fastly.steamstatic.com/store_item_assets/steam/apps/1091500/ss_b529b0abc43f55fc23fe8058eddb6e37c9629a6a.1920x1080.jpg?t=1734434803'),
(25, 'https://shared.fastly.steamstatic.com/store_item_assets/steam/apps/1091500/ss_8640d9db74f7cad714f6ecfb0e1aceaa3f887e58.1920x1080.jpg?t=1734434803'),
(25, 'https://shared.fastly.steamstatic.com/store_item_assets/steam/apps/1091500/ss_9284d1c5b248726760233a933dbb83757d7d5d95.1920x1080.jpg?t=1734434803'),
(25, 'https://shared.fastly.steamstatic.com/store_item_assets/steam/apps/1091500/ss_4bda6f67580d94832ed2d5814e41ebe018ba1d9e.1920x1080.jpg?t=1734434803'),
(25, 'https://shared.fastly.steamstatic.com/store_item_assets/steam/apps/1091500/ss_e5a94665dbfa5a30931cff2f45cdc0ebea9fcebb.1920x1080.jpg?t=1734434803'),
(25, 'https://shared.fastly.steamstatic.com/store_item_assets/steam/apps/1091500/ss_429db1d013a0366417d650d84f1eff02d1a18c2d.1920x1080.jpg?t=1734434803'),
(25, 'https://shared.fastly.steamstatic.com/store_item_assets/steam/apps/1091500/ss_872822c5e50dc71f345416098d29fc3ae5cd26c1.1920x1080.jpg?t=1734434803'),
(25, 'https://shared.fastly.steamstatic.com/store_item_assets/steam/apps/1091500/ss_ae4465fa8a44dd330dbeb7992ba196c2f32cabb1.1920x1080.jpg?t=1734434803'),
(25, 'https://shared.fastly.steamstatic.com/store_item_assets/steam/apps/1091500/ss_f79fda81e6f3a37e0978054102102d71840f8b57.1920x1080.jpg?t=1734434803'),
(25, 'https://shared.fastly.steamstatic.com/store_item_assets/steam/apps/1091500/ss_bb1a60b8e5061caef7208369f42c5c9d574c9ac4.1920x1080.jpg?t=1734434803'),
(25, 'https://shared.fastly.steamstatic.com/store_item_assets/steam/apps/1091500/ss_a0c4e4015b5cf766d19bf97eee8b086183510e04.1920x1080.jpg?t=1734434803'),
(25, 'https://shared.fastly.steamstatic.com/store_item_assets/steam/apps/1091500/ss_b20689e73e3ac19bcc5fad2c18d0353c769de144.1920x1080.jpg?t=1734434803'),
(25, 'https://shared.fastly.steamstatic.com/store_item_assets/steam/apps/1091500/ss_ff3d920e254d18aa2a25d3765ac2ebe845efd208.1920x1080.jpg?t=1734434803'),
(25, 'https://shared.fastly.steamstatic.com/store_item_assets/steam/apps/1091500/ss_0002f18563d313bdd1d82c725d411408ebf762b0.1920x1080.jpg?t=1734434803'),
(25, 'https://shared.fastly.steamstatic.com/store_item_assets/steam/apps/1091500/ss_526123764d1c628caa1eb62c596f1b732f416c8c.1920x1080.jpg?t=1734434803'),
(25, 'https://shared.fastly.steamstatic.com/store_item_assets/steam/apps/1091500/ss_284ba40590de8f604ae693631c751a0aefdc452e.1920x1080.jpg?t=1734434803'),
(25, 'https://shared.fastly.steamstatic.com/store_item_assets/steam/apps/1091500/ss_9beef14102f164fa1163536d0fb3a51d0a2e4a3f.1920x1080.jpg?t=1734434803');

INSERT INTO product_videos (product_id, mp4, webm, thumbnail) VALUES
(25, 'https://video.fastly.steamstatic.com/store_trailers/257081132/movie480.mp4?t=1734434783', 'https://video.fastly.steamstatic.com/store_trailers/257081132/movie480_vp9.webm?t=1734434783', 'https://shared.fastly.steamstatic.com/store_item_assets/steam/apps/257081132/885331d24a8e88a0a90903f588835ed38b2f82cf/movie_600x337.jpg?t=1734434783'),
(25, 'https://video.fastly.steamstatic.com/store_trailers/256987121/movie480.mp4?t=1701872779', 'https://video.fastly.steamstatic.com/store_trailers/256987121/movie480_vp9.webm?t=1701872779', 'https://shared.fastly.steamstatic.com/store_item_assets/steam/apps/256987121/movie.293x165.jpg?t=1701872779'),
(25, 'https://video.fastly.steamstatic.com/store_trailers/256983891/movie480.mp4?t=1700653184', 'https://video.fastly.steamstatic.com/store_trailers/256983891/movie480_vp9.webm?t=1700653184', 'https://shared.fastly.steamstatic.com/store_item_assets/steam/apps/256983891/movie.293x165.jpg?t=1700653184'),
(25, 'https://video.fastly.steamstatic.com/store_trailers/256977924/movie480.mp4?t=1698157640', 'https://video.fastly.steamstatic.com/store_trailers/256977924/movie480_vp9.webm?t=1698157640', 'https://shared.fastly.steamstatic.com/store_item_assets/steam/apps/256977924/movie.293x165.jpg?t=1698157640'),
(25, 'https://video.fastly.steamstatic.com/store_trailers/256979871/movie480.mp4?t=1699262699', 'https://video.fastly.steamstatic.com/store_trailers/256979871/movie480_vp9.webm?t=1699262699', 'https://shared.fastly.steamstatic.com/store_item_assets/steam/apps/256979871/movie.293x165.jpg?t=1699262699'),
(25, 'https://video.fastly.steamstatic.com/store_trailers/256975573/movie480.mp4?t=1697117125', 'https://video.fastly.steamstatic.com/store_trailers/256975573/movie480_vp9.webm?t=1697117125', 'https://shared.fastly.steamstatic.com/store_item_assets/steam/apps/256975573/movie.293x165.jpg?t=1697117125'),
(25, 'https://video.fastly.steamstatic.com/store_trailers/256975544/movie480.mp4?t=1697117214', 'https://video.fastly.steamstatic.com/store_trailers/256975544/movie480_vp9.webm?t=1697117214', 'https://shared.fastly.steamstatic.com/store_item_assets/steam/apps/256975544/movie.293x165.jpg?t=1697117214'),
(25, 'https://video.fastly.steamstatic.com/store_trailers/256975514/movie480.mp4?t=1697117302', 'https://video.fastly.steamstatic.com/store_trailers/256975514/movie480_vp9.webm?t=1697117302', 'https://shared.fastly.steamstatic.com/store_item_assets/steam/apps/256975514/movie.293x165.jpg?t=1697117302'),
(25, 'https://video.fastly.steamstatic.com/store_trailers/256904408/movie480.mp4?t=1662480409', 'https://video.fastly.steamstatic.com/store_trailers/256904408/movie480_vp9.webm?t=1662480409', 'https://shared.fastly.steamstatic.com/store_item_assets/steam/apps/256904408/movie.293x165.jpg?t=1662480409'),
(25, 'https://video.fastly.steamstatic.com/store_trailers/256876053/movie480.mp4?t=1697117313', 'https://video.fastly.steamstatic.com/store_trailers/256876053/movie480_vp9.webm?t=1697117313', 'https://shared.fastly.steamstatic.com/store_item_assets/steam/apps/256876053/movie.293x165.jpg?t=1697117313'),
(25, 'https://video.fastly.steamstatic.com/store_trailers/256810256/movie480.mp4?t=1697117318', 'https://video.fastly.steamstatic.com/store_trailers/256810256/movie480_vp9.webm?t=1697117318', 'https://shared.fastly.steamstatic.com/store_item_assets/steam/apps/256810256/movie.293x165.jpg?t=1697117318'),
(25, 'https://video.fastly.steamstatic.com/store_trailers/256812920/movie480.mp4?t=1697117322', 'https://video.fastly.steamstatic.com/store_trailers/256812920/movie480_vp9.webm?t=1697117322', 'https://shared.fastly.steamstatic.com/store_item_assets/steam/apps/256812920/movie.293x165.jpg?t=1697117322');

INSERT INTO products (id, title, type, description, price, discount, discountStartDate, discountEndDate, releaseDate, rating, isActive, headerImage)
VALUES (26, 'Tom Clancy''s Rainbow Six® Siege', 'Game', 'Tom Clancy''s Rainbow Six® Siege is an elite, tactical team-based shooter where superior planning and execution triumph.', 19.99, 0, NULL, NULL, '2015-12-02', 0, TRUE, 'https://shared.fastly.steamstatic.com/store_item_assets/steam/apps/359550/header.jpg?t=1733419428');

INSERT INTO product_developers (product_id, developer) VALUES
(26, 'Ubisoft Montreal');

INSERT INTO product_publishers (product_id, publisher) VALUES
(26, 'Ubisoft');

INSERT INTO product_platforms (product_id, platform) VALUES
(26, 'Windows');

INSERT INTO product_genres (product_id, genre) VALUES
(26, 'Action');

INSERT INTO product_tags (product_id, tag) VALUES
(26, 'FPS'),
(26, 'PvP'),
(26, 'eSports'),
(26, 'Multiplayer'),
(26, 'Tactical'),
(26, 'Shooter'),
(26, 'Competitive'),
(26, 'Online Co-Op'),
(26, 'Action'),
(26, 'Hero Shooter'),
(26, 'Team-Based'),
(26, 'Military'),
(26, 'Strategy'),
(26, 'First-Person'),
(26, 'Co-op'),
(26, 'War'),
(26, 'Realistic'),
(26, 'Destruction'),
(26, 'Difficult'),
(26, '3D');

INSERT INTO product_features (product_id, feature) VALUES
(26, 'Single-player'),
(26, 'Online PvP'),
(26, 'Online Co-op'),
(26, 'Steam Trading Cards'),
(26, 'In-App Purchases'),
(26, 'Remote Play on Phone'),
(26, 'Remote Play on Tablet');

INSERT INTO product_system_requirements (product_id, platform, title, minimum, recommended) VALUES (26, 'win', 'OS', 'Windows 10, Windows 11 (64-bit versions)', 'Windows 10, Windows 11 (64-bit versions)');

INSERT INTO product_system_requirements (product_id, platform, title, minimum, recommended) VALUES (26, 'win', 'Processor', 'AMD Ryzen 3 1200 @ 3.1 GHz, Intel Core i5-4590 @ 3.3 GHz, or better', 'AMD Ryzen 3 1200 @ 3.1 GHz, Intel Core i5-4590 @ 3.3 GHz, or better');

INSERT INTO product_system_requirements (product_id, platform, title, minimum, recommended) VALUES (26, 'win', 'Memory', '8 GB RAM', '8 GB RAM');

INSERT INTO product_system_requirements (product_id, platform, title, minimum, recommended) VALUES (26, 'win', 'Graphics', 'AMD RX 460 (2 GB), NVIDIA GeForce GTX 750 Ti (2 GB), or better', 'AMD RX 560 (4 GB), Intel ARC A380 (6 GB), NVIDIA GeForce GTX 960 (4 GB), or better');

INSERT INTO product_system_requirements (product_id, platform, title, minimum, recommended) VALUES (26, 'win', 'DirectX', 'Version 12', 'Version 12');

INSERT INTO product_system_requirements (product_id, platform, title, minimum, recommended) VALUES (26, 'win', 'Network', 'Broadband Internet connection', 'Broadband Internet connection');

INSERT INTO product_system_requirements (product_id, platform, title, minimum, recommended) VALUES (26, 'win', 'Storage', '86 GB available space', '86 GB available space');

INSERT INTO product_system_requirements (product_id, platform, title, minimum, recommended) VALUES (26, 'win', 'Additional Notes', 'For an up-to-date list of supported chipsets, please visit the FAQ for this game on our support website. Game contains BattleEye anti-cheat technology.', 'For an up-to-date list of supported chipsets, please visit the FAQ for this game on our support website. Game contains BattleEye anti-cheat technology.');

INSERT INTO product_screenshots (product_id, screenshot) VALUES
(26, 'https://shared.fastly.steamstatic.com/store_item_assets/steam/apps/359550/ss_3eff8247a59ebc718e87753fd17c4d0321f03ebc.1920x1080.jpg?t=1733419428'),
(26, 'https://shared.fastly.steamstatic.com/store_item_assets/steam/apps/359550/ss_6e399172cedcb7289017371b9516acb1e774330c.1920x1080.jpg?t=1733419428'),
(26, 'https://shared.fastly.steamstatic.com/store_item_assets/steam/apps/359550/ss_39e8d35eea7d67d74e84a6de48c351512c64ec86.1920x1080.jpg?t=1733419428'),
(26, 'https://shared.fastly.steamstatic.com/store_item_assets/steam/apps/359550/ss_5f886d728ff95bbcba1cc4ec5201880c8a65d4cc.1920x1080.jpg?t=1733419428'),
(26, 'https://shared.fastly.steamstatic.com/store_item_assets/steam/apps/359550/ss_59b72c73fe8cc82b251dab737201d7655bb4c12b.1920x1080.jpg?t=1733419428'),
(26, 'https://shared.fastly.steamstatic.com/store_item_assets/steam/apps/359550/ss_7347e30053d05958ff1d76da9d5be6b112af8e16.1920x1080.jpg?t=1733419428'),
(26, 'https://shared.fastly.steamstatic.com/store_item_assets/steam/apps/359550/ss_187d5dbe7947172ff707c264a3f0c75f17a266b8.1920x1080.jpg?t=1733419428'),
(26, 'https://shared.fastly.steamstatic.com/store_item_assets/steam/apps/359550/ss_cf69958ed0aa46ae6c9a15979c8d4f62f7fb694a.1920x1080.jpg?t=1733419428'),
(26, 'https://shared.fastly.steamstatic.com/store_item_assets/steam/apps/359550/ss_7086825658bb256d2b8394f849ebf2abbee27f27.1920x1080.jpg?t=1733419428'),
(26, 'https://shared.fastly.steamstatic.com/store_item_assets/steam/apps/359550/ss_8dbd4b5f8ebce22ae9e6051eb8d74c1b536e4f81.1920x1080.jpg?t=1733419428'),
(26, 'https://shared.fastly.steamstatic.com/store_item_assets/steam/apps/359550/ss_2bccdc8c29d5d4cf9d0379c816e3a96a555252d1.1920x1080.jpg?t=1733419428'),
(26, 'https://shared.fastly.steamstatic.com/store_item_assets/steam/apps/359550/ss_fe6f66e448ac773cc2947b2cbc5670ae46bc09db.1920x1080.jpg?t=1733419428'),
(26, 'https://shared.fastly.steamstatic.com/store_item_assets/steam/apps/359550/ss_623a6d94d405267ac9c8444bbbbe34e14229d234.1920x1080.jpg?t=1733419428'),
(26, 'https://shared.fastly.steamstatic.com/store_item_assets/steam/apps/359550/ss_bdf971190497648e9508de069cb835bfc770411e.1920x1080.jpg?t=1733419428');

INSERT INTO products (id, title, type, description, price, discount, discountStartDate, discountEndDate, releaseDate, rating, isActive, headerImage)
VALUES (27, 'Don''t Starve Together', 'Game', 'Fight, Farm, Build and Explore Together in the standalone multiplayer expansion to the uncompromising wilderness survival game, Don''t Starve.', 14.99, 0, NULL, NULL, '2016-04-21', 0, TRUE, 'https://shared.fastly.steamstatic.com/store_item_assets/steam/apps/322330/header.jpg?t=1736195686');

INSERT INTO product_developers (product_id, developer) VALUES
(27, 'Klei Entertainment');

INSERT INTO product_publishers (product_id, publisher) VALUES
(27, 'Klei Entertainment');

INSERT INTO product_platforms (product_id, platform) VALUES
(27, 'Windows');

INSERT INTO product_genres (product_id, genre) VALUES
(27, 'Action'),
(27, 'Adventure'),
(27, 'Indie'),
(27, 'RPG'),
(27, 'Simulation'),
(27, 'Strategy');

INSERT INTO product_tags (product_id, tag) VALUES
(27, 'Survival'),
(27, 'Open World Survival Craft'),
(27, 'Multiplayer'),
(27, 'Co-op'),
(27, 'Open World'),
(27, 'Adventure'),
(27, 'Crafting'),
(27, 'Online Co-Op'),
(27, 'Sandbox'),
(27, 'Difficult'),
(27, 'Indie'),
(27, '2D'),
(27, 'Atmospheric'),
(27, 'Funny'),
(27, 'Survival Horror'),
(27, 'Strategy'),
(27, 'Horror'),
(27, 'Singleplayer'),
(27, 'Action'),
(27, 'Roguelike');

INSERT INTO product_features (product_id, feature) VALUES
(27, 'Single-player'),
(27, 'Online PvP'),
(27, 'LAN PvP'),
(27, 'Online Co-op'),
(27, 'LAN Co-op'),
(27, 'Steam Trading Cards'),
(27, 'Steam Workshop'),
(27, 'In-App Purchases'),
(27, 'Remote Play on Phone'),
(27, 'Remote Play on Tablet'),
(27, 'Remote Play on TV'),
(27, 'Family Sharing');

INSERT INTO product_system_requirements (product_id, platform, title, minimum, recommended) VALUES (27, 'win', 'OS', '', '');

INSERT INTO product_system_requirements (product_id, platform, title, minimum, recommended) VALUES (27, 'win', 'Processor', '', '');

INSERT INTO product_system_requirements (product_id, platform, title, minimum, recommended) VALUES (27, 'win', 'Memory', '', '');

INSERT INTO product_system_requirements (product_id, platform, title, minimum, recommended) VALUES (27, 'win', 'Graphics', '', '');

INSERT INTO product_system_requirements (product_id, platform, title, minimum, recommended) VALUES (27, 'win', 'DirectX', '', '');

INSERT INTO product_system_requirements (product_id, platform, title, minimum, recommended) VALUES (27, 'win', 'Network', '', '');

INSERT INTO product_system_requirements (product_id, platform, title, minimum, recommended) VALUES (27, 'win', 'Storage', '', '');

INSERT INTO product_system_requirements (product_id, platform, title, minimum, recommended) VALUES (27, 'win', 'Additional Notes', '', '');

INSERT INTO product_system_requirements (product_id, platform, title, minimum, recommended) VALUES (27, 'mac', 'OS', '', '');

INSERT INTO product_system_requirements (product_id, platform, title, minimum, recommended) VALUES (27, 'mac', 'Processor', '', '');

INSERT INTO product_system_requirements (product_id, platform, title, minimum, recommended) VALUES (27, 'mac', 'Memory', '', '');

INSERT INTO product_system_requirements (product_id, platform, title, minimum, recommended) VALUES (27, 'mac', 'Graphics', '', '');

INSERT INTO product_system_requirements (product_id, platform, title, minimum, recommended) VALUES (27, 'mac', 'DirectX', '', '');

INSERT INTO product_system_requirements (product_id, platform, title, minimum, recommended) VALUES (27, 'mac', 'Network', '', '');

INSERT INTO product_system_requirements (product_id, platform, title, minimum, recommended) VALUES (27, 'mac', 'Storage', '', '');

INSERT INTO product_system_requirements (product_id, platform, title, minimum, recommended) VALUES (27, 'mac', 'Additional Notes', '', '');

INSERT INTO product_system_requirements (product_id, platform, title, minimum, recommended) VALUES (27, 'linux', 'OS', '', '');

INSERT INTO product_system_requirements (product_id, platform, title, minimum, recommended) VALUES (27, 'linux', 'Processor', '', '');

INSERT INTO product_system_requirements (product_id, platform, title, minimum, recommended) VALUES (27, 'linux', 'Memory', '', '');

INSERT INTO product_system_requirements (product_id, platform, title, minimum, recommended) VALUES (27, 'linux', 'Graphics', '', '');

INSERT INTO product_system_requirements (product_id, platform, title, minimum, recommended) VALUES (27, 'linux', 'DirectX', '', '');

INSERT INTO product_system_requirements (product_id, platform, title, minimum, recommended) VALUES (27, 'linux', 'Network', '', '');

INSERT INTO product_system_requirements (product_id, platform, title, minimum, recommended) VALUES (27, 'linux', 'Storage', '', '');

INSERT INTO product_system_requirements (product_id, platform, title, minimum, recommended) VALUES (27, 'linux', 'Additional Notes', '', '');

INSERT INTO product_screenshots (product_id, screenshot) VALUES
(27, 'https://shared.fastly.steamstatic.com/store_item_assets/steam/apps/322330/ss_d053a7220a03ab689da9312c6d15fe8211401f55.1920x1080.jpg?t=1736195686'),
(27, 'https://shared.fastly.steamstatic.com/store_item_assets/steam/apps/322330/ss_37e30c4cf8c945f1958890c8fa7346af6bea547d.1920x1080.jpg?t=1736195686'),
(27, 'https://shared.fastly.steamstatic.com/store_item_assets/steam/apps/322330/ss_f863729856b94b3485ee80e6fd11289595f6634c.1920x1080.jpg?t=1736195686'),
(27, 'https://shared.fastly.steamstatic.com/store_item_assets/steam/apps/322330/ss_92f4145bd510f66d63028e1cdf27eb30bd44cea1.1920x1080.jpg?t=1736195686'),
(27, 'https://shared.fastly.steamstatic.com/store_item_assets/steam/apps/322330/ss_9a7730946f2e060457b5c19ac2d870a78ab0f20b.1920x1080.jpg?t=1736195686'),
(27, 'https://shared.fastly.steamstatic.com/store_item_assets/steam/apps/322330/ss_7f2ad9be835040a8995cd3653cd521553ef776cf.1920x1080.jpg?t=1736195686'),
(27, 'https://shared.fastly.steamstatic.com/store_item_assets/steam/apps/322330/ss_a353d9ddf538ea3bbc7dbf3230b420fef4ab04d5.1920x1080.jpg?t=1736195686'),
(27, 'https://shared.fastly.steamstatic.com/store_item_assets/steam/apps/322330/ss_11dc14670f703a99884bbe479205727a3776d7b3.1920x1080.jpg?t=1736195686'),
(27, 'https://shared.fastly.steamstatic.com/store_item_assets/steam/apps/322330/ss_24608cbb9e37cfa46751c93312f14b3e18854137.1920x1080.jpg?t=1736195686'),
(27, 'https://shared.fastly.steamstatic.com/store_item_assets/steam/apps/322330/ss_c142fa3d60841229b6cf35aca1192882c1f31b9d.1920x1080.jpg?t=1736195686'),
(27, 'https://shared.fastly.steamstatic.com/store_item_assets/steam/apps/322330/ss_87091f2ec581c20e1a941a70bb80355419a1f6ba.1920x1080.jpg?t=1736195686'),
(27, 'https://shared.fastly.steamstatic.com/store_item_assets/steam/apps/322330/ss_ee86c53d09b2d2b3f93c7c060fbaacad018c63af.1920x1080.jpg?t=1736195686'),
(27, 'https://shared.fastly.steamstatic.com/store_item_assets/steam/apps/322330/ss_aebe049f1155c8875fcd46ffeb0fbe78d8142cba.1920x1080.jpg?t=1736195686'),
(27, 'https://shared.fastly.steamstatic.com/store_item_assets/steam/apps/322330/ss_f94ff132f776463146136c57ee11b85604e5504a.1920x1080.jpg?t=1736195686');

INSERT INTO product_videos (product_id, mp4, webm, thumbnail) VALUES
(27, 'https://video.fastly.steamstatic.com/store_trailers/257068101/movie480.mp4?t=1729790598', 'https://video.fastly.steamstatic.com/store_trailers/257068101/movie480_vp9.webm?t=1729790598', 'https://shared.fastly.steamstatic.com/store_item_assets/steam/apps/257068101/68ace3d2e28ac7e5a96e73f5aabdc38ab0251e2f/movie_600x337.jpg?t=1729790598'),
(27, 'https://video.fastly.steamstatic.com/store_trailers/257054270/movie480.mp4?t=1728334179', 'https://video.fastly.steamstatic.com/store_trailers/257054270/movie480_vp9.webm?t=1728334179', 'https://shared.fastly.steamstatic.com/store_item_assets/steam/apps/257054270/231ca0ea0aa99099902ef037ae754820e8618686/movie_600x337.jpg?t=1728334179'),
(27, 'https://video.fastly.steamstatic.com/store_trailers/257034095/movie480.mp4?t=1719511013', 'https://video.fastly.steamstatic.com/store_trailers/257034095/movie480_vp9.webm?t=1719511013', 'https://shared.fastly.steamstatic.com/store_item_assets/steam/apps/257034095/movie.293x165.jpg?t=1719511013'),
(27, 'https://video.fastly.steamstatic.com/store_trailers/256989801/movie480.mp4?t=1703009085', 'https://video.fastly.steamstatic.com/store_trailers/256989801/movie480_vp9.webm?t=1703009085', 'https://shared.fastly.steamstatic.com/store_item_assets/steam/apps/256989801/movie.293x165.jpg?t=1703009085'),
(27, 'https://video.fastly.steamstatic.com/store_trailers/256976744/movie480.mp4?t=1697740600', 'https://video.fastly.steamstatic.com/store_trailers/256976744/movie480_vp9.webm?t=1697740600', 'https://shared.fastly.steamstatic.com/store_item_assets/steam/apps/256976744/movie.293x165.jpg?t=1697740600'),
(27, 'https://video.fastly.steamstatic.com/store_trailers/256964531/movie480.mp4?t=1692637214', 'https://video.fastly.steamstatic.com/store_trailers/256964531/movie480_vp9.webm?t=1692637214', 'https://shared.fastly.steamstatic.com/store_item_assets/steam/apps/256964531/movie.293x165.jpg?t=1692637214'),
(27, 'https://video.fastly.steamstatic.com/store_trailers/256960340/movie480.mp4?t=1690477747', 'https://video.fastly.steamstatic.com/store_trailers/256960340/movie480_vp9.webm?t=1690477747', 'https://shared.fastly.steamstatic.com/store_item_assets/steam/apps/256960340/movie.293x165.jpg?t=1690477747'),
(27, 'https://video.fastly.steamstatic.com/store_trailers/256917364/movie480.mp4?t=1669138662', 'https://video.fastly.steamstatic.com/store_trailers/256917364/movie480_vp9.webm?t=1669138662', 'https://shared.fastly.steamstatic.com/store_item_assets/steam/apps/256917364/movie.293x165.jpg?t=1669138662'),
(27, 'https://video.fastly.steamstatic.com/store_trailers/256861078/movie480.mp4?t=1639676324', 'https://video.fastly.steamstatic.com/store_trailers/256861078/movie480_vp9.webm?t=1639676324', 'https://shared.fastly.steamstatic.com/store_item_assets/steam/apps/256861078/movie.293x165.jpg?t=1639676324'),
(27, 'https://video.fastly.steamstatic.com/store_trailers/256833381/movie480.mp4?t=1620232763', 'https://video.fastly.steamstatic.com/store_trailers/256833381/movie480_vp9.webm?t=1620232763', 'https://shared.fastly.steamstatic.com/store_item_assets/steam/apps/256833381/movie.293x165.jpg?t=1620232763'),
(27, 'https://video.fastly.steamstatic.com/store_trailers/256802250/movie480.mp4?t=1600965515', 'https://video.fastly.steamstatic.com/store_trailers/256802250/movie480_vp9.webm?t=1600965515', 'https://shared.fastly.steamstatic.com/store_item_assets/steam/apps/256802250/movie.293x165.jpg?t=1600965515'),
(27, 'https://video.fastly.steamstatic.com/store_trailers/256765285/movie480.mp4?t=1620233233', 'https://video.fastly.steamstatic.com/store_trailers/256765285/movie480.webm?t=1620233233', 'https://shared.fastly.steamstatic.com/store_item_assets/steam/apps/256765285/movie.293x165.jpg?t=1620233233'),
(27, 'https://video.fastly.steamstatic.com/store_trailers/256763673/movie480.mp4?t=1620233240', 'https://video.fastly.steamstatic.com/store_trailers/256763673/movie480.webm?t=1620233240', 'https://shared.fastly.steamstatic.com/store_item_assets/steam/apps/256763673/movie.293x165.jpg?t=1620233240'),
(27, 'https://video.fastly.steamstatic.com/store_trailers/256758902/movie480.mp4?t=1620233247', 'https://video.fastly.steamstatic.com/store_trailers/256758902/movie480.webm?t=1620233247', 'https://shared.fastly.steamstatic.com/store_item_assets/steam/apps/256758902/movie.293x165.jpg?t=1620233247'),
(27, 'https://video.fastly.steamstatic.com/store_trailers/256761827/movie480.mp4?t=1620233253', 'https://video.fastly.steamstatic.com/store_trailers/256761827/movie480.webm?t=1620233253', 'https://shared.fastly.steamstatic.com/store_item_assets/steam/apps/256761827/movie.293x165.jpg?t=1620233253'),
(27, 'https://video.fastly.steamstatic.com/store_trailers/256757414/movie480.mp4?t=1620233261', 'https://video.fastly.steamstatic.com/store_trailers/256757414/movie480.webm?t=1620233261', 'https://shared.fastly.steamstatic.com/store_item_assets/steam/apps/256757414/movie.293x165.jpg?t=1620233261'),
(27, 'https://video.fastly.steamstatic.com/store_trailers/256744780/movie480.mp4?t=1620233282', 'https://video.fastly.steamstatic.com/store_trailers/256744780/movie480.webm?t=1620233282', 'https://shared.fastly.steamstatic.com/store_item_assets/steam/apps/256744780/movie.293x165.jpg?t=1620233282'),
(27, 'https://video.fastly.steamstatic.com/store_trailers/256752786/movie480.mp4?t=1620233268', 'https://video.fastly.steamstatic.com/store_trailers/256752786/movie480.webm?t=1620233268', 'https://shared.fastly.steamstatic.com/store_item_assets/steam/apps/256752786/movie.293x165.jpg?t=1620233268'),
(27, 'https://video.fastly.steamstatic.com/store_trailers/256749983/movie480.mp4?t=1620233275', 'https://video.fastly.steamstatic.com/store_trailers/256749983/movie480.webm?t=1620233275', 'https://shared.fastly.steamstatic.com/store_item_assets/steam/apps/256749983/movie.293x165.jpg?t=1620233275'),
(27, 'https://video.fastly.steamstatic.com/store_trailers/256746512/movie480.mp4?t=1553794346', 'https://video.fastly.steamstatic.com/store_trailers/256746512/movie480.webm?t=1553794346', 'https://shared.fastly.steamstatic.com/store_item_assets/steam/apps/256746512/movie.293x165.jpg?t=1553794346'),
(27, 'https://video.fastly.steamstatic.com/store_trailers/256778450/movie480.mp4?t=1620232813', 'https://video.fastly.steamstatic.com/store_trailers/256778450/movie480.webm?t=1620232813', 'https://shared.fastly.steamstatic.com/store_item_assets/steam/apps/256778450/movie.293x165.jpg?t=1620232813'),
(27, 'https://video.fastly.steamstatic.com/store_trailers/256682732/movie480.mp4?t=1620233288', 'https://video.fastly.steamstatic.com/store_trailers/256682732/movie480.webm?t=1620233288', 'https://shared.fastly.steamstatic.com/store_item_assets/steam/apps/256682732/movie.293x165.jpg?t=1620233288'),
(27, 'https://video.fastly.steamstatic.com/store_trailers/256675303/movie480.mp4?t=1620233295', 'https://video.fastly.steamstatic.com/store_trailers/256675303/movie480.webm?t=1620233295', 'https://shared.fastly.steamstatic.com/store_item_assets/steam/apps/256675303/movie.293x165.jpg?t=1620233295'),
(27, 'https://video.fastly.steamstatic.com/store_trailers/256672773/movie480.mp4?t=1620233303', 'https://video.fastly.steamstatic.com/store_trailers/256672773/movie480.webm?t=1620233303', 'https://shared.fastly.steamstatic.com/store_item_assets/steam/apps/256672773/movie.293x165.jpg?t=1620233303'),
(27, 'https://video.fastly.steamstatic.com/store_trailers/2036116/movie480.mp4?t=1620233309', 'https://video.fastly.steamstatic.com/store_trailers/2036116/movie480.webm?t=1620233309', 'https://shared.fastly.steamstatic.com/store_item_assets/steam/apps/2036116/movie.293x165.jpg?t=1620233309'),
(27, 'https://video.fastly.steamstatic.com/store_trailers/2038707/movie480.mp4?t=1620233316', 'https://video.fastly.steamstatic.com/store_trailers/2038707/movie480.webm?t=1620233316', 'https://shared.fastly.steamstatic.com/store_item_assets/steam/apps/2038707/movie.293x165.jpg?t=1620233316'),
(27, 'https://video.fastly.steamstatic.com/store_trailers/256769776/movie480.mp4?t=1620232819', 'https://video.fastly.steamstatic.com/store_trailers/256769776/movie480.webm?t=1620232819', 'https://shared.fastly.steamstatic.com/store_item_assets/steam/apps/256769776/movie.293x165.jpg?t=1620232819'),
(27, 'https://video.fastly.steamstatic.com/store_trailers/256805907/movie480.mp4?t=1603385893', 'https://video.fastly.steamstatic.com/store_trailers/256805907/movie480_vp9.webm?t=1603385893', 'https://shared.fastly.steamstatic.com/store_item_assets/steam/apps/256805907/movie.293x165.jpg?t=1603385893'),
(27, 'https://video.fastly.steamstatic.com/store_trailers/256779736/movie480.mp4?t=1620232807', 'https://video.fastly.steamstatic.com/store_trailers/256779736/movie480.webm?t=1620232807', 'https://shared.fastly.steamstatic.com/store_item_assets/steam/apps/256779736/movie.293x165.jpg?t=1620232807'),
(27, 'https://video.fastly.steamstatic.com/store_trailers/256865345/movie480.mp4?t=1659633074', 'https://video.fastly.steamstatic.com/store_trailers/256865345/movie480_vp9.webm?t=1659633074', 'https://shared.fastly.steamstatic.com/store_item_assets/steam/apps/256865345/movie.293x165.jpg?t=1659633074'),
(27, 'https://video.fastly.steamstatic.com/store_trailers/256952882/movie480.mp4?t=1686849845', 'https://video.fastly.steamstatic.com/store_trailers/256952882/movie480_vp9.webm?t=1686849845', 'https://shared.fastly.steamstatic.com/store_item_assets/steam/apps/256952882/movie.293x165.jpg?t=1686849845'),
(27, 'https://video.fastly.steamstatic.com/store_trailers/256943319/movie480.mp4?t=1682615233', 'https://video.fastly.steamstatic.com/store_trailers/256943319/movie480_vp9.webm?t=1682615233', 'https://shared.fastly.steamstatic.com/store_item_assets/steam/apps/256943319/movie.293x165.jpg?t=1682615233'),
(27, 'https://video.fastly.steamstatic.com/store_trailers/256935949/movie480.mp4?t=1678987374', 'https://video.fastly.steamstatic.com/store_trailers/256935949/movie480_vp9.webm?t=1678987374', 'https://shared.fastly.steamstatic.com/store_item_assets/steam/apps/256935949/movie.293x165.jpg?t=1678987374'),
(27, 'https://video.fastly.steamstatic.com/store_trailers/256899511/movie480.mp4?t=1659633070', 'https://video.fastly.steamstatic.com/store_trailers/256899511/movie480_vp9.webm?t=1659633070', 'https://shared.fastly.steamstatic.com/store_item_assets/steam/apps/256899511/movie.293x165.jpg?t=1659633070'),
(27, 'https://video.fastly.steamstatic.com/store_trailers/256894105/movie480.mp4?t=1656607236', 'https://video.fastly.steamstatic.com/store_trailers/256894105/movie480_vp9.webm?t=1656607236', 'https://shared.fastly.steamstatic.com/store_item_assets/steam/apps/256894105/movie.293x165.jpg?t=1656607236'),
(27, 'https://video.fastly.steamstatic.com/store_trailers/256884305/movie480.mp4?t=1651166999', 'https://video.fastly.steamstatic.com/store_trailers/256884305/movie480_vp9.webm?t=1651166999', 'https://shared.fastly.steamstatic.com/store_item_assets/steam/apps/256884305/movie.293x165.jpg?t=1651166999'),
(27, 'https://video.fastly.steamstatic.com/store_trailers/256850728/movie480.mp4?t=1639676327', 'https://video.fastly.steamstatic.com/store_trailers/256850728/movie480_vp9.webm?t=1639676327', 'https://shared.fastly.steamstatic.com/store_item_assets/steam/apps/256850728/movie.293x165.jpg?t=1639676327'),
(27, 'https://video.fastly.steamstatic.com/store_trailers/256782899/movie480.mp4?t=1620232800', 'https://video.fastly.steamstatic.com/store_trailers/256782899/movie480_vp9.webm?t=1620232800', 'https://shared.fastly.steamstatic.com/store_item_assets/steam/apps/256782899/movie.293x165.jpg?t=1620232800'),
(27, 'https://video.fastly.steamstatic.com/store_trailers/256846407/movie480.mp4?t=1639676331', 'https://video.fastly.steamstatic.com/store_trailers/256846407/movie480_vp9.webm?t=1639676331', 'https://shared.fastly.steamstatic.com/store_item_assets/steam/apps/256846407/movie.293x165.jpg?t=1639676331'),
(27, 'https://video.fastly.steamstatic.com/store_trailers/256840376/movie480.mp4?t=1624553869', 'https://video.fastly.steamstatic.com/store_trailers/256840376/movie480_vp9.webm?t=1624553869', 'https://shared.fastly.steamstatic.com/store_item_assets/steam/apps/256840376/movie.293x165.jpg?t=1624553869'),
(27, 'https://video.fastly.steamstatic.com/store_trailers/256833414/movie480.mp4?t=1628786992', 'https://video.fastly.steamstatic.com/store_trailers/256833414/movie480_vp9.webm?t=1628786992', 'https://shared.fastly.steamstatic.com/store_item_assets/steam/apps/256833414/movie.293x165.jpg?t=1628786992'),
(27, 'https://video.fastly.steamstatic.com/store_trailers/256828246/movie480.mp4?t=1617295336', 'https://video.fastly.steamstatic.com/store_trailers/256828246/movie480_vp9.webm?t=1617295336', 'https://shared.fastly.steamstatic.com/store_item_assets/steam/apps/256828246/movie.293x165.jpg?t=1617295336'),
(27, 'https://video.fastly.steamstatic.com/store_trailers/256814211/movie480.mp4?t=1608054491', 'https://video.fastly.steamstatic.com/store_trailers/256814211/movie480_vp9.webm?t=1608054491', 'https://shared.fastly.steamstatic.com/store_item_assets/steam/apps/256814211/movie.293x165.jpg?t=1608054491'),
(27, 'https://video.fastly.steamstatic.com/store_trailers/256793025/movie480.mp4?t=1620232786', 'https://video.fastly.steamstatic.com/store_trailers/256793025/movie480_vp9.webm?t=1620232786', 'https://shared.fastly.steamstatic.com/store_item_assets/steam/apps/256793025/movie.293x165.jpg?t=1620232786'),
(27, 'https://video.fastly.steamstatic.com/store_trailers/256789020/movie480.mp4?t=1620232793', 'https://video.fastly.steamstatic.com/store_trailers/256789020/movie480_vp9.webm?t=1620232793', 'https://shared.fastly.steamstatic.com/store_item_assets/steam/apps/256789020/movie.293x165.jpg?t=1620232793'),
(27, 'https://video.fastly.steamstatic.com/store_trailers/256675305/movie480.mp4?t=1620233323', 'https://video.fastly.steamstatic.com/store_trailers/256675305/movie480.webm?t=1620233323', 'https://shared.fastly.steamstatic.com/store_item_assets/steam/apps/256675305/movie.293x165.jpg?t=1620233323');

INSERT INTO products (id, title, type, description, price, discount, discountStartDate, discountEndDate, releaseDate, rating, isActive, headerImage)
VALUES (28, 'Crab Game', 'Game', 'Crab Game is a First-Person Multiplayer game where you play through several different minigames based on children''s games, until only one player stands victorious.', 0, 0, NULL, NULL, '2021-10-29', 0, TRUE, 'https://shared.fastly.steamstatic.com/store_item_assets/steam/apps/1782210/header.jpg?t=1638221608');

INSERT INTO product_developers (product_id, developer) VALUES
(28, 'Dani');

INSERT INTO product_publishers (product_id, publisher) VALUES
(28, 'Dani');

INSERT INTO product_platforms (product_id, platform) VALUES
(28, 'Windows');

INSERT INTO product_genres (product_id, genre) VALUES
(28, 'Action'),
(28, 'Casual'),
(28, 'Free To Play'),
(28, 'Indie'),
(28, 'Racing');

INSERT INTO product_tags (product_id, tag) VALUES
(28, 'Psychological Horror'),
(28, 'Multiplayer'),
(28, 'Free to Play'),
(28, 'Battle Royale'),
(28, 'PvP'),
(28, 'Action'),
(28, 'First-Person'),
(28, 'Parkour'),
(28, '3D'),
(28, 'Nudity'),
(28, 'FPS'),
(28, 'Platformer'),
(28, 'Combat'),
(28, 'Physics'),
(28, 'Arcade'),
(28, 'Casual'),
(28, 'Runner'),
(28, 'Racing'),
(28, '3D Platformer'),
(28, 'Sci-fi');

INSERT INTO product_features (product_id, feature) VALUES
(28, 'Online PvP'),
(28, 'Online Co-op');

INSERT INTO product_system_requirements (product_id, platform, title, minimum, recommended) VALUES (28, 'win', 'OS', '', 'Windows 10');

INSERT INTO product_system_requirements (product_id, platform, title, minimum, recommended) VALUES (28, 'win', 'Processor', 'Intel Core i3 2,00 GHz', 'Intel Core I5-4440 3,10 GHz');

INSERT INTO product_system_requirements (product_id, platform, title, minimum, recommended) VALUES (28, 'win', 'Memory', '2 GB RAM', '');

INSERT INTO product_system_requirements (product_id, platform, title, minimum, recommended) VALUES (28, 'win', 'Graphics', 'Intel HD 520', 'Nvidia GeForce GTX650');

INSERT INTO product_system_requirements (product_id, platform, title, minimum, recommended) VALUES (28, 'win', 'DirectX', '', '');

INSERT INTO product_system_requirements (product_id, platform, title, minimum, recommended) VALUES (28, 'win', 'Network', 'Broadband Internet connection', '');

INSERT INTO product_system_requirements (product_id, platform, title, minimum, recommended) VALUES (28, 'win', 'Storage', '200 MB available space', '200 MB available space');

INSERT INTO product_system_requirements (product_id, platform, title, minimum, recommended) VALUES (28, 'win', 'Additional Notes', '', '');

INSERT INTO product_system_requirements (product_id, platform, title, minimum, recommended) VALUES (28, 'mac', 'OS', '', '');

INSERT INTO product_system_requirements (product_id, platform, title, minimum, recommended) VALUES (28, 'mac', 'Processor', '', '');

INSERT INTO product_system_requirements (product_id, platform, title, minimum, recommended) VALUES (28, 'mac', 'Memory', '', '');

INSERT INTO product_system_requirements (product_id, platform, title, minimum, recommended) VALUES (28, 'mac', 'Graphics', '', '');

INSERT INTO product_system_requirements (product_id, platform, title, minimum, recommended) VALUES (28, 'mac', 'DirectX', '', '');

INSERT INTO product_system_requirements (product_id, platform, title, minimum, recommended) VALUES (28, 'mac', 'Network', '', '');

INSERT INTO product_system_requirements (product_id, platform, title, minimum, recommended) VALUES (28, 'mac', 'Storage', '', '');

INSERT INTO product_system_requirements (product_id, platform, title, minimum, recommended) VALUES (28, 'mac', 'Additional Notes', '', '');

INSERT INTO product_system_requirements (product_id, platform, title, minimum, recommended) VALUES (28, 'linux', 'OS', '', '');

INSERT INTO product_system_requirements (product_id, platform, title, minimum, recommended) VALUES (28, 'linux', 'Processor', '', '');

INSERT INTO product_system_requirements (product_id, platform, title, minimum, recommended) VALUES (28, 'linux', 'Memory', '', '');

INSERT INTO product_system_requirements (product_id, platform, title, minimum, recommended) VALUES (28, 'linux', 'Graphics', '', '');

INSERT INTO product_system_requirements (product_id, platform, title, minimum, recommended) VALUES (28, 'linux', 'DirectX', '', '');

INSERT INTO product_system_requirements (product_id, platform, title, minimum, recommended) VALUES (28, 'linux', 'Network', '', '');

INSERT INTO product_system_requirements (product_id, platform, title, minimum, recommended) VALUES (28, 'linux', 'Storage', '', '');

INSERT INTO product_system_requirements (product_id, platform, title, minimum, recommended) VALUES (28, 'linux', 'Additional Notes', '', '');

INSERT INTO product_screenshots (product_id, screenshot) VALUES
(28, 'https://shared.fastly.steamstatic.com/store_item_assets/steam/apps/1782210/ss_335391df766a29348223d1093551a52c0695b06c.1920x1080.jpg?t=1638221608'),
(28, 'https://shared.fastly.steamstatic.com/store_item_assets/steam/apps/1782210/ss_fef8f54f0447e49d62564ca8f1cbfdb73801d2f2.1920x1080.jpg?t=1638221608'),
(28, 'https://shared.fastly.steamstatic.com/store_item_assets/steam/apps/1782210/ss_68030009c572cb7a4f6824e18fcc56d9becb5b28.1920x1080.jpg?t=1638221608'),
(28, 'https://shared.fastly.steamstatic.com/store_item_assets/steam/apps/1782210/ss_6fd12552e2216d1d02f9f82b97fb3c3f65106e81.1920x1080.jpg?t=1638221608'),
(28, 'https://shared.fastly.steamstatic.com/store_item_assets/steam/apps/1782210/ss_fe41849b5606af46fb2748780860588af800955f.1920x1080.jpg?t=1638221608'),
(28, 'https://shared.fastly.steamstatic.com/store_item_assets/steam/apps/1782210/ss_eeccaa822648c450ad432637c2ec1b4ae4052e67.1920x1080.jpg?t=1638221608'),
(28, 'https://shared.fastly.steamstatic.com/store_item_assets/steam/apps/1782210/ss_3ca80115fe7e8d3ac3e98fef76917f822d05001d.1920x1080.jpg?t=1638221608'),
(28, 'https://shared.fastly.steamstatic.com/store_item_assets/steam/apps/1782210/ss_76b1def50bb1bd1dd561c6c6c91de45a605f703a.1920x1080.jpg?t=1638221608'),
(28, 'https://shared.fastly.steamstatic.com/store_item_assets/steam/apps/1782210/ss_ea8781d47b9e8281b2bf099e9f377638a3f7eeb5.1920x1080.jpg?t=1638221608'),
(28, 'https://shared.fastly.steamstatic.com/store_item_assets/steam/apps/1782210/ss_5fb72ed365579ed51bcb79d3ebbd48154d62ad68.1920x1080.jpg?t=1638221608'),
(28, 'https://shared.fastly.steamstatic.com/store_item_assets/steam/apps/1782210/ss_af0ef0f4c88a23de7f184092a180ffc690d3d79c.1920x1080.jpg?t=1638221608'),
(28, 'https://shared.fastly.steamstatic.com/store_item_assets/steam/apps/1782210/ss_e1b8d52bb7187cf95714cc81a823b7efb709c8f8.1920x1080.jpg?t=1638221608'),
(28, 'https://shared.fastly.steamstatic.com/store_item_assets/steam/apps/1782210/ss_1b08e00aaf44bf139624c9e72416db0d972a0d6b.1920x1080.jpg?t=1638221608'),
(28, 'https://shared.fastly.steamstatic.com/store_item_assets/steam/apps/1782210/ss_df4cf308519455f070d53101362626e52d8ba884.1920x1080.jpg?t=1638221608'),
(28, 'https://shared.fastly.steamstatic.com/store_item_assets/steam/apps/1782210/ss_42f7cf78343695256a7443a7e121c9cffc57616e.1920x1080.jpg?t=1638221608'),
(28, 'https://shared.fastly.steamstatic.com/store_item_assets/steam/apps/1782210/ss_c3973ad4da2712f086c82923bf1639aae52560af.1920x1080.jpg?t=1638221608');

INSERT INTO product_videos (product_id, mp4, webm, thumbnail) VALUES
(28, 'https://video.fastly.steamstatic.com/store_trailers/256857267/movie480.mp4?t=1635098741', 'https://video.fastly.steamstatic.com/store_trailers/256857267/movie480_vp9.webm?t=1635098741', 'https://shared.fastly.steamstatic.com/store_item_assets/steam/apps/256857267/movie.293x165.jpg?t=1635098741'),
(28, 'https://video.fastly.steamstatic.com/store_trailers/256857291/movie480.mp4?t=1635117574', 'https://video.fastly.steamstatic.com/store_trailers/256857291/movie480_vp9.webm?t=1635117574', 'https://shared.fastly.steamstatic.com/store_item_assets/steam/apps/256857291/movie.293x165.jpg?t=1635117574');

INSERT INTO products (id, title, type, description, price, discount, discountStartDate, discountEndDate, releaseDate, rating, isActive, headerImage)
VALUES (53, 'Euro Truck Simulator 2', 'Game', 'Travel across Europe as king of the road, a trucker who delivers important cargo across impressive distances! With dozens of cities to explore, your endurance, skill and speed will all be pushed to their limits.', 19.99, 75, '2025-01-14', '2025-01-21', '2012-10-18', 0, TRUE, 'https://shared.fastly.steamstatic.com/store_item_assets/steam/apps/227300/header.jpg?t=1735901402');

INSERT INTO product_developers (product_id, developer) VALUES
(53, 'SCS Software');

INSERT INTO product_publishers (product_id, publisher) VALUES
(53, 'SCS Software');

INSERT INTO product_platforms (product_id, platform) VALUES
(53, 'Windows');

INSERT INTO product_genres (product_id, genre) VALUES
(53, 'Indie'),
(53, 'Simulation');

INSERT INTO product_tags (product_id, tag) VALUES
(53, 'Driving'),
(53, 'Transportation'),
(53, 'Simulation'),
(53, 'Open World'),
(53, 'Automobile Sim'),
(53, 'Realistic'),
(53, 'Moddable'),
(53, 'Relaxing'),
(53, 'Exploration'),
(53, 'Immersive Sim'),
(53, 'Economy'),
(53, 'Management'),
(53, 'Atmospheric'),
(53, 'Multiplayer'),
(53, 'Controller'),
(53, 'Family Friendly'),
(53, 'Third Person'),
(53, 'Adventure'),
(53, 'Casual'),
(53, 'Indie');

INSERT INTO product_features (product_id, feature) VALUES
(53, 'Single-player'),
(53, 'Online Co-op'),
(53, 'Steam Achievements'),
(53, 'Steam Trading Cards'),
(53, 'Steam Workshop'),
(53, 'Steam Cloud'),
(53, 'Includes level editor'),
(53, 'Remote Play on Phone'),
(53, 'Remote Play on Tablet'),
(53, 'Remote Play Together'),
(53, 'Family Sharing');

INSERT INTO product_system_requirements (product_id, platform, title, minimum, recommended) VALUES (53, 'win', 'OS', 'Windows 10 64-bit', 'Windows 10 64-bit');

INSERT INTO product_system_requirements (product_id, platform, title, minimum, recommended) VALUES (53, 'win', 'Processor', 'Intel Core i5-6400 or AMD Ryzen 3 1200 or similar', 'Intel Core i5-9600 or AMD Ryzen 5 3600 or similar');

INSERT INTO product_system_requirements (product_id, platform, title, minimum, recommended) VALUES (53, 'win', 'Memory', '8 GB RAM', '12 GB RAM');

INSERT INTO product_system_requirements (product_id, platform, title, minimum, recommended) VALUES (53, 'win', 'Graphics', 'NVIDIA GeForce GTX 660 or AMD Radeon RX 460 or Intel HD 630 (2GB VRAM)', 'NVIDIA GeForce GTX 1660 or AMD Radeon RX 590 (2GB VRAM)');

INSERT INTO product_system_requirements (product_id, platform, title, minimum, recommended) VALUES (53, 'win', 'DirectX', '', '');

INSERT INTO product_system_requirements (product_id, platform, title, minimum, recommended) VALUES (53, 'win', 'Network', '', '');

INSERT INTO product_system_requirements (product_id, platform, title, minimum, recommended) VALUES (53, 'win', 'Storage', '', '');

INSERT INTO product_system_requirements (product_id, platform, title, minimum, recommended) VALUES (53, 'win', 'Additional Notes', '', '');

INSERT INTO product_system_requirements (product_id, platform, title, minimum, recommended) VALUES (53, 'mac', 'OS', 'Mac OS X 10.9 (Mavericks)', 'Mac OS X 10.10 (Yosemite)');

INSERT INTO product_system_requirements (product_id, platform, title, minimum, recommended) VALUES (53, 'mac', 'Processor', 'Quad core CPU 3.3 GHz', 'Quad core CPU 4.6 GHz');

INSERT INTO product_system_requirements (product_id, platform, title, minimum, recommended) VALUES (53, 'mac', 'Memory', '8 GB RAM', '12 GB RAM');

INSERT INTO product_system_requirements (product_id, platform, title, minimum, recommended) VALUES (53, 'mac', 'Graphics', 'Intel HD 630 or similar (2GB VRAM)', 'NVIDIA GeForce GTX 1660 or similar (2 GB VRAM)');

INSERT INTO product_system_requirements (product_id, platform, title, minimum, recommended) VALUES (53, 'mac', 'DirectX', '', '');

INSERT INTO product_system_requirements (product_id, platform, title, minimum, recommended) VALUES (53, 'mac', 'Network', '', '');

INSERT INTO product_system_requirements (product_id, platform, title, minimum, recommended) VALUES (53, 'mac', 'Storage', '', '');

INSERT INTO product_system_requirements (product_id, platform, title, minimum, recommended) VALUES (53, 'mac', 'Additional Notes', '', '');

INSERT INTO product_system_requirements (product_id, platform, title, minimum, recommended) VALUES (53, 'linux', 'OS', 'Linux Ubuntu 12.04', 'Linux Ubuntu 12.04');

INSERT INTO product_system_requirements (product_id, platform, title, minimum, recommended) VALUES (53, 'linux', 'Processor', 'Quad core CPU 3.3 GHz', 'Quad core CPU 4.6 GHz');

INSERT INTO product_system_requirements (product_id, platform, title, minimum, recommended) VALUES (53, 'linux', 'Memory', '8 GB RAM', '12 GB RAM');

INSERT INTO product_system_requirements (product_id, platform, title, minimum, recommended) VALUES (53, 'linux', 'Graphics', 'Intel HD 630 or similar (2GB VRAM)', 'NVIDIA GeForce GTX 1660 or similar (2 GB VRAM)');

INSERT INTO product_system_requirements (product_id, platform, title, minimum, recommended) VALUES (53, 'linux', 'DirectX', '', '');

INSERT INTO product_system_requirements (product_id, platform, title, minimum, recommended) VALUES (53, 'linux', 'Network', '', '');

INSERT INTO product_system_requirements (product_id, platform, title, minimum, recommended) VALUES (53, 'linux', 'Storage', '', '');

INSERT INTO product_system_requirements (product_id, platform, title, minimum, recommended) VALUES (53, 'linux', 'Additional Notes', 'recent binary ATI or NVidia drivers (MESA may not work reliably)', 'recent binary ATI or NVidia drivers (MESA may not work reliably)');

INSERT INTO product_screenshots (product_id, screenshot) VALUES
(53, 'https://shared.fastly.steamstatic.com/store_item_assets/steam/apps/227300/ss_54100267623179f54731048c91add16c1c3d3d1e.1920x1080.jpg?t=1735901402'),
(53, 'https://shared.fastly.steamstatic.com/store_item_assets/steam/apps/227300/ss_e040f74641ac21f15e3ec7c2415fc8b4de0b6bf9.1920x1080.jpg?t=1735901402'),
(53, 'https://shared.fastly.steamstatic.com/store_item_assets/steam/apps/227300/ss_fd675feae669c7fb4ca6dcfb738d49fb7b7a238d.1920x1080.jpg?t=1735901402'),
(53, 'https://shared.fastly.steamstatic.com/store_item_assets/steam/apps/227300/ss_edbff61a062a49d1d97269e53b8afbffde05bb24.1920x1080.jpg?t=1735901402'),
(53, 'https://shared.fastly.steamstatic.com/store_item_assets/steam/apps/227300/ss_89a4afa825395d77e2bd561ceced57b9af6fb2a3.1920x1080.jpg?t=1735901402'),
(53, 'https://shared.fastly.steamstatic.com/store_item_assets/steam/apps/227300/ss_53bcdc903f1f2ef18ee12612627f1c3b59c7c1da.1920x1080.jpg?t=1735901402'),
(53, 'https://shared.fastly.steamstatic.com/store_item_assets/steam/apps/227300/ss_a944c7f801629bfa0cfb91fa7b23b4ff95e11753.1920x1080.jpg?t=1735901402'),
(53, 'https://shared.fastly.steamstatic.com/store_item_assets/steam/apps/227300/ss_5dff1bca6580b5df288a4ad061e4f92f62f6a073.1920x1080.jpg?t=1735901402'),
(53, 'https://shared.fastly.steamstatic.com/store_item_assets/steam/apps/227300/ss_1a455dd625b6d8068c6f1db93887167383275757.1920x1080.jpg?t=1735901402'),
(53, 'https://shared.fastly.steamstatic.com/store_item_assets/steam/apps/227300/ss_fa9d08bac73ca4745387aa41a5d95ce13204cede.1920x1080.jpg?t=1735901402'),
(53, 'https://shared.fastly.steamstatic.com/store_item_assets/steam/apps/227300/ss_e8f2f677d41086916804ffca0e3da04c7c5b600f.1920x1080.jpg?t=1735901402'),
(53, 'https://shared.fastly.steamstatic.com/store_item_assets/steam/apps/227300/ss_bf111ac8893e0a11a68f03e538be3076b600f36f.1920x1080.jpg?t=1735901402'),
(53, 'https://shared.fastly.steamstatic.com/store_item_assets/steam/apps/227300/ss_f903e4e63d478e9fe1db48ed05dfc5b314f262ad.1920x1080.jpg?t=1735901402'),
(53, 'https://shared.fastly.steamstatic.com/store_item_assets/steam/apps/227300/ss_1dc6f27e13e90e20fe0dd67b6cff4b916f96d662.1920x1080.jpg?t=1735901402'),
(53, 'https://shared.fastly.steamstatic.com/store_item_assets/steam/apps/227300/ss_e57e1ef726416e161007bc90d4160d5b529498a4.1920x1080.jpg?t=1735901402'),
(53, 'https://shared.fastly.steamstatic.com/store_item_assets/steam/apps/227300/ss_55d4cccdcea427ec4e9f19168a0f83716300c7b7.1920x1080.jpg?t=1735901402'),
(53, 'https://shared.fastly.steamstatic.com/store_item_assets/steam/apps/227300/ss_b3eba0d5e75836a7283014f677f8a364e6514367.1920x1080.jpg?t=1735901402'),
(53, 'https://shared.fastly.steamstatic.com/store_item_assets/steam/apps/227300/ss_4e725a12f1639d71c94a23ec219d098d8273d78c.1920x1080.jpg?t=1735901402'),
(53, 'https://shared.fastly.steamstatic.com/store_item_assets/steam/apps/227300/ss_82e2202270452a435f6618b0d5147feeabf6b155.1920x1080.jpg?t=1735901402'),
(53, 'https://shared.fastly.steamstatic.com/store_item_assets/steam/apps/227300/ss_3d3d243ace91523a20e7c5a5992a46d77c00fb01.1920x1080.jpg?t=1735901402'),
(53, 'https://shared.fastly.steamstatic.com/store_item_assets/steam/apps/227300/ss_f3dc49d4d8f1fb3cf03334ced1c210321bd80185.1920x1080.jpg?t=1735901402'),
(53, 'https://shared.fastly.steamstatic.com/store_item_assets/steam/apps/227300/ss_b8c5306cbfea20969f382e2728009fb7037eed87.1920x1080.jpg?t=1735901402'),
(53, 'https://shared.fastly.steamstatic.com/store_item_assets/steam/apps/227300/ss_5e74ab220393a4289e68939c8f2fdd43cef84a34.1920x1080.jpg?t=1735901402'),
(53, 'https://shared.fastly.steamstatic.com/store_item_assets/steam/apps/227300/ss_75d924be54023a48270038c40216682a85c38e65.1920x1080.jpg?t=1735901402'),
(53, 'https://shared.fastly.steamstatic.com/store_item_assets/steam/apps/227300/ss_6804c3af110d58a3be3f93edc9a319ebff109754.1920x1080.jpg?t=1735901402'),
(53, 'https://shared.fastly.steamstatic.com/store_item_assets/steam/apps/227300/ss_a1c120287e51fb56634b68a98853fd761a4a8f24.1920x1080.jpg?t=1735901402'),
(53, 'https://shared.fastly.steamstatic.com/store_item_assets/steam/apps/227300/ss_107bd2c49628ac965eea15c4d9f1bfedb9255a3b.1920x1080.jpg?t=1735901402'),
(53, 'https://shared.fastly.steamstatic.com/store_item_assets/steam/apps/227300/ss_430ef267a450f58ca2d8a3caa61cef3a7450de75.1920x1080.jpg?t=1735901402'),
(53, 'https://shared.fastly.steamstatic.com/store_item_assets/steam/apps/227300/ss_a2609044e45040c74afe49ffb0abeb2e4db3e976.1920x1080.jpg?t=1735901402'),
(53, 'https://shared.fastly.steamstatic.com/store_item_assets/steam/apps/227300/ss_4e97e5e55ce756fb8c5d28db220c72a3bd820fb3.1920x1080.jpg?t=1735901402'),
(53, 'https://shared.fastly.steamstatic.com/store_item_assets/steam/apps/227300/ss_bd8f79513af1759d8dd01092b2fd064214227683.1920x1080.jpg?t=1735901402'),
(53, 'https://shared.fastly.steamstatic.com/store_item_assets/steam/apps/227300/ss_ebb3be125abd764a6fd216d17f40273d7f78ab2c.1920x1080.jpg?t=1735901402'),
(53, 'https://shared.fastly.steamstatic.com/store_item_assets/steam/apps/227300/ss_c5f6d32558dddcc6df2ae86c453fc8c0ed6f6753.1920x1080.jpg?t=1735901402'),
(53, 'https://shared.fastly.steamstatic.com/store_item_assets/steam/apps/227300/ss_bd8b2b2f6a1a595afab14f398de836e6010563c7.1920x1080.jpg?t=1735901402'),
(53, 'https://shared.fastly.steamstatic.com/store_item_assets/steam/apps/227300/ss_c4a5aec31f26009fbe93ee5182194f481209e3a9.1920x1080.jpg?t=1735901402'),
(53, 'https://shared.fastly.steamstatic.com/store_item_assets/steam/apps/227300/ss_bfb76d77b688b87b406f2dddddd1be142a06cadc.1920x1080.jpg?t=1735901402'),
(53, 'https://shared.fastly.steamstatic.com/store_item_assets/steam/apps/227300/ss_368254bc83b253c146326ef20a88f157fb87ae2f.1920x1080.jpg?t=1735901402'),
(53, 'https://shared.fastly.steamstatic.com/store_item_assets/steam/apps/227300/ss_f97b9585647e856c93a3a11242fd05ab78a21c68.1920x1080.jpg?t=1735901402'),
(53, 'https://shared.fastly.steamstatic.com/store_item_assets/steam/apps/227300/ss_eb434cd5ec7b731f36c3869aa772950ac1e876ca.1920x1080.jpg?t=1735901402'),
(53, 'https://shared.fastly.steamstatic.com/store_item_assets/steam/apps/227300/ss_c647e8892db78190e1ab5672c594e29ee508b472.1920x1080.jpg?t=1735901402'),
(53, 'https://shared.fastly.steamstatic.com/store_item_assets/steam/apps/227300/ss_4a8c73ac16132d73e6dc88d58126572a760a0720.1920x1080.jpg?t=1735901402'),
(53, 'https://shared.fastly.steamstatic.com/store_item_assets/steam/apps/227300/ss_737baf4f8b0bca354d008040d11171ac185314e4.1920x1080.jpg?t=1735901402'),
(53, 'https://shared.fastly.steamstatic.com/store_item_assets/steam/apps/227300/ss_425c3a46a90dfd781db457e38d8b7d18c2eeb9b7.1920x1080.jpg?t=1735901402'),
(53, 'https://shared.fastly.steamstatic.com/store_item_assets/steam/apps/227300/ss_97881274415df85d24791de17da900303897ee42.1920x1080.jpg?t=1735901402'),
(53, 'https://shared.fastly.steamstatic.com/store_item_assets/steam/apps/227300/ss_616f3fabc8dda839a02f31353b0c93f579f59bd0.1920x1080.jpg?t=1735901402'),
(53, 'https://shared.fastly.steamstatic.com/store_item_assets/steam/apps/227300/ss_ebb380dd10bf7ad0e4afdb88f25de901dbda032e.1920x1080.jpg?t=1735901402'),
(53, 'https://shared.fastly.steamstatic.com/store_item_assets/steam/apps/227300/ss_f21bff4784d1314f013fcb9b8d20527f6deebd92.1920x1080.jpg?t=1735901402'),
(53, 'https://shared.fastly.steamstatic.com/store_item_assets/steam/apps/227300/ss_1bb04141085a0eec37597e38c80cfe5bf6b8dd97.1920x1080.jpg?t=1735901402'),
(53, 'https://shared.fastly.steamstatic.com/store_item_assets/steam/apps/227300/ss_95b7a8e928bb5555aefafb4cbcfb143e670525d5.1920x1080.jpg?t=1735901402'),
(53, 'https://shared.fastly.steamstatic.com/store_item_assets/steam/apps/227300/ss_1c2b0275443485018a9d047eea13b0e006213fde.1920x1080.jpg?t=1735901402');

INSERT INTO product_videos (product_id, mp4, webm, thumbnail) VALUES
(53, 'https://video.fastly.steamstatic.com/store_trailers/256882174/movie480.mp4?t=1683632053', 'https://video.fastly.steamstatic.com/store_trailers/256882174/movie480_vp9.webm?t=1683632053', 'https://shared.fastly.steamstatic.com/store_item_assets/steam/apps/256882174/movie.293x165.jpg?t=1683632053'),
(53, 'https://video.fastly.steamstatic.com/store_trailers/257079603/movie480.mp4?t=1733494612', 'https://video.fastly.steamstatic.com/store_trailers/257079603/movie480_vp9.webm?t=1733494612', 'https://shared.fastly.steamstatic.com/store_item_assets/steam/apps/257079603/a089d756d0de589533512d13a0c5f130b028a607/movie_600x337.jpg?t=1733494612');

INSERT INTO products (id, title, type, description, price, discount, discountStartDate, discountEndDate, releaseDate, rating, isActive, headerImage)
VALUES (30, 'DayZ', 'Game', 'How long can you survive a post-apocalyptic world? A land overrun with an infected "zombie" population, where you compete with other survivors for limited resources. Will you team up with strangers and stay strong together? Or play as a lone wolf to avoid betrayal? This is DayZ – this is your story.', 49.99, 0, NULL, NULL, '2018-12-14', 0, TRUE, 'https://shared.fastly.steamstatic.com/store_item_assets/steam/apps/221100/header.jpg?t=1734509615');

INSERT INTO product_developers (product_id, developer) VALUES
(30, 'Bohemia Interactive');

INSERT INTO product_publishers (product_id, publisher) VALUES
(30, 'Bohemia Interactive');

INSERT INTO product_platforms (product_id, platform) VALUES
(30, 'Windows');

INSERT INTO product_genres (product_id, genre) VALUES
(30, 'Action'),
(30, 'Adventure'),
(30, 'Massively Multiplayer');

INSERT INTO product_tags (product_id, tag) VALUES
(30, 'Survival'),
(30, 'Open World'),
(30, 'Online Co-Op'),
(30, 'Zombies'),
(30, 'Multiplayer'),
(30, 'Post-apocalyptic'),
(30, 'Shooter'),
(30, 'PvP'),
(30, 'Action'),
(30, 'Massively Multiplayer'),
(30, 'FPS'),
(30, 'Horror'),
(30, 'Co-op'),
(30, 'Sandbox'),
(30, 'Survival Horror'),
(30, 'Simulation'),
(30, 'Adventure'),
(30, 'First-Person'),
(30, 'Atmospheric'),
(30, 'Choose Your Own Adventure');

INSERT INTO product_features (product_id, feature) VALUES
(30, 'MMO'),
(30, 'Online PvP'),
(30, 'Online Co-op'),
(30, 'Steam Achievements'),
(30, 'Steam Workshop'),
(30, 'Steam Cloud');

INSERT INTO product_system_requirements (product_id, platform, title, minimum, recommended) VALUES (30, 'win', 'OS', 'Windows 10 64-bit', 'Windows 10 64-bit');

INSERT INTO product_system_requirements (product_id, platform, title, minimum, recommended) VALUES (30, 'win', 'Processor', 'Intel Core i5-4430', 'Intel Core i5-6600K or AMD R5 1600X');

INSERT INTO product_system_requirements (product_id, platform, title, minimum, recommended) VALUES (30, 'win', 'Memory', '8 GB RAM', '12 GB RAM');

INSERT INTO product_system_requirements (product_id, platform, title, minimum, recommended) VALUES (30, 'win', 'Graphics', 'NVIDIA GeForce GTX 760 or AMD R9 270X', 'NVIDIA GeForce GTX 1060 or AMD RX 580');

INSERT INTO product_system_requirements (product_id, platform, title, minimum, recommended) VALUES (30, 'win', 'DirectX', 'Version 11', 'Version 11');

INSERT INTO product_system_requirements (product_id, platform, title, minimum, recommended) VALUES (30, 'win', 'Network', '', '');

INSERT INTO product_system_requirements (product_id, platform, title, minimum, recommended) VALUES (30, 'win', 'Storage', '25 GB available space', '30 GB available space');

INSERT INTO product_system_requirements (product_id, platform, title, minimum, recommended) VALUES (30, 'win', 'Additional Notes', 'Internet connection', 'Internet connection');

INSERT INTO product_screenshots (product_id, screenshot) VALUES
(30, 'https://shared.fastly.steamstatic.com/store_item_assets/steam/apps/221100/ss_bf0e5d5538d95a1cb943a7963489ba4df2782942.1920x1080.jpg?t=1734509615'),
(30, 'https://shared.fastly.steamstatic.com/store_item_assets/steam/apps/221100/ss_4b71f0ac633c88e8af8de1c4eec0b5b263f989cc.1920x1080.jpg?t=1734509615'),
(30, 'https://shared.fastly.steamstatic.com/store_item_assets/steam/apps/221100/ss_0487147f80e9350d9c655deb7f3d25b3876a1958.1920x1080.jpg?t=1734509615'),
(30, 'https://shared.fastly.steamstatic.com/store_item_assets/steam/apps/221100/ss_06f0e97dd31b322d38dfd137b268d793ff62f86f.1920x1080.jpg?t=1734509615'),
(30, 'https://shared.fastly.steamstatic.com/store_item_assets/steam/apps/221100/ss_9517bb26b6811f70b5b19ece4bce3e90452378d3.1920x1080.jpg?t=1734509615'),
(30, 'https://shared.fastly.steamstatic.com/store_item_assets/steam/apps/221100/ss_54729794426ffcfb74cb90176edd80b2225eb4fc.1920x1080.jpg?t=1734509615'),
(30, 'https://shared.fastly.steamstatic.com/store_item_assets/steam/apps/221100/ss_476f76f47921785509466357004a1c0d7b50d9f6.1920x1080.jpg?t=1734509615'),
(30, 'https://shared.fastly.steamstatic.com/store_item_assets/steam/apps/221100/ss_430c62f7756548725429ec13d025dc8a1db70049.1920x1080.jpg?t=1734509615'),
(30, 'https://shared.fastly.steamstatic.com/store_item_assets/steam/apps/221100/ss_6b8e777e93caa0a8f87fd41c8c33d0757cec4e3f.1920x1080.jpg?t=1734509615'),
(30, 'https://shared.fastly.steamstatic.com/store_item_assets/steam/apps/221100/ss_64c9f8fe80b71d0a0454835dc85e9e3f682d23b3.1920x1080.jpg?t=1734509615'),
(30, 'https://shared.fastly.steamstatic.com/store_item_assets/steam/apps/221100/ss_6cd9e955be805c9c55a95540c325dd74493cc557.1920x1080.jpg?t=1734509615'),
(30, 'https://shared.fastly.steamstatic.com/store_item_assets/steam/apps/221100/ss_5415aa4e40aa183e1bdb2e823a014003333dcc5f.1920x1080.jpg?t=1734509615'),
(30, 'https://shared.fastly.steamstatic.com/store_item_assets/steam/apps/221100/ss_c51e9201225543afd579cd840449082ed61e2497.1920x1080.jpg?t=1734509615'),
(30, 'https://shared.fastly.steamstatic.com/store_item_assets/steam/apps/221100/ss_7419b3ce729dbacedb9e0d7c8e07310ffbdc3f27.1920x1080.jpg?t=1734509615'),
(30, 'https://shared.fastly.steamstatic.com/store_item_assets/steam/apps/221100/ss_503fc7c735fdffe209beff287718be3a13ac0257.1920x1080.jpg?t=1734509615'),
(30, 'https://shared.fastly.steamstatic.com/store_item_assets/steam/apps/221100/ss_b5cc30d39cd8338015d18c91a652e0a265ac3003.1920x1080.jpg?t=1734509615'),
(30, 'https://shared.fastly.steamstatic.com/store_item_assets/steam/apps/221100/ss_38409876cd91b4946ce6b9450024df0bedf4347a.1920x1080.jpg?t=1734509615'),
(30, 'https://shared.fastly.steamstatic.com/store_item_assets/steam/apps/221100/ss_8280fd5f119096bcdda930bc4d0bb6c80abe7358.1920x1080.jpg?t=1734509615'),
(30, 'https://shared.fastly.steamstatic.com/store_item_assets/steam/apps/221100/ss_dbfbfca0515cf9ad74a9ae8ad615169c54da3cf1.1920x1080.jpg?t=1734509615'),
(30, 'https://shared.fastly.steamstatic.com/store_item_assets/steam/apps/221100/ss_6e2dee07a908f32e116ac48b27e1e3420bee82ce.1920x1080.jpg?t=1734509615'),
(30, 'https://shared.fastly.steamstatic.com/store_item_assets/steam/apps/221100/ss_ab2f77712949173b80e72be8dda9cc8c5bd9d835.1920x1080.jpg?t=1734509615'),
(30, 'https://shared.fastly.steamstatic.com/store_item_assets/steam/apps/221100/ss_e106890554f0871e8cb0245393c26814cb78118d.1920x1080.jpg?t=1734509615'),
(30, 'https://shared.fastly.steamstatic.com/store_item_assets/steam/apps/221100/ss_2ff624b9eb0dc9ca8d305a333ddb1028aa3a63b2.1920x1080.jpg?t=1734509615'),
(30, 'https://shared.fastly.steamstatic.com/store_item_assets/steam/apps/221100/ss_be988f1e5348389ca072a60cbcd74ea68bdca855.1920x1080.jpg?t=1734509615');

INSERT INTO product_videos (product_id, mp4, webm, thumbnail) VALUES
(30, 'https://video.fastly.steamstatic.com/store_trailers/257026030/movie480.mp4?t=1716813072', 'https://video.fastly.steamstatic.com/store_trailers/257026030/movie480_vp9.webm?t=1716813072', 'https://shared.fastly.steamstatic.com/store_item_assets/steam/apps/257026030/movie.293x165.jpg?t=1716813072'),
(30, 'https://video.fastly.steamstatic.com/store_trailers/256790906/movie480.mp4?t=1593118262', 'https://video.fastly.steamstatic.com/store_trailers/256790906/movie480_vp9.webm?t=1593118262', 'https://shared.fastly.steamstatic.com/store_item_assets/steam/apps/256790906/movie.293x165.jpg?t=1593118262'),
(30, 'https://video.fastly.steamstatic.com/store_trailers/256754405/movie480.mp4?t=1577825105', 'https://video.fastly.steamstatic.com/store_trailers/256754405/movie480.webm?t=1577825105', 'https://shared.fastly.steamstatic.com/store_item_assets/steam/apps/256754405/movie.293x165.jpg?t=1577825105'),
(30, 'https://video.fastly.steamstatic.com/store_trailers/256734797/movie480.mp4?t=1577825130', 'https://video.fastly.steamstatic.com/store_trailers/256734797/movie480.webm?t=1577825130', 'https://shared.fastly.steamstatic.com/store_item_assets/steam/apps/256734797/movie.293x165.jpg?t=1577825130');

INSERT INTO products (id, title, type, description, price, discount, discountStartDate, discountEndDate, releaseDate, rating, isActive, headerImage)
VALUES (56, 'Red Dead Redemption 2', 'Game', 'Winner of over 175 Game of the Year Awards and recipient of over 250 perfect scores, RDR2 is the epic tale of outlaw Arthur Morgan and the infamous Van der Linde gang, on the run across America at the dawn of the modern age. Also includes access to the shared living world of Red Dead Online.', 59.99, 0, NULL, NULL, '2019-12-06', 0, TRUE, 'https://shared.fastly.steamstatic.com/store_item_assets/steam/apps/1174180/header.jpg?t=1720558643');

INSERT INTO product_developers (product_id, developer) VALUES
(56, 'Rockstar Games');

INSERT INTO product_publishers (product_id, publisher) VALUES
(56, 'Rockstar Games');

INSERT INTO product_platforms (product_id, platform) VALUES
(56, 'Windows');

INSERT INTO product_genres (product_id, genre) VALUES
(56, 'Action'),
(56, 'Adventure');

INSERT INTO product_tags (product_id, tag) VALUES
(56, 'Open World'),
(56, 'Story Rich'),
(56, 'Western'),
(56, 'Adventure'),
(56, 'Multiplayer'),
(56, 'Action'),
(56, 'Realistic'),
(56, 'Singleplayer'),
(56, 'Shooter'),
(56, 'Atmospheric'),
(56, 'Horses'),
(56, 'Beautiful'),
(56, 'Mature'),
(56, 'Third-Person Shooter'),
(56, 'Great Soundtrack'),
(56, 'Third Person'),
(56, 'Gore'),
(56, 'Sandbox'),
(56, 'First-Person'),
(56, 'FPS');

INSERT INTO product_features (product_id, feature) VALUES
(56, 'Single-player'),
(56, 'Online PvP'),
(56, 'Online Co-op'),
(56, 'Steam Achievements'),
(56, 'In-App Purchases'),
(56, 'Remote Play on Phone'),
(56, 'Remote Play on Tablet');

INSERT INTO product_system_requirements (product_id, platform, title, minimum, recommended) VALUES (56, 'win', 'OS', 'Windows 10 - 64-bit', 'Windows 10 - 64-bit');

INSERT INTO product_system_requirements (product_id, platform, title, minimum, recommended) VALUES (56, 'win', 'Processor', 'Intel® Core™ i5-2500K / AMD FX-6300', 'Intel® Core™ i7-4770K / AMD Ryzen 5 1500X');

INSERT INTO product_system_requirements (product_id, platform, title, minimum, recommended) VALUES (56, 'win', 'Memory', '8 GB RAM', '12 GB RAM');

INSERT INTO product_system_requirements (product_id, platform, title, minimum, recommended) VALUES (56, 'win', 'Graphics', 'Nvidia GeForce GTX 770 2GB / AMD Radeon R9 280 3GB', 'Nvidia GeForce GTX 1060 6GB / AMD Radeon RX 480 4GB');

INSERT INTO product_system_requirements (product_id, platform, title, minimum, recommended) VALUES (56, 'win', 'DirectX', '', '');

INSERT INTO product_system_requirements (product_id, platform, title, minimum, recommended) VALUES (56, 'win', 'Network', 'Broadband Internet connection', 'Broadband Internet connection');

INSERT INTO product_system_requirements (product_id, platform, title, minimum, recommended) VALUES (56, 'win', 'Storage', '150 GB available space', '150 GB available space');

INSERT INTO product_system_requirements (product_id, platform, title, minimum, recommended) VALUES (56, 'win', 'Additional Notes', '', '');

INSERT INTO product_screenshots (product_id, screenshot) VALUES
(56, 'https://shared.fastly.steamstatic.com/store_item_assets/steam/apps/1174180/ss_66b553f4c209476d3e4ce25fa4714002cc914c4f.1920x1080.jpg?t=1720558643'),
(56, 'https://shared.fastly.steamstatic.com/store_item_assets/steam/apps/1174180/ss_bac60bacbf5da8945103648c08d27d5e202444ca.1920x1080.jpg?t=1720558643'),
(56, 'https://shared.fastly.steamstatic.com/store_item_assets/steam/apps/1174180/ss_668dafe477743f8b50b818d5bbfcec669e9ba93e.1920x1080.jpg?t=1720558643'),
(56, 'https://shared.fastly.steamstatic.com/store_item_assets/steam/apps/1174180/ss_4ce07ae360b166f0f650e9a895a3b4b7bf15e34f.1920x1080.jpg?t=1720558643'),
(56, 'https://shared.fastly.steamstatic.com/store_item_assets/steam/apps/1174180/ss_d1a8f5a69155c3186c65d1da90491fcfd43663d9.1920x1080.jpg?t=1720558643');

INSERT INTO product_videos (product_id, mp4, webm, thumbnail) VALUES
(56, 'https://video.fastly.steamstatic.com/store_trailers/256768371/movie480.mp4?t=1574881352', 'https://video.fastly.steamstatic.com/store_trailers/256768371/movie480.webm?t=1574881352', 'https://shared.fastly.steamstatic.com/store_item_assets/steam/apps/256768371/movie.293x165.jpg?t=1574881352'),
(56, 'https://video.fastly.steamstatic.com/store_trailers/256768370/movie480.mp4?t=1574881363', 'https://video.fastly.steamstatic.com/store_trailers/256768370/movie480.webm?t=1574881363', 'https://shared.fastly.steamstatic.com/store_item_assets/steam/apps/256768370/movie.293x165.jpg?t=1574881363');

INSERT INTO products (id, title, type, description, price, discount, discountStartDate, discountEndDate, releaseDate, rating, isActive, headerImage)
VALUES (32, 'HELLDIVERS™ 2', 'Game', 'The Galaxy’s Last Line of Offence. Enlist in the Helldivers and join the fight for freedom across a hostile galaxy in a fast, frantic, and ferocious third-person shooter.', 39.99, 0, NULL, NULL, '2024-02-08', 0, TRUE, 'https://shared.fastly.steamstatic.com/store_item_assets/steam/apps/553850/header.jpg?t=1736527750');

INSERT INTO product_developers (product_id, developer) VALUES
(32, 'Arrowhead Game Studios');

INSERT INTO product_publishers (product_id, publisher) VALUES
(32, 'PlayStation Publishing LLC');

INSERT INTO product_platforms (product_id, platform) VALUES
(32, 'Windows');

INSERT INTO product_genres (product_id, genre) VALUES
(32, 'Action');

INSERT INTO product_tags (product_id, tag) VALUES
(32, 'Online Co-Op'),
(32, 'PvE'),
(32, 'Multiplayer'),
(32, 'Third-Person Shooter'),
(32, 'Action'),
(32, 'Shooter'),
(32, 'Co-op'),
(32, 'Sci-fi'),
(32, 'Capitalism'),
(32, 'Space'),
(32, 'Extraction Shooter'),
(32, 'Third Person'),
(32, 'Comedy'),
(32, 'Gore'),
(32, 'Violent'),
(32, 'Great Soundtrack'),
(32, 'Difficult'),
(32, 'Psychological Horror'),
(32, 'Singleplayer'),
(32, 'Open World');

INSERT INTO product_features (product_id, feature) VALUES
(32, 'Online Co-op'),
(32, 'Steam Achievements'),
(32, 'In-App Purchases'),
(32, 'Family Sharing');

INSERT INTO product_system_requirements (product_id, platform, title, minimum, recommended) VALUES (32, 'win', 'OS', 'Windows 10', 'Windows 10');

INSERT INTO product_system_requirements (product_id, platform, title, minimum, recommended) VALUES (32, 'win', 'Processor', 'Intel Core i7-4790K or AMD Ryzen 5 1500X', 'Intel Core i7-9700K or AMD Ryzen 7 3700X');

INSERT INTO product_system_requirements (product_id, platform, title, minimum, recommended) VALUES (32, 'win', 'Memory', '8 GB RAM', '16 GB RAM');

INSERT INTO product_system_requirements (product_id, platform, title, minimum, recommended) VALUES (32, 'win', 'Graphics', 'NVIDIA GeForce GTX 1050 Ti or AMD Radeon RX 470', 'NVIDIA GeForce RTX 2060 or AMD Radeon RX 6600XT');

INSERT INTO product_system_requirements (product_id, platform, title, minimum, recommended) VALUES (32, 'win', 'DirectX', '', '');

INSERT INTO product_system_requirements (product_id, platform, title, minimum, recommended) VALUES (32, 'win', 'Network', '', '');

INSERT INTO product_system_requirements (product_id, platform, title, minimum, recommended) VALUES (32, 'win', 'Storage', '100 GB available space', '100 GB available space');

INSERT INTO product_system_requirements (product_id, platform, title, minimum, recommended) VALUES (32, 'win', 'Additional Notes', '', 'SSD Recommended');

INSERT INTO product_screenshots (product_id, screenshot) VALUES
(32, 'https://shared.fastly.steamstatic.com/store_item_assets/steam/apps/553850/ss_0c79f56fc7be1bd0102f2ca1c92c8f0900daf4fb.1920x1080.jpg?t=1736527750'),
(32, 'https://shared.fastly.steamstatic.com/store_item_assets/steam/apps/553850/ss_33e684e9cb2517af1599f0ca2b57d65ee82c2e51.1920x1080.jpg?t=1736527750'),
(32, 'https://shared.fastly.steamstatic.com/store_item_assets/steam/apps/553850/ss_8949ed7dd24a02d5ea13b08fc5c04fab400dc4bd.1920x1080.jpg?t=1736527750'),
(32, 'https://shared.fastly.steamstatic.com/store_item_assets/steam/apps/553850/ss_50afbbc4d811c38fe9f64c1fc8d7eb9d9da6d24c.1920x1080.jpg?t=1736527750'),
(32, 'https://shared.fastly.steamstatic.com/store_item_assets/steam/apps/553850/ss_cb276fe9f0b09683bdbc496f82b405dbe0ffa1f1.1920x1080.jpg?t=1736527750'),
(32, 'https://shared.fastly.steamstatic.com/store_item_assets/steam/apps/553850/ss_d0ac3830833a68d19d4a97c70aef0fba20bf0761.1920x1080.jpg?t=1736527750'),
(32, 'https://shared.fastly.steamstatic.com/store_item_assets/steam/apps/553850/ss_3b08a991443164a65f84f1bd9f1363e6c2ec4581.1920x1080.jpg?t=1736527750'),
(32, 'https://shared.fastly.steamstatic.com/store_item_assets/steam/apps/553850/ss_8f4af550ecbee08abb616b12cbb3896174dce153.1920x1080.jpg?t=1736527750'),
(32, 'https://shared.fastly.steamstatic.com/store_item_assets/steam/apps/553850/ss_3d075daf49e21731cd768ee2ea3adf63857f798c.1920x1080.jpg?t=1736527750'),
(32, 'https://shared.fastly.steamstatic.com/store_item_assets/steam/apps/553850/ss_bed14617fc317c2d2b59fdc4d8c4f29b8ddf7ed2.1920x1080.jpg?t=1736527750'),
(32, 'https://shared.fastly.steamstatic.com/store_item_assets/steam/apps/553850/ss_e45cb071779848564b3d2dcd7c3d38b7bd81cf9c.1920x1080.jpg?t=1736527750'),
(32, 'https://shared.fastly.steamstatic.com/store_item_assets/steam/apps/553850/ss_5dde7ea6922800dfece2a3a319cb68e4f6f67949.1920x1080.jpg?t=1736527750');

INSERT INTO product_videos (product_id, mp4, webm, thumbnail) VALUES
(32, 'https://video.fastly.steamstatic.com/store_trailers/257087621/movie480.mp4?t=1736451720', 'https://video.fastly.steamstatic.com/store_trailers/257087621/movie480_vp9.webm?t=1736451720', 'https://shared.fastly.steamstatic.com/store_item_assets/steam/apps/257087621/09dd5a61a5b186b4f5107b2e6f68571247650bf9/movie_600x337.jpg?t=1736451720'),
(32, 'https://video.fastly.steamstatic.com/store_trailers/256992403/movie480.mp4?t=1736451730', 'https://video.fastly.steamstatic.com/store_trailers/256992403/movie480_vp9.webm?t=1736451730', 'https://shared.fastly.steamstatic.com/store_item_assets/steam/apps/256992403/movie.293x165.jpg?t=1736451730'),
(32, 'https://video.fastly.steamstatic.com/store_trailers/256957675/movie480.mp4?t=1691444486', 'https://video.fastly.steamstatic.com/store_trailers/256957675/movie480_vp9.webm?t=1691444486', 'https://shared.fastly.steamstatic.com/store_item_assets/steam/apps/256957675/movie.293x165.jpg?t=1691444486'),
(32, 'https://video.fastly.steamstatic.com/store_trailers/256954185/movie480.mp4?t=1687299549', 'https://video.fastly.steamstatic.com/store_trailers/256954185/movie480_vp9.webm?t=1687299549', 'https://shared.fastly.steamstatic.com/store_item_assets/steam/apps/256954185/movie.293x165.jpg?t=1687299549');

INSERT INTO products (id, title, type, description, price, discount, discountStartDate, discountEndDate, releaseDate, rating, isActive, headerImage)
VALUES (33, 'VRChat', 'Game', 'Join our growing community as you explore, play, and help craft the future of social VR. Create worlds and custom avatars. Welcome to VRChat.', 0, 0, NULL, NULL, '2017-02-01', 0, TRUE, 'https://shared.fastly.steamstatic.com/store_item_assets/steam/apps/438100/header.jpg?t=1733413042');

INSERT INTO product_developers (product_id, developer) VALUES
(33, 'VRChat Inc.');

INSERT INTO product_publishers (product_id, publisher) VALUES
(33, 'VRChat Inc.');

INSERT INTO product_platforms (product_id, platform) VALUES
(33, 'Windows');

INSERT INTO product_genres (product_id, genre) VALUES
(33, 'Adventure'),
(33, 'Casual'),
(33, 'Massively Multiplayer'),
(33, 'Simulation'),
(33, 'Sports'),
(33, 'Free To Play'),
(33, 'Early Access');

INSERT INTO product_tags (product_id, tag) VALUES
(33, 'VR'),
(33, 'Free to Play'),
(33, 'Multiplayer'),
(33, 'Anime'),
(33, 'Memes'),
(33, 'Funny'),
(33, 'Massively Multiplayer'),
(33, 'First-Person'),
(33, 'Open World'),
(33, 'Early Access'),
(33, 'Simulation'),
(33, 'Casual'),
(33, 'Adventure'),
(33, 'MMORPG'),
(33, 'Comedy'),
(33, 'Sandbox'),
(33, 'Dating Sim'),
(33, 'Action'),
(33, 'Survival Horror'),
(33, 'Atmospheric');

INSERT INTO product_features (product_id, feature) VALUES
(33, 'MMO'),
(33, 'Online PvP'),
(33, 'Online Co-op'),
(33, 'Cross-Platform Multiplayer'),
(33, 'Tracked Controller Support'),
(33, 'VR Supported'),
(33, 'In-App Purchases');

INSERT INTO product_system_requirements (product_id, platform, title, minimum, recommended) VALUES (33, 'win', 'OS', 'Windows 10/11', '');

INSERT INTO product_system_requirements (product_id, platform, title, minimum, recommended) VALUES (33, 'win', 'Processor', 'Intel® i5-4590 / AMD FX 8350 equivalent or greater', '');

INSERT INTO product_system_requirements (product_id, platform, title, minimum, recommended) VALUES (33, 'win', 'Memory', '4 GB RAM', '');

INSERT INTO product_system_requirements (product_id, platform, title, minimum, recommended) VALUES (33, 'win', 'Graphics', 'NVIDIA GeForce® GTX 970 / AMD Radeon™ R9 290 equivalent or greater', '');

INSERT INTO product_system_requirements (product_id, platform, title, minimum, recommended) VALUES (33, 'win', 'DirectX', 'Version 11', '');

INSERT INTO product_system_requirements (product_id, platform, title, minimum, recommended) VALUES (33, 'win', 'Network', 'Broadband Internet connection', '');

INSERT INTO product_system_requirements (product_id, platform, title, minimum, recommended) VALUES (33, 'win', 'Storage', '1 GB available space', '');

INSERT INTO product_system_requirements (product_id, platform, title, minimum, recommended) VALUES (33, 'win', 'Additional Notes', '', '');

INSERT INTO product_screenshots (product_id, screenshot) VALUES
(33, 'https://shared.fastly.steamstatic.com/store_item_assets/steam/apps/438100/ss_1577335ddadd96c338c16a747758290b4214eb85.1920x1080.jpg?t=1733413042'),
(33, 'https://shared.fastly.steamstatic.com/store_item_assets/steam/apps/438100/ss_31f674ab2a2cdf3d72ff7e8155100f4539a65a72.1920x1080.jpg?t=1733413042'),
(33, 'https://shared.fastly.steamstatic.com/store_item_assets/steam/apps/438100/ss_869211a61f76ff08db693092b43678278c396249.1920x1080.jpg?t=1733413042'),
(33, 'https://shared.fastly.steamstatic.com/store_item_assets/steam/apps/438100/ss_9f66a537db246bbf8fa0aa9c6681a37f65307ac2.1920x1080.jpg?t=1733413042'),
(33, 'https://shared.fastly.steamstatic.com/store_item_assets/steam/apps/438100/ss_b0c252d8f3c07478ec4001c995f4f6c75afb16a1.1920x1080.jpg?t=1733413042'),
(33, 'https://shared.fastly.steamstatic.com/store_item_assets/steam/apps/438100/ss_38db30a76b354606cf8583565179e69c1054b23c.1920x1080.jpg?t=1733413042'),
(33, 'https://shared.fastly.steamstatic.com/store_item_assets/steam/apps/438100/ss_c52a57f7f15d49d0d3ccd1743858a94c0dcc1ef1.1920x1080.jpg?t=1733413042'),
(33, 'https://shared.fastly.steamstatic.com/store_item_assets/steam/apps/438100/ss_d4351d713e0dc6210d5c275060f611c6adb13df2.1920x1080.jpg?t=1733413042');

INSERT INTO product_videos (product_id, mp4, webm, thumbnail) VALUES
(33, 'https://video.fastly.steamstatic.com/store_trailers/256738338/movie480.mp4?t=1544752288', 'https://video.fastly.steamstatic.com/store_trailers/256738338/movie480.webm?t=1544752288', 'https://shared.fastly.steamstatic.com/store_item_assets/steam/apps/256738338/movie.293x165.jpg?t=1544752288');

INSERT INTO products (id, title, type, description, price, discount, discountStartDate, discountEndDate, releaseDate, rating, isActive, headerImage)
VALUES (34, 'Project Zomboid', 'Game', 'Project Zomboid is the ultimate in zombie survival. Alone or in MP: you loot, build, craft, fight, farm and fish in a struggle to survive. A hardcore RPG skillset, a vast map, massively customisable sandbox and a cute tutorial raccoon await the unwary. So how will you die? All it takes is a bite..', 19.99, 0, NULL, NULL, '2013-11-08', 0, TRUE, 'https://shared.fastly.steamstatic.com/store_item_assets/steam/apps/108600/header.jpg?t=1691508011');

INSERT INTO product_developers (product_id, developer) VALUES
(34, 'The Indie Stone');

INSERT INTO product_publishers (product_id, publisher) VALUES
(34, 'The Indie Stone');

INSERT INTO product_platforms (product_id, platform) VALUES
(34, 'Windows');

INSERT INTO product_genres (product_id, genre) VALUES
(34, 'Indie'),
(34, 'RPG'),
(34, 'Simulation'),
(34, 'Early Access');

INSERT INTO product_tags (product_id, tag) VALUES
(34, 'Survival'),
(34, 'Zombies'),
(34, 'Open World'),
(34, 'Multiplayer'),
(34, 'Open World Survival Craft'),
(34, 'Sandbox'),
(34, 'Post-apocalyptic'),
(34, 'Co-op'),
(34, 'Crafting'),
(34, 'Building'),
(34, 'Indie'),
(34, 'Simulation'),
(34, 'RPG'),
(34, 'Survival Horror'),
(34, 'Realistic'),
(34, 'Isometric'),
(34, 'Singleplayer'),
(34, '2D'),
(34, 'Adventure'),
(34, 'Early Access');

INSERT INTO product_features (product_id, feature) VALUES
(34, 'Single-player'),
(34, 'Online PvP'),
(34, 'Online Co-op'),
(34, 'Shared/Split Screen Co-op'),
(34, 'Cross-Platform Multiplayer'),
(34, 'Steam Trading Cards'),
(34, 'Steam Workshop'),
(34, 'Remote Play Together'),
(34, 'Family Sharing');

INSERT INTO product_system_requirements (product_id, platform, title, minimum, recommended) VALUES (34, 'win', 'OS', '', '');

INSERT INTO product_system_requirements (product_id, platform, title, minimum, recommended) VALUES (34, 'win', 'Processor', '', '');

INSERT INTO product_system_requirements (product_id, platform, title, minimum, recommended) VALUES (34, 'win', 'Memory', '', '');

INSERT INTO product_system_requirements (product_id, platform, title, minimum, recommended) VALUES (34, 'win', 'Graphics', '', '');

INSERT INTO product_system_requirements (product_id, platform, title, minimum, recommended) VALUES (34, 'win', 'DirectX', '', '');

INSERT INTO product_system_requirements (product_id, platform, title, minimum, recommended) VALUES (34, 'win', 'Network', '', '');

INSERT INTO product_system_requirements (product_id, platform, title, minimum, recommended) VALUES (34, 'win', 'Storage', '', '');

INSERT INTO product_system_requirements (product_id, platform, title, minimum, recommended) VALUES (34, 'win', 'Additional Notes', '', '');

INSERT INTO product_system_requirements (product_id, platform, title, minimum, recommended) VALUES (34, 'mac', 'OS', '', '');

INSERT INTO product_system_requirements (product_id, platform, title, minimum, recommended) VALUES (34, 'mac', 'Processor', '', '');

INSERT INTO product_system_requirements (product_id, platform, title, minimum, recommended) VALUES (34, 'mac', 'Memory', '', '');

INSERT INTO product_system_requirements (product_id, platform, title, minimum, recommended) VALUES (34, 'mac', 'Graphics', '', '');

INSERT INTO product_system_requirements (product_id, platform, title, minimum, recommended) VALUES (34, 'mac', 'DirectX', '', '');

INSERT INTO product_system_requirements (product_id, platform, title, minimum, recommended) VALUES (34, 'mac', 'Network', '', '');

INSERT INTO product_system_requirements (product_id, platform, title, minimum, recommended) VALUES (34, 'mac', 'Storage', '', '');

INSERT INTO product_system_requirements (product_id, platform, title, minimum, recommended) VALUES (34, 'mac', 'Additional Notes', '', '');

INSERT INTO product_system_requirements (product_id, platform, title, minimum, recommended) VALUES (34, 'linux', 'OS', '', '');

INSERT INTO product_system_requirements (product_id, platform, title, minimum, recommended) VALUES (34, 'linux', 'Processor', '', '');

INSERT INTO product_system_requirements (product_id, platform, title, minimum, recommended) VALUES (34, 'linux', 'Memory', '', '');

INSERT INTO product_system_requirements (product_id, platform, title, minimum, recommended) VALUES (34, 'linux', 'Graphics', '', '');

INSERT INTO product_system_requirements (product_id, platform, title, minimum, recommended) VALUES (34, 'linux', 'DirectX', '', '');

INSERT INTO product_system_requirements (product_id, platform, title, minimum, recommended) VALUES (34, 'linux', 'Network', '', '');

INSERT INTO product_system_requirements (product_id, platform, title, minimum, recommended) VALUES (34, 'linux', 'Storage', '', '');

INSERT INTO product_system_requirements (product_id, platform, title, minimum, recommended) VALUES (34, 'linux', 'Additional Notes', '', '');

INSERT INTO product_screenshots (product_id, screenshot) VALUES
(34, 'https://shared.fastly.steamstatic.com/store_item_assets/steam/apps/108600/ss_d4a0f78dc94273c7f0eedc186569efc091387066.1920x1080.jpg?t=1691508011'),
(34, 'https://shared.fastly.steamstatic.com/store_item_assets/steam/apps/108600/ss_eca8be032b3f5508bf5bea74cfbc823a4df047ce.1920x1080.jpg?t=1691508011'),
(34, 'https://shared.fastly.steamstatic.com/store_item_assets/steam/apps/108600/ss_7300ecc70342b6fcbdf39b6f9ff4c408066f8fc2.1920x1080.jpg?t=1691508011'),
(34, 'https://shared.fastly.steamstatic.com/store_item_assets/steam/apps/108600/ss_eb1862af5109e4658e2538d897cbd16b87ad1818.1920x1080.jpg?t=1691508011'),
(34, 'https://shared.fastly.steamstatic.com/store_item_assets/steam/apps/108600/ss_3b21d79855804e2a73468328a8fd18df0d238a2a.1920x1080.jpg?t=1691508011'),
(34, 'https://shared.fastly.steamstatic.com/store_item_assets/steam/apps/108600/ss_0dc0cb896202ecfa344a0af981b695f2349317e1.1920x1080.jpg?t=1691508011'),
(34, 'https://shared.fastly.steamstatic.com/store_item_assets/steam/apps/108600/ss_bb426e3c51a76f0605cef625094a9fbc7efad73a.1920x1080.jpg?t=1691508011'),
(34, 'https://shared.fastly.steamstatic.com/store_item_assets/steam/apps/108600/ss_507e952789822b69868d768e1e4476946f37b1fb.1920x1080.jpg?t=1691508011'),
(34, 'https://shared.fastly.steamstatic.com/store_item_assets/steam/apps/108600/ss_3eee93607a530e8a5b857bae596f4109539dfd35.1920x1080.jpg?t=1691508011'),
(34, 'https://shared.fastly.steamstatic.com/store_item_assets/steam/apps/108600/ss_d80677c526a1c9494a7147189e52fbf438f0a9ca.1920x1080.jpg?t=1691508011'),
(34, 'https://shared.fastly.steamstatic.com/store_item_assets/steam/apps/108600/ss_327eac804820daf1554e7ee9c64eeeb3053eda40.1920x1080.jpg?t=1691508011');

INSERT INTO product_videos (product_id, mp4, webm, thumbnail) VALUES
(34, 'https://video.fastly.steamstatic.com/store_trailers/256865885/movie480.mp4?t=1639992657', 'https://video.fastly.steamstatic.com/store_trailers/256865885/movie480_vp9.webm?t=1639992657', 'https://shared.fastly.steamstatic.com/store_item_assets/steam/apps/256865885/movie.293x165.jpg?t=1639992657');

INSERT INTO products (id, title, type, description, price, discount, discountStartDate, discountEndDate, releaseDate, rating, isActive, headerImage)
VALUES (35, 'Monster Hunter: World', 'Game', 'Welcome to a new world! In Monster Hunter: World, the latest installment in the series, you can enjoy the ultimate hunting experience, using everything at your disposal to hunt monsters in a new world teeming with surprises and excitement.', 29.99, 0, NULL, NULL, '2018-08-08', 0, TRUE, 'https://shared.fastly.steamstatic.com/store_item_assets/steam/apps/582010/header.jpg?t=1734656748');

INSERT INTO product_developers (product_id, developer) VALUES
(35, 'CAPCOM Co., Ltd.');

INSERT INTO product_publishers (product_id, publisher) VALUES
(35, 'CAPCOM Co., Ltd.');

INSERT INTO product_platforms (product_id, platform) VALUES
(35, 'Windows');

INSERT INTO product_genres (product_id, genre) VALUES
(35, 'Action');

INSERT INTO product_tags (product_id, tag) VALUES
(35, 'Co-op'),
(35, 'Multiplayer'),
(35, 'Action'),
(35, 'Open World'),
(35, 'RPG'),
(35, 'Character Customization'),
(35, 'Third Person'),
(35, 'Adventure'),
(35, 'Fantasy'),
(35, 'Difficult'),
(35, 'Action RPG'),
(35, 'Singleplayer'),
(35, 'Exploration'),
(35, 'Great Soundtrack'),
(35, 'Replay Value'),
(35, 'Atmospheric'),
(35, 'Hack and Slash'),
(35, 'JRPG'),
(35, 'MMORPG'),
(35, 'Souls-like');

INSERT INTO product_features (product_id, feature) VALUES
(35, 'Single-player'),
(35, 'Steam Achievements'),
(35, 'Steam Trading Cards'),
(35, 'Steam Cloud'),
(35, 'Stats'),
(35, 'Steam Leaderboards'),
(35, 'Remote Play on Tablet'),
(35, 'HDR available'),
(35, 'Family Sharing');

INSERT INTO product_system_requirements (product_id, platform, title, minimum, recommended) VALUES (35, 'win', 'OS', 'WINDOWS® 10 (64-bit required)', 'WINDOWS® 10 (64-bit required)');

INSERT INTO product_system_requirements (product_id, platform, title, minimum, recommended) VALUES (35, 'win', 'Processor', 'Intel® Core™ i5 4460 or Core™ i3 9100F or AMD FX™-6300 or Ryzen™ 3 3200G', 'Intel® Core™ i7 3770 or Core™ i3 8350 or Core™ i3 9350F / AMD Ryzen™ 5 1500X or Ryzen™ 5 3400G');

INSERT INTO product_system_requirements (product_id, platform, title, minimum, recommended) VALUES (35, 'win', 'Memory', '8 GB RAM', '8 GB RAM');

INSERT INTO product_system_requirements (product_id, platform, title, minimum, recommended) VALUES (35, 'win', 'Graphics', 'NVIDIA®GeForce®GTX 760 or GTX1050 or AMD Radeon™ R7 260x or RX 560', 'NVIDIA® GeForce® GTX 1060 (VRAM 3GB) or GTX 1650 / AMD Radeon™ RX 480 or RX 570');

INSERT INTO product_system_requirements (product_id, platform, title, minimum, recommended) VALUES (35, 'win', 'DirectX', 'Version 11', 'Version 11');

INSERT INTO product_system_requirements (product_id, platform, title, minimum, recommended) VALUES (35, 'win', 'Network', 'Broadband Internet connection', 'Broadband Internet connection');

INSERT INTO product_system_requirements (product_id, platform, title, minimum, recommended) VALUES (35, 'win', 'Storage', '52 GB available space', '52 GB available space');

INSERT INTO product_system_requirements (product_id, platform, title, minimum, recommended) VALUES (35, 'win', 'Additional Notes', '- These specs allow for the game to be played in 1080p/30fps with graphics settings at "Low". - 64-bit processor and operating system are required.', '- These specs allow for the game to be played in 1080p/30fps with graphics settings at "High". - 64-bit processor and operating system are required. - Windows 10 (Version 1809 or later) and a 4GB VRAM GPU (graphics board or video card) are required for DirectX 12 API.');

INSERT INTO product_screenshots (product_id, screenshot) VALUES
(35, 'https://shared.fastly.steamstatic.com/store_item_assets/steam/apps/582010/ss_a262c53b8629de7c6547933dc0b49d31f4e1b1f1.1920x1080.jpg?t=1734656748'),
(35, 'https://shared.fastly.steamstatic.com/store_item_assets/steam/apps/582010/ss_6b4986a37c7b5c185a796085c002febcdd5357b5.1920x1080.jpg?t=1734656748'),
(35, 'https://shared.fastly.steamstatic.com/store_item_assets/steam/apps/582010/ss_0dfb20f6f09c196bfc317bd517dc430ed6e6a2a4.1920x1080.jpg?t=1734656748'),
(35, 'https://shared.fastly.steamstatic.com/store_item_assets/steam/apps/582010/ss_25902a9ae6977d6d10ebff20b87e8739e51c5b8b.1920x1080.jpg?t=1734656748'),
(35, 'https://shared.fastly.steamstatic.com/store_item_assets/steam/apps/582010/ss_681cc5358ec55a997aee9f757ffe8b418dc79a32.1920x1080.jpg?t=1734656748'),
(35, 'https://shared.fastly.steamstatic.com/store_item_assets/steam/apps/582010/ss_ce69dc57e6e442c73d874f1b701f2e4af405fb19.1920x1080.jpg?t=1734656748'),
(35, 'https://shared.fastly.steamstatic.com/store_item_assets/steam/apps/582010/ss_6d26868b45c20bf4dd5f75f31264aca08ce17217.1920x1080.jpg?t=1734656748'),
(35, 'https://shared.fastly.steamstatic.com/store_item_assets/steam/apps/582010/ss_669f9008f708c19fe3c41d647516f7a73bf26d24.1920x1080.jpg?t=1734656748');

INSERT INTO product_videos (product_id, mp4, webm, thumbnail) VALUES
(35, 'https://video.fastly.steamstatic.com/store_trailers/256769022/movie480.mp4?t=1596524406', 'https://video.fastly.steamstatic.com/store_trailers/256769022/movie480.webm?t=1596524406', 'https://shared.fastly.steamstatic.com/store_item_assets/steam/apps/256769022/movie.293x165.jpg?t=1596524406'),
(35, 'https://video.fastly.steamstatic.com/store_trailers/256769014/movie480.mp4?t=1596524414', 'https://video.fastly.steamstatic.com/store_trailers/256769014/movie480.webm?t=1596524414', 'https://shared.fastly.steamstatic.com/store_item_assets/steam/apps/256769014/movie.293x165.jpg?t=1596524414'),
(35, 'https://video.fastly.steamstatic.com/store_trailers/256765635/movie480.mp4?t=1578591173', 'https://video.fastly.steamstatic.com/store_trailers/256765635/movie480.webm?t=1578591173', 'https://shared.fastly.steamstatic.com/store_item_assets/steam/apps/256765635/movie.293x165.jpg?t=1578591173'),
(35, 'https://video.fastly.steamstatic.com/store_trailers/256747419/movie480.mp4?t=1596524423', 'https://video.fastly.steamstatic.com/store_trailers/256747419/movie480.webm?t=1596524423', 'https://shared.fastly.steamstatic.com/store_item_assets/steam/apps/256747419/movie.293x165.jpg?t=1596524423'),
(35, 'https://video.fastly.steamstatic.com/store_trailers/256746429/movie480.mp4?t=1596524431', 'https://video.fastly.steamstatic.com/store_trailers/256746429/movie480.webm?t=1596524431', 'https://shared.fastly.steamstatic.com/store_item_assets/steam/apps/256746429/movie.293x165.jpg?t=1596524431'),
(35, 'https://video.fastly.steamstatic.com/store_trailers/256737505/movie480.mp4?t=1596524439', 'https://video.fastly.steamstatic.com/store_trailers/256737505/movie480.webm?t=1596524439', 'https://shared.fastly.steamstatic.com/store_item_assets/steam/apps/256737505/movie.293x165.jpg?t=1596524439'),
(35, 'https://video.fastly.steamstatic.com/store_trailers/256721637/movie480.mp4?t=1578591747', 'https://video.fastly.steamstatic.com/store_trailers/256721637/movie480.webm?t=1578591747', 'https://shared.fastly.steamstatic.com/store_item_assets/steam/apps/256721637/movie.293x165.jpg?t=1578591747');

INSERT INTO products (id, title, type, description, price, discount, discountStartDate, discountEndDate, releaseDate, rating, isActive, headerImage)
VALUES (36, 'tModLoader', 'Game', 'Dig, Fight, and Build your way through the world of player-created mods on Terraria with tModLoader - this DLC makes modding Terraria a reality!', 0, 0, NULL, NULL, '2020-05-16', 0, TRUE, 'https://shared.fastly.steamstatic.com/store_item_assets/steam/apps/1281930/header.jpg?t=1718143594');

INSERT INTO product_developers (product_id, developer) VALUES
(36, 'TML Team');

INSERT INTO product_publishers (product_id, publisher) VALUES
(36, 'Re-Logic'),
(36, 'TML Team');

INSERT INTO product_platforms (product_id, platform) VALUES
(36, 'Windows');

INSERT INTO product_genres (product_id, genre) VALUES
(36, 'Action'),
(36, 'Adventure'),
(36, 'Indie'),
(36, 'RPG'),
(36, 'Free To Play');

INSERT INTO product_tags (product_id, tag) VALUES
(36, 'Adventure'),
(36, 'Free to Play'),
(36, 'Action'),
(36, 'Indie'),
(36, 'RPG'),
(36, 'Mod'),
(36, 'Sandbox'),
(36, 'Moddable'),
(36, 'Multiplayer'),
(36, '2D'),
(36, 'Pixel Graphics'),
(36, 'Building'),
(36, 'Survival'),
(36, 'Online Co-Op'),
(36, 'Singleplayer'),
(36, 'Co-op'),
(36, 'Replay Value'),
(36, 'Great Soundtrack'),
(36, 'Open World Survival Craft'),
(36, 'Difficult');

INSERT INTO product_features (product_id, feature) VALUES
(36, 'Single-player'),
(36, 'Online PvP'),
(36, 'Online Co-op'),
(36, 'Steam Workshop'),
(36, 'Steam Cloud');

INSERT INTO product_system_requirements (product_id, platform, title, minimum, recommended) VALUES (36, 'win', 'OS', '', 'Windows 10, 11');

INSERT INTO product_system_requirements (product_id, platform, title, minimum, recommended) VALUES (36, 'win', 'Processor', '2.0 Ghz', 'Dual Core 3.0 Ghz');

INSERT INTO product_system_requirements (product_id, platform, title, minimum, recommended) VALUES (36, 'win', 'Memory', '6 GB RAM', '16 GB RAM');

INSERT INTO product_system_requirements (product_id, platform, title, minimum, recommended) VALUES (36, 'win', 'Graphics', '', '');

INSERT INTO product_system_requirements (product_id, platform, title, minimum, recommended) VALUES (36, 'win', 'DirectX', 'Version 11', 'Version 11');

INSERT INTO product_system_requirements (product_id, platform, title, minimum, recommended) VALUES (36, 'win', 'Network', '', '');

INSERT INTO product_system_requirements (product_id, platform, title, minimum, recommended) VALUES (36, 'win', 'Storage', '500 MB available space', '20000 MB available space');

INSERT INTO product_system_requirements (product_id, platform, title, minimum, recommended) VALUES (36, 'win', 'Additional Notes', '. Additional Requirements may vary with installed Workshop Items', '. Additional Requirements may vary with installed Workshop Items');

INSERT INTO product_system_requirements (product_id, platform, title, minimum, recommended) VALUES (36, 'mac', 'OS', '(1.4.4) OSX 12 Monterey, (1.4.3) OSX 10.15 Catalina', 'OSX 12 Monterey or Higher');

INSERT INTO product_system_requirements (product_id, platform, title, minimum, recommended) VALUES (36, 'mac', 'Processor', '2.0 Ghz', 'Dual Core 3.0 Ghz');

INSERT INTO product_system_requirements (product_id, platform, title, minimum, recommended) VALUES (36, 'mac', 'Memory', '4 GB RAM', '12 GB RAM');

INSERT INTO product_system_requirements (product_id, platform, title, minimum, recommended) VALUES (36, 'mac', 'Graphics', '', '');

INSERT INTO product_system_requirements (product_id, platform, title, minimum, recommended) VALUES (36, 'mac', 'DirectX', '', '');

INSERT INTO product_system_requirements (product_id, platform, title, minimum, recommended) VALUES (36, 'mac', 'Network', '', '');

INSERT INTO product_system_requirements (product_id, platform, title, minimum, recommended) VALUES (36, 'mac', 'Storage', '500 MB available space', '20000 MB available space');

INSERT INTO product_system_requirements (product_id, platform, title, minimum, recommended) VALUES (36, 'mac', 'Additional Notes', '. Additional Requirements may vary with installed Workshop Items', '. Additional Requirements may vary with installed Workshop Items');

INSERT INTO product_system_requirements (product_id, platform, title, minimum, recommended) VALUES (36, 'linux', 'OS', 'Ubuntu 16.04 LTS or higher', 'Ubuntu 16.04 LTS or higher');

INSERT INTO product_system_requirements (product_id, platform, title, minimum, recommended) VALUES (36, 'linux', 'Processor', '2.0 Ghz', 'Dual Core 3.0 Ghz');

INSERT INTO product_system_requirements (product_id, platform, title, minimum, recommended) VALUES (36, 'linux', 'Memory', '4 GB RAM', '12 GB RAM');

INSERT INTO product_system_requirements (product_id, platform, title, minimum, recommended) VALUES (36, 'linux', 'Graphics', '', '');

INSERT INTO product_system_requirements (product_id, platform, title, minimum, recommended) VALUES (36, 'linux', 'DirectX', '', '');

INSERT INTO product_system_requirements (product_id, platform, title, minimum, recommended) VALUES (36, 'linux', 'Network', '', '');

INSERT INTO product_system_requirements (product_id, platform, title, minimum, recommended) VALUES (36, 'linux', 'Storage', '500 MB available space', '20000 MB available space');

INSERT INTO product_system_requirements (product_id, platform, title, minimum, recommended) VALUES (36, 'linux', 'Additional Notes', '. Additional Requirements may vary with installed Workshop Items', '. Additional Requirements may vary with installed Workshop Items');

INSERT INTO product_screenshots (product_id, screenshot) VALUES
(36, 'https://shared.fastly.steamstatic.com/store_item_assets/steam/apps/1281930/ss_6720f972448c85c6a8062a80047202a591aba913.1920x1080.jpg?t=1718143594'),
(36, 'https://shared.fastly.steamstatic.com/store_item_assets/steam/apps/1281930/ss_8f628f9bcc6da81fdd81676d3f235420c5237458.1920x1080.jpg?t=1718143594'),
(36, 'https://shared.fastly.steamstatic.com/store_item_assets/steam/apps/1281930/ss_9fae3fc7e23e5a29f4fbe46c9208d485ececc2ca.1920x1080.jpg?t=1718143594'),
(36, 'https://shared.fastly.steamstatic.com/store_item_assets/steam/apps/1281930/ss_cbd08080c38bc6814a4562780d313dd7331b02a1.1920x1080.jpg?t=1718143594'),
(36, 'https://shared.fastly.steamstatic.com/store_item_assets/steam/apps/1281930/ss_c2829b132cf00dad0d17c546420cbfa3a122cf9d.1920x1080.jpg?t=1718143594'),
(36, 'https://shared.fastly.steamstatic.com/store_item_assets/steam/apps/1281930/ss_70192ef5332af5291082282b14af62ba7267b092.1920x1080.jpg?t=1718143594'),
(36, 'https://shared.fastly.steamstatic.com/store_item_assets/steam/apps/1281930/ss_3e666a6ba30bfd3c0b8c846cf22ce285e3defccd.1920x1080.jpg?t=1718143594'),
(36, 'https://shared.fastly.steamstatic.com/store_item_assets/steam/apps/1281930/ss_ce6c416374827f504aef35d237ee43518f170e3a.1920x1080.jpg?t=1718143594'),
(36, 'https://shared.fastly.steamstatic.com/store_item_assets/steam/apps/1281930/ss_5d8ab51c5a9233afe51256bb55c35ba730d10f4a.1920x1080.jpg?t=1718143594'),
(36, 'https://shared.fastly.steamstatic.com/store_item_assets/steam/apps/1281930/ss_98a6c5ddbabd296f01f5060a7341fad769a4e445.1920x1080.jpg?t=1718143594'),
(36, 'https://shared.fastly.steamstatic.com/store_item_assets/steam/apps/1281930/ss_7b2b276b5e1ffc10993734408be2bf52e2cd2185.1920x1080.jpg?t=1718143594'),
(36, 'https://shared.fastly.steamstatic.com/store_item_assets/steam/apps/1281930/ss_a1f99679d7be725b18ec02ad68c2a88450ded845.1920x1080.jpg?t=1718143594'),
(36, 'https://shared.fastly.steamstatic.com/store_item_assets/steam/apps/1281930/ss_3d3867abb1eded55ecfcca61b1a973509d023af3.1920x1080.jpg?t=1718143594'),
(36, 'https://shared.fastly.steamstatic.com/store_item_assets/steam/apps/1281930/ss_8bb2e72c3e7316b9e9566debb76de3649aa6bbb7.1920x1080.jpg?t=1718143594'),
(36, 'https://shared.fastly.steamstatic.com/store_item_assets/steam/apps/1281930/ss_3b6b15040ba9981ea6442420101a6e35c48a3feb.1920x1080.jpg?t=1718143594'),
(36, 'https://shared.fastly.steamstatic.com/store_item_assets/steam/apps/1281930/ss_ec8bfd9aba99eefba7ab55ff10204441b329e7ae.1920x1080.jpg?t=1718143594'),
(36, 'https://shared.fastly.steamstatic.com/store_item_assets/steam/apps/1281930/ss_f496626a9d3167f4bc4901c1d2a983a1bb53ca1e.1920x1080.jpg?t=1718143594'),
(36, 'https://shared.fastly.steamstatic.com/store_item_assets/steam/apps/1281930/ss_0e6ad0038b47e72a79c01ebb74b68abca6a5a3a4.1920x1080.jpg?t=1718143594'),
(36, 'https://shared.fastly.steamstatic.com/store_item_assets/steam/apps/1281930/ss_02de8ddbefe40cd568e35a36078f567be71ce533.1920x1080.jpg?t=1718143594');

INSERT INTO product_videos (product_id, mp4, webm, thumbnail) VALUES
(36, 'https://video.fastly.steamstatic.com/store_trailers/256784635/movie480.mp4?t=1589401429', 'https://video.fastly.steamstatic.com/store_trailers/256784635/movie480_vp9.webm?t=1589401429', 'https://shared.fastly.steamstatic.com/store_item_assets/steam/apps/256784635/movie.293x165.jpg?t=1589401429');

INSERT INTO products (id, title, type, description, price, discount, discountStartDate, discountEndDate, releaseDate, rating, isActive, headerImage)
VALUES (37, 'Farming Simulator 25', 'Game', 'Farming Simulator 25 invites you to join the rewarding farm life, single-handedly or cooperatively in multiplayer. This Farm is Your Farm!', 49.99, 0, NULL, NULL, '2024-11-12', 0, TRUE, 'https://shared.fastly.steamstatic.com/store_item_assets/steam/apps/2300320/header.jpg?t=1736333063');

INSERT INTO product_developers (product_id, developer) VALUES
(37, 'Giants Software');

INSERT INTO product_publishers (product_id, publisher) VALUES
(37, 'Giants Software');

INSERT INTO product_platforms (product_id, platform) VALUES
(37, 'Windows');

INSERT INTO product_genres (product_id, genre) VALUES
(37, 'Simulation');

INSERT INTO product_tags (product_id, tag) VALUES
(37, 'Simulation'),
(37, 'Farming Sim'),
(37, 'Realistic'),
(37, 'Immersive Sim'),
(37, '3D'),
(37, 'First-Person'),
(37, 'Time Management'),
(37, 'Economy'),
(37, 'Third Person'),
(37, 'Building'),
(37, 'Multiplayer'),
(37, 'Atmospheric'),
(37, 'Management'),
(37, 'Nature'),
(37, 'Relaxing'),
(37, 'Online Co-Op'),
(37, 'Physics'),
(37, 'Farming'),
(37, 'Singleplayer'),
(37, 'Moddable');

INSERT INTO product_features (product_id, feature) VALUES
(37, 'Single-player'),
(37, 'Online Co-op'),
(37, 'Steam Achievements'),
(37, 'Steam Cloud'),
(37, 'Family Sharing');

INSERT INTO product_system_requirements (product_id, platform, title, minimum, recommended) VALUES (37, 'win', 'OS', 'Windows 10 64bit', 'Windows 10 64bit');

INSERT INTO product_system_requirements (product_id, platform, title, minimum, recommended) VALUES (37, 'win', 'Processor', 'Intel Core i5-6400, AMD Ryzen 5 1400, or better', 'Intel Core i7-10700, AMD Ryzen 7 3800X, or better');

INSERT INTO product_system_requirements (product_id, platform, title, minimum, recommended) VALUES (37, 'win', 'Memory', '8 GB RAM', '12 GB RAM');

INSERT INTO product_system_requirements (product_id, platform, title, minimum, recommended) VALUES (37, 'win', 'Graphics', 'Nvidia GeForce GTX 1050Ti, AMD Radeon RX 470 graphics card or better (min 3GB VRAM, DX12 support)', 'Nvidia GeForce RTX 2070, AMD Radeon RX 5700 XT, Intel Arc A750 graphics card or better (min 8GB VRAM, DX12 support)');

INSERT INTO product_system_requirements (product_id, platform, title, minimum, recommended) VALUES (37, 'win', 'DirectX', 'Version 12', 'Version 12');

INSERT INTO product_system_requirements (product_id, platform, title, minimum, recommended) VALUES (37, 'win', 'Network', 'Broadband Internet connection', 'Broadband Internet connection');

INSERT INTO product_system_requirements (product_id, platform, title, minimum, recommended) VALUES (37, 'win', 'Storage', '45 GB available space', '45 GB available space');

INSERT INTO product_system_requirements (product_id, platform, title, minimum, recommended) VALUES (37, 'win', 'Additional Notes', 'These system requirements can´t cover all possible system configurations so issues could occur that avoid or influence the functionality in some cases.', 'These system requirements can´t cover all possible system configurations so issues could occur that influence the functionality in some cases.');

INSERT INTO product_system_requirements (product_id, platform, title, minimum, recommended) VALUES (37, 'mac', 'OS', 'TbD', 'TbD');

INSERT INTO product_system_requirements (product_id, platform, title, minimum, recommended) VALUES (37, 'mac', 'Processor', 'TbD', 'TbD');

INSERT INTO product_system_requirements (product_id, platform, title, minimum, recommended) VALUES (37, 'mac', 'Memory', '8 GB RAM', '12 GB RAM');

INSERT INTO product_system_requirements (product_id, platform, title, minimum, recommended) VALUES (37, 'mac', 'Graphics', 'TbD', 'TbD');

INSERT INTO product_system_requirements (product_id, platform, title, minimum, recommended) VALUES (37, 'mac', 'DirectX', '', '');

INSERT INTO product_system_requirements (product_id, platform, title, minimum, recommended) VALUES (37, 'mac', 'Network', 'Broadband Internet connection', 'Broadband Internet connection');

INSERT INTO product_system_requirements (product_id, platform, title, minimum, recommended) VALUES (37, 'mac', 'Storage', '45 GB available space', '45 GB available space');

INSERT INTO product_system_requirements (product_id, platform, title, minimum, recommended) VALUES (37, 'mac', 'Additional Notes', 'These system requirements can´t cover all possible system configurations so issues could occur that avoid or influence the functionality in some cases.', 'These system requirements can´t cover all possible system configurations so issues could occur that influence the functionality in some cases.');

INSERT INTO product_screenshots (product_id, screenshot) VALUES
(37, 'https://shared.fastly.steamstatic.com/store_item_assets/steam/apps/2300320/ss_02c19dc812ad26eaa0315d028b962ac0380b826b.1920x1080.jpg?t=1736333063'),
(37, 'https://shared.fastly.steamstatic.com/store_item_assets/steam/apps/2300320/ss_2782b815eccf5a7f15640d2d1b07cafe51dfbaf4.1920x1080.jpg?t=1736333063'),
(37, 'https://shared.fastly.steamstatic.com/store_item_assets/steam/apps/2300320/ss_2e1abd0476a2c8dc282dc57088ab80657718c1a5.1920x1080.jpg?t=1736333063'),
(37, 'https://shared.fastly.steamstatic.com/store_item_assets/steam/apps/2300320/ss_8c29a7263a2ba762c09707647dccf2e822499c7f.1920x1080.jpg?t=1736333063'),
(37, 'https://shared.fastly.steamstatic.com/store_item_assets/steam/apps/2300320/ss_c97f4027c6b9b301b6687eb0606c721173973ca7.1920x1080.jpg?t=1736333063'),
(37, 'https://shared.fastly.steamstatic.com/store_item_assets/steam/apps/2300320/ss_b30e3e73c537a7684177468cddf4f018d843cd8d.1920x1080.jpg?t=1736333063'),
(37, 'https://shared.fastly.steamstatic.com/store_item_assets/steam/apps/2300320/ss_d30776b7f5b8b8d9c8a4918832bc8296383150ba.1920x1080.jpg?t=1736333063'),
(37, 'https://shared.fastly.steamstatic.com/store_item_assets/steam/apps/2300320/ss_eea0afae5ef6eac2a8a55b6c827ae1eabe2ff924.1920x1080.jpg?t=1736333063'),
(37, 'https://shared.fastly.steamstatic.com/store_item_assets/steam/apps/2300320/ss_38c6b485cc0c2c9a4761bd1d3e185caf1699701e.1920x1080.jpg?t=1736333063'),
(37, 'https://shared.fastly.steamstatic.com/store_item_assets/steam/apps/2300320/ss_eac9c009c5d6da10c1ea08627c0856c05e89dc77.1920x1080.jpg?t=1736333063'),
(37, 'https://shared.fastly.steamstatic.com/store_item_assets/steam/apps/2300320/ss_e326a4bc227a03b7df34a839b5750fc3bd838bb0.1920x1080.jpg?t=1736333063'),
(37, 'https://shared.fastly.steamstatic.com/store_item_assets/steam/apps/2300320/ss_5675ac818c25c94d766c8000ae5e525feab1f788.1920x1080.jpg?t=1736333063'),
(37, 'https://shared.fastly.steamstatic.com/store_item_assets/steam/apps/2300320/ss_8cf1a9d7fb15f8ab9d54f15f33587deffb5c2351.1920x1080.jpg?t=1736333063'),
(37, 'https://shared.fastly.steamstatic.com/store_item_assets/steam/apps/2300320/ss_cdb75468bacdb9b954155b64be5d116f9f29553c.1920x1080.jpg?t=1736333063'),
(37, 'https://shared.fastly.steamstatic.com/store_item_assets/steam/apps/2300320/ss_e58b6867efb5761a0eddd42fbe2da569fd0ec8fb.1920x1080.jpg?t=1736333063'),
(37, 'https://shared.fastly.steamstatic.com/store_item_assets/steam/apps/2300320/ss_621ac892f2b559fe63d2cac033b1bd461cc9c667.1920x1080.jpg?t=1736333063'),
(37, 'https://shared.fastly.steamstatic.com/store_item_assets/steam/apps/2300320/ss_96a7e50492b4271770b678a702af96768d543167.1920x1080.jpg?t=1736333063'),
(37, 'https://shared.fastly.steamstatic.com/store_item_assets/steam/apps/2300320/ss_c228a18623a8fce4037136bc7e0b93da35519355.1920x1080.jpg?t=1736333063'),
(37, 'https://shared.fastly.steamstatic.com/store_item_assets/steam/apps/2300320/ss_7d564e339b2f22939529024f1da29cb994d6140b.1920x1080.jpg?t=1736333063'),
(37, 'https://shared.fastly.steamstatic.com/store_item_assets/steam/apps/2300320/ss_421760a9cd1fdd9e4e60c61772ecd644f6fb5bba.1920x1080.jpg?t=1736333063'),
(37, 'https://shared.fastly.steamstatic.com/store_item_assets/steam/apps/2300320/ss_d8fb73014532c13129041dc3038efe16f3347164.1920x1080.jpg?t=1736333063'),
(37, 'https://shared.fastly.steamstatic.com/store_item_assets/steam/apps/2300320/ss_c529c17caf2ddc223bc63c09e9ce8d334de6d8bb.1920x1080.jpg?t=1736333063'),
(37, 'https://shared.fastly.steamstatic.com/store_item_assets/steam/apps/2300320/ss_519816c51c90f750e57dc86ddd69ae701aa8460b.1920x1080.jpg?t=1736333063'),
(37, 'https://shared.fastly.steamstatic.com/store_item_assets/steam/apps/2300320/ss_2903905fe895125e20a092c18964e58de981b81f.1920x1080.jpg?t=1736333063');

INSERT INTO product_videos (product_id, mp4, webm, thumbnail) VALUES
(37, 'https://video.fastly.steamstatic.com/store_trailers/257073020/movie480.mp4?t=1731509683', 'https://video.fastly.steamstatic.com/store_trailers/257073020/movie480_vp9.webm?t=1731509683', 'https://shared.fastly.steamstatic.com/store_item_assets/steam/apps/257073020/47f9a6a9eac3b2af052c02ebb458a37788440df9/movie_600x337.jpg?t=1731509683'),
(37, 'https://video.fastly.steamstatic.com/store_trailers/257067301/movie480.mp4?t=1729598537', 'https://video.fastly.steamstatic.com/store_trailers/257067301/movie480_vp9.webm?t=1729598537', 'https://shared.fastly.steamstatic.com/store_item_assets/steam/apps/257067301/59d7f0822dba8f19f34a355de13be3fff29674fe/movie_600x337.jpg?t=1729598537'),
(37, 'https://video.fastly.steamstatic.com/store_trailers/257074053/movie480.mp4?t=1731668459', 'https://video.fastly.steamstatic.com/store_trailers/257074053/movie480_vp9.webm?t=1731668459', 'https://shared.fastly.steamstatic.com/store_item_assets/steam/apps/257074053/ac9913f9023651e42301bf7256f3af937d1167a3/movie_600x337.jpg?t=1731668459'),
(37, 'https://video.fastly.steamstatic.com/store_trailers/257071954/movie480.mp4?t=1731109910', 'https://video.fastly.steamstatic.com/store_trailers/257071954/movie480_vp9.webm?t=1731109910', 'https://shared.fastly.steamstatic.com/store_item_assets/steam/apps/257071954/d5ef66109774bb2b878bea39eef55b3d5f63500d/movie_600x337.jpg?t=1731109910'),
(37, 'https://video.fastly.steamstatic.com/store_trailers/257031043/movie480.mp4?t=1719317259', 'https://video.fastly.steamstatic.com/store_trailers/257031043/movie480_vp9.webm?t=1719317259', 'https://shared.fastly.steamstatic.com/store_item_assets/steam/apps/257031043/movie.293x165.jpg?t=1719317259');

INSERT INTO products (id, title, type, description, price, discount, discountStartDate, discountEndDate, releaseDate, rating, isActive, headerImage)
VALUES (38, 'ARK: Survival Evolved', 'Game', 'Stranded on the shores of a mysterious island, you must learn to survive. Use your cunning to kill or tame the primeval creatures roaming the land, and encounter other players to survive, dominate... and escape!', 14.99, 0, NULL, NULL, '2017-08-28', 0, TRUE, 'https://shared.fastly.steamstatic.com/store_item_assets/steam/apps/346110/header.jpg?t=1709879597');

INSERT INTO product_developers (product_id, developer) VALUES
(38, 'Studio Wildcard'),
(38, 'Instinct Games'),
(38, 'Efecto Studios'),
(38, 'Virtual Basement LLC');

INSERT INTO product_publishers (product_id, publisher) VALUES
(38, 'Studio Wildcard'),
(38, 'Snail Games USA');

INSERT INTO product_platforms (product_id, platform) VALUES
(38, 'Windows');

INSERT INTO product_genres (product_id, genre) VALUES
(38, 'Action'),
(38, 'Adventure'),
(38, 'Indie'),
(38, 'Massively Multiplayer'),
(38, 'RPG');

INSERT INTO product_tags (product_id, tag) VALUES
(38, 'Open World Survival Craft'),
(38, 'Survival'),
(38, 'Multiplayer'),
(38, 'Open World'),
(38, 'Dinosaurs'),
(38, 'Crafting'),
(38, 'Building'),
(38, 'Adventure'),
(38, 'Base Building'),
(38, 'Co-op'),
(38, 'Action'),
(38, 'First-Person'),
(38, 'Sandbox'),
(38, 'Massively Multiplayer'),
(38, 'Singleplayer'),
(38, 'Early Access'),
(38, 'RPG'),
(38, 'Dragons'),
(38, 'Sci-fi'),
(38, 'Indie');

INSERT INTO product_features (product_id, feature) VALUES
(38, 'Single-player'),
(38, 'MMO'),
(38, 'Steam Achievements'),
(38, 'Steam Workshop'),
(38, 'Steam Cloud'),
(38, 'Includes level editor'),
(38, 'Remote Play on Tablet'),
(38, 'Family Sharing');

INSERT INTO product_system_requirements (product_id, platform, title, minimum, recommended) VALUES (38, 'win', 'OS', '', '');

INSERT INTO product_system_requirements (product_id, platform, title, minimum, recommended) VALUES (38, 'win', 'Processor', '', '');

INSERT INTO product_system_requirements (product_id, platform, title, minimum, recommended) VALUES (38, 'win', 'Memory', '', '');

INSERT INTO product_system_requirements (product_id, platform, title, minimum, recommended) VALUES (38, 'win', 'Graphics', '', '');

INSERT INTO product_system_requirements (product_id, platform, title, minimum, recommended) VALUES (38, 'win', 'DirectX', '', '');

INSERT INTO product_system_requirements (product_id, platform, title, minimum, recommended) VALUES (38, 'win', 'Network', '', '');

INSERT INTO product_system_requirements (product_id, platform, title, minimum, recommended) VALUES (38, 'win', 'Storage', '', '');

INSERT INTO product_system_requirements (product_id, platform, title, minimum, recommended) VALUES (38, 'win', 'Additional Notes', '', '');

INSERT INTO product_system_requirements (product_id, platform, title, minimum, recommended) VALUES (38, 'mac', 'OS', '', '');

INSERT INTO product_system_requirements (product_id, platform, title, minimum, recommended) VALUES (38, 'mac', 'Processor', '', '');

INSERT INTO product_system_requirements (product_id, platform, title, minimum, recommended) VALUES (38, 'mac', 'Memory', '', '');

INSERT INTO product_system_requirements (product_id, platform, title, minimum, recommended) VALUES (38, 'mac', 'Graphics', '', '');

INSERT INTO product_system_requirements (product_id, platform, title, minimum, recommended) VALUES (38, 'mac', 'DirectX', '', '');

INSERT INTO product_system_requirements (product_id, platform, title, minimum, recommended) VALUES (38, 'mac', 'Network', '', '');

INSERT INTO product_system_requirements (product_id, platform, title, minimum, recommended) VALUES (38, 'mac', 'Storage', '', '');

INSERT INTO product_system_requirements (product_id, platform, title, minimum, recommended) VALUES (38, 'mac', 'Additional Notes', '', '');

INSERT INTO product_screenshots (product_id, screenshot) VALUES
(38, 'https://shared.fastly.steamstatic.com/store_item_assets/steam/apps/346110/ss_2fd997a2f7151cb2187043a1f41589cc6a9ebf3a.1920x1080.jpg?t=1709879597'),
(38, 'https://shared.fastly.steamstatic.com/store_item_assets/steam/apps/346110/ss_01cbef83fe28d64ee5a3d39a86043fb1e49abd31.1920x1080.jpg?t=1709879597'),
(38, 'https://shared.fastly.steamstatic.com/store_item_assets/steam/apps/346110/ss_164a92a53f9bcbb728b391fc0719f9769c2e1249.1920x1080.jpg?t=1709879597'),
(38, 'https://shared.fastly.steamstatic.com/store_item_assets/steam/apps/346110/ss_46778c08a1a5ac5bdbaf8a5bf844fa666f66a14b.1920x1080.jpg?t=1709879597'),
(38, 'https://shared.fastly.steamstatic.com/store_item_assets/steam/apps/346110/ss_ffe9f0e2e23892f3bb6188e5a3eed0f60a08baf4.1920x1080.jpg?t=1709879597'),
(38, 'https://shared.fastly.steamstatic.com/store_item_assets/steam/apps/346110/ss_cada382a940c062a1a5244db8da1326de55ddeae.1920x1080.jpg?t=1709879597'),
(38, 'https://shared.fastly.steamstatic.com/store_item_assets/steam/apps/346110/ss_1a7f5508e5384a759ccc83fa484db04513213698.1920x1080.jpg?t=1709879597'),
(38, 'https://shared.fastly.steamstatic.com/store_item_assets/steam/apps/346110/ss_ffd48da603fa700d10738ae4ee44ce2b9113cb64.1920x1080.jpg?t=1709879597'),
(38, 'https://shared.fastly.steamstatic.com/store_item_assets/steam/apps/346110/ss_7f9c3429b86d65cd63beed4597a23148d7cadf08.1920x1080.jpg?t=1709879597'),
(38, 'https://shared.fastly.steamstatic.com/store_item_assets/steam/apps/346110/ss_fb806797fb216cad733dc70a3fc732134442b1e6.1920x1080.jpg?t=1709879597'),
(38, 'https://shared.fastly.steamstatic.com/store_item_assets/steam/apps/346110/ss_f72af9a68df60b7299b13f07b8165c71b8eac2aa.1920x1080.jpg?t=1709879597'),
(38, 'https://shared.fastly.steamstatic.com/store_item_assets/steam/apps/346110/ss_1e494e45758b4dd3323b1c359047aaaa5be101d5.1920x1080.jpg?t=1709879597'),
(38, 'https://shared.fastly.steamstatic.com/store_item_assets/steam/apps/346110/ss_5d60317fff984fcd8d8a7bee9c51f8e0729f7e8f.1920x1080.jpg?t=1709879597'),
(38, 'https://shared.fastly.steamstatic.com/store_item_assets/steam/apps/346110/ss_3dc2a30d50dc7f90a063dfdf522d33365531ee45.1920x1080.jpg?t=1709879597'),
(38, 'https://shared.fastly.steamstatic.com/store_item_assets/steam/apps/346110/ss_b6e12f80b762779d72429b81f09cc1bff3a04502.1920x1080.jpg?t=1709879597'),
(38, 'https://shared.fastly.steamstatic.com/store_item_assets/steam/apps/346110/ss_5cd31fadb3bf000f48dd7d15dfcdaabe3adfa143.1920x1080.jpg?t=1709879597'),
(38, 'https://shared.fastly.steamstatic.com/store_item_assets/steam/apps/346110/ss_d2167e4dfbaba128a1ff913fbe6dd17a1e500afb.1920x1080.jpg?t=1709879597'),
(38, 'https://shared.fastly.steamstatic.com/store_item_assets/steam/apps/346110/ss_99814e21d5079b9f614833666fa5f083e836ae97.1920x1080.jpg?t=1709879597'),
(38, 'https://shared.fastly.steamstatic.com/store_item_assets/steam/apps/346110/ss_120e315aa92fbbdd2f41b755308f9c3294aac4f8.1920x1080.jpg?t=1709879597'),
(38, 'https://shared.fastly.steamstatic.com/store_item_assets/steam/apps/346110/ss_20d4167db64362df71a16b7f29fa299439374e26.1920x1080.jpg?t=1709879597'),
(38, 'https://shared.fastly.steamstatic.com/store_item_assets/steam/apps/346110/ss_a73ab1d7971328d6bbb007714e7955fc80ac0e9a.1920x1080.jpg?t=1709879597'),
(38, 'https://shared.fastly.steamstatic.com/store_item_assets/steam/apps/346110/ss_98b29ddcd624ac63b868c13167c9d0e1f4d1d811.1920x1080.jpg?t=1709879597'),
(38, 'https://shared.fastly.steamstatic.com/store_item_assets/steam/apps/346110/ss_a1c33e4e5d26a6cfb475f062fdbcee6c57fb0352.1920x1080.jpg?t=1709879597');

INSERT INTO product_videos (product_id, mp4, webm, thumbnail) VALUES
(38, 'https://video.fastly.steamstatic.com/store_trailers/256836250/movie480.mp4?t=1622089232', 'https://video.fastly.steamstatic.com/store_trailers/256836250/movie480_vp9.webm?t=1622089232', 'https://shared.fastly.steamstatic.com/store_item_assets/steam/apps/256836250/movie.293x165.jpg?t=1622089232'),
(38, 'https://video.fastly.steamstatic.com/store_trailers/256693939/movie480.mp4?t=1508277163', 'https://video.fastly.steamstatic.com/store_trailers/256693939/movie480.webm?t=1508277163', 'https://shared.fastly.steamstatic.com/store_item_assets/steam/apps/256693939/movie.293x165.jpg?t=1508277163'),
(38, 'https://video.fastly.steamstatic.com/store_trailers/256744539/movie480.mp4?t=1551899542', 'https://video.fastly.steamstatic.com/store_trailers/256744539/movie480.webm?t=1551899542', 'https://shared.fastly.steamstatic.com/store_item_assets/steam/apps/256744539/movie.293x165.jpg?t=1551899542'),
(38, 'https://video.fastly.steamstatic.com/store_trailers/256655397/movie480.mp4?t=1503989702', 'https://video.fastly.steamstatic.com/store_trailers/256655397/movie480.webm?t=1503989702', 'https://shared.fastly.steamstatic.com/store_item_assets/steam/apps/256655397/movie.293x165.jpg?t=1503989702'),
(38, 'https://video.fastly.steamstatic.com/store_trailers/256666035/movie480.mp4?t=1503989709', 'https://video.fastly.steamstatic.com/store_trailers/256666035/movie480.webm?t=1503989709', 'https://shared.fastly.steamstatic.com/store_item_assets/steam/apps/256666035/movie.293x165.jpg?t=1503989709'),
(38, 'https://video.fastly.steamstatic.com/store_trailers/256656850/movie480.mp4?t=1503989720', 'https://video.fastly.steamstatic.com/store_trailers/256656850/movie480.webm?t=1503989720', 'https://shared.fastly.steamstatic.com/store_item_assets/steam/apps/256656850/movie.293x165.jpg?t=1503989720'),
(38, 'https://video.fastly.steamstatic.com/store_trailers/2039177/movie480.mp4?t=1503989726', 'https://video.fastly.steamstatic.com/store_trailers/2039177/movie480.webm?t=1503989726', 'https://shared.fastly.steamstatic.com/store_item_assets/steam/apps/2039177/movie.293x165.jpg?t=1503989726');

INSERT INTO products (id, title, type, description, price, discount, discountStartDate, discountEndDate, releaseDate, rating, isActive, headerImage)
VALUES (39, 'The Binding of Isaac: Rebirth', 'Game', 'The Binding of Isaac: Rebirth is a randomly generated action RPG shooter with heavy Rogue-like elements. Following Isaac on his journey players will find bizarre treasures that change Isaac’s form giving him super human abilities and enabling him to fight off droves of mysterious creatures, discover secrets and fight his way to safety.', 14.99, 0, NULL, NULL, '2014-11-05', 0, TRUE, 'https://shared.fastly.steamstatic.com/store_item_assets/steam/apps/250900/header.jpg?t=1731977365');

INSERT INTO product_developers (product_id, developer) VALUES
(39, 'Nicalis, Inc.'),
(39, 'Edmund McMillen');

INSERT INTO product_publishers (product_id, publisher) VALUES
(39, 'Nicalis, Inc.');

INSERT INTO product_platforms (product_id, platform) VALUES
(39, 'Windows');

INSERT INTO product_genres (product_id, genre) VALUES
(39, 'Action');

INSERT INTO product_tags (product_id, tag) VALUES
(39, 'Action Roguelike'),
(39, 'Roguelike'),
(39, 'Indie'),
(39, 'Replay Value'),
(39, 'Difficult'),
(39, 'Pixel Graphics'),
(39, 'Dungeon Crawler'),
(39, 'Great Soundtrack'),
(39, 'Singleplayer'),
(39, 'Dark'),
(39, '2D'),
(39, 'Local Co-Op'),
(39, 'Remake'),
(39, 'Gore'),
(39, 'Procedural Generation'),
(39, 'Roguelite'),
(39, 'Atmospheric'),
(39, 'Co-op'),
(39, 'Action'),
(39, 'Horror');

INSERT INTO product_features (product_id, feature) VALUES
(39, 'Single-player'),
(39, 'Steam Achievements'),
(39, 'Steam Trading Cards'),
(39, 'Steam Cloud'),
(39, 'Remote Play on TV'),
(39, 'Remote Play Together'),
(39, 'Family Sharing');

INSERT INTO product_system_requirements (product_id, platform, title, minimum, recommended) VALUES (39, 'win', 'OS', 'XP', '');

INSERT INTO product_system_requirements (product_id, platform, title, minimum, recommended) VALUES (39, 'win', 'Processor', 'Core 2 Duo', '2.4 GHz Quad Core 2.0 (or higher)');

INSERT INTO product_system_requirements (product_id, platform, title, minimum, recommended) VALUES (39, 'win', 'Memory', '2 GB RAM', '8 GB RAM');

INSERT INTO product_system_requirements (product_id, platform, title, minimum, recommended) VALUES (39, 'win', 'Graphics', 'Discreet video card', 'Intel HD Graphics 4000 and higher, ATI Radeon HD-Series 4650 and higher, Nvidia GeForce 2xx-Series and up');

INSERT INTO product_system_requirements (product_id, platform, title, minimum, recommended) VALUES (39, 'win', 'DirectX', '', '');

INSERT INTO product_system_requirements (product_id, platform, title, minimum, recommended) VALUES (39, 'win', 'Network', '', '');

INSERT INTO product_system_requirements (product_id, platform, title, minimum, recommended) VALUES (39, 'win', 'Storage', '449 MB available space', '449 MB available space');

INSERT INTO product_system_requirements (product_id, platform, title, minimum, recommended) VALUES (39, 'win', 'Additional Notes', '', '');

INSERT INTO product_system_requirements (product_id, platform, title, minimum, recommended) VALUES (39, 'mac', 'OS', '10.8', '10.9');

INSERT INTO product_system_requirements (product_id, platform, title, minimum, recommended) VALUES (39, 'mac', 'Processor', 'Core 2 Duo', '2.4 GHz Dual Core 2.0 (or higher)');

INSERT INTO product_system_requirements (product_id, platform, title, minimum, recommended) VALUES (39, 'mac', 'Memory', '2 GB RAM', '8 GB RAM');

INSERT INTO product_system_requirements (product_id, platform, title, minimum, recommended) VALUES (39, 'mac', 'Graphics', 'Discreet video card', 'Intel HD Graphics 4000 and higher, ATI Radeon HD-Series 4650 and higher, Nvidia GeForce 2xx-Series and up.');

INSERT INTO product_system_requirements (product_id, platform, title, minimum, recommended) VALUES (39, 'mac', 'DirectX', '', '');

INSERT INTO product_system_requirements (product_id, platform, title, minimum, recommended) VALUES (39, 'mac', 'Network', '', '');

INSERT INTO product_system_requirements (product_id, platform, title, minimum, recommended) VALUES (39, 'mac', 'Storage', '449 MB available space', '449 MB available space');

INSERT INTO product_system_requirements (product_id, platform, title, minimum, recommended) VALUES (39, 'mac', 'Additional Notes', '', '');

INSERT INTO product_system_requirements (product_id, platform, title, minimum, recommended) VALUES (39, 'linux', 'OS', '', '');

INSERT INTO product_system_requirements (product_id, platform, title, minimum, recommended) VALUES (39, 'linux', 'Processor', 'Core 2 Duo', '2.4 GHz Dual Core 2.0 (or higher)');

INSERT INTO product_system_requirements (product_id, platform, title, minimum, recommended) VALUES (39, 'linux', 'Memory', '2 GB RAM', '8 GB RAM');

INSERT INTO product_system_requirements (product_id, platform, title, minimum, recommended) VALUES (39, 'linux', 'Graphics', 'Discreet video card', 'Discreet video card');

INSERT INTO product_system_requirements (product_id, platform, title, minimum, recommended) VALUES (39, 'linux', 'DirectX', '', '');

INSERT INTO product_system_requirements (product_id, platform, title, minimum, recommended) VALUES (39, 'linux', 'Network', '', '');

INSERT INTO product_system_requirements (product_id, platform, title, minimum, recommended) VALUES (39, 'linux', 'Storage', '449 MB available space', '449 MB available space');

INSERT INTO product_system_requirements (product_id, platform, title, minimum, recommended) VALUES (39, 'linux', 'Additional Notes', '', '');

INSERT INTO product_screenshots (product_id, screenshot) VALUES
(39, 'https://shared.fastly.steamstatic.com/store_item_assets/steam/apps/250900/ss_25a4a446a433218d41a7e87e35b60c297e68e7a4.1920x1080.jpg?t=1731977365'),
(39, 'https://shared.fastly.steamstatic.com/store_item_assets/steam/apps/250900/ss_19ef624e8d97136ba6f928d389b85f7b8130c37a.1920x1080.jpg?t=1731977365'),
(39, 'https://shared.fastly.steamstatic.com/store_item_assets/steam/apps/250900/ss_9fa4199fa93cb8b1edd8780fa6ce9e80d2bfb503.1920x1080.jpg?t=1731977365'),
(39, 'https://shared.fastly.steamstatic.com/store_item_assets/steam/apps/250900/ss_008a76bd0ab314c8140dd1a7ec61090c122d1779.1920x1080.jpg?t=1731977365'),
(39, 'https://shared.fastly.steamstatic.com/store_item_assets/steam/apps/250900/ss_b146a76ac5348e1cf958c3d01834e13b33c4e561.1920x1080.jpg?t=1731977365'),
(39, 'https://shared.fastly.steamstatic.com/store_item_assets/steam/apps/250900/ss_89aa019b678e96fd13367a5fda6145ed0bc79fce.1920x1080.jpg?t=1731977365'),
(39, 'https://shared.fastly.steamstatic.com/store_item_assets/steam/apps/250900/ss_8961974abd6a3791efd74fbb6e57b4935e494500.1920x1080.jpg?t=1731977365'),
(39, 'https://shared.fastly.steamstatic.com/store_item_assets/steam/apps/250900/ss_b6d9427fc6c63f0fe12922ea60609344af241631.1920x1080.jpg?t=1731977365'),
(39, 'https://shared.fastly.steamstatic.com/store_item_assets/steam/apps/250900/ss_9fef3dccfe82981d03fedb7ae1f16f748d61cf76.1920x1080.jpg?t=1731977365'),
(39, 'https://shared.fastly.steamstatic.com/store_item_assets/steam/apps/250900/ss_18388222cc55311d39fa5221effd6ea620845010.1920x1080.jpg?t=1731977365'),
(39, 'https://shared.fastly.steamstatic.com/store_item_assets/steam/apps/250900/ss_887db2a8b10b9e184367d3f8409b40b6f00e77ce.1920x1080.jpg?t=1731977365'),
(39, 'https://shared.fastly.steamstatic.com/store_item_assets/steam/apps/250900/ss_ffac64b3c52a148ed6100c8b0ab87d011274991c.1920x1080.jpg?t=1731977365');

INSERT INTO product_videos (product_id, mp4, webm, thumbnail) VALUES
(39, 'https://video.fastly.steamstatic.com/store_trailers/2034156/movie480.mp4?t=1447363402', 'https://video.fastly.steamstatic.com/store_trailers/2034156/movie480.webm?t=1447363402', 'https://shared.fastly.steamstatic.com/store_item_assets/steam/apps/2034156/movie.293x165.jpg?t=1447363402');

INSERT INTO products (id, title, type, description, price, discount, discountStartDate, discountEndDate, releaseDate, rating, isActive, headerImage)
VALUES (40, 'Mount & Blade II: Bannerlord', 'Game', 'A strategy/action RPG. Create a character, engage in diplomacy, craft, trade and conquer new lands in a vast medieval sandbox. Raise armies to lead into battle and command and fight alongside your troops in massive real-time battles using a deep but intuitive skill-based combat system.', 49.99, 0, NULL, NULL, '2022-10-25', 0, TRUE, 'https://shared.fastly.steamstatic.com/store_item_assets/steam/apps/261550/header.jpg?t=1728556827');

INSERT INTO product_developers (product_id, developer) VALUES
(40, 'TaleWorlds Entertainment');

INSERT INTO product_publishers (product_id, publisher) VALUES
(40, 'TaleWorlds Entertainment');

INSERT INTO product_platforms (product_id, platform) VALUES
(40, 'Windows');

INSERT INTO product_genres (product_id, genre) VALUES
(40, 'Action'),
(40, 'Indie'),
(40, 'RPG'),
(40, 'Simulation'),
(40, 'Strategy');

INSERT INTO product_tags (product_id, tag) VALUES
(40, 'Medieval'),
(40, 'Strategy'),
(40, 'Open World'),
(40, 'RPG'),
(40, 'War'),
(40, 'Sandbox'),
(40, 'Multiplayer'),
(40, 'Singleplayer'),
(40, 'Action'),
(40, 'Character Customization'),
(40, 'Simulation'),
(40, 'Moddable'),
(40, 'Adventure'),
(40, 'Horses'),
(40, 'Realistic'),
(40, 'Third Person'),
(40, 'Historical'),
(40, 'First-Person'),
(40, 'Great Soundtrack'),
(40, 'Early Access');

INSERT INTO product_features (product_id, feature) VALUES
(40, 'Single-player'),
(40, 'Online PvP'),
(40, 'Steam Achievements'),
(40, 'Steam Trading Cards'),
(40, 'Steam Workshop'),
(40, 'Steam Cloud'),
(40, 'Includes level editor'),
(40, 'Remote Play on Tablet'),
(40, 'Family Sharing');

INSERT INTO product_system_requirements (product_id, platform, title, minimum, recommended) VALUES (40, 'win', 'OS', '', 'Windows 10 (64-bit only)');

INSERT INTO product_system_requirements (product_id, platform, title, minimum, recommended) VALUES (40, 'win', 'Processor', 'Intel® Core™ i3-8100 / AMD Ryzen™ 3 1200', 'Intel® Core™ i5-9600K / AMD Ryzen™ 5 3600X');

INSERT INTO product_system_requirements (product_id, platform, title, minimum, recommended) VALUES (40, 'win', 'Memory', '6 GB RAM', '8 GB RAM');

INSERT INTO product_system_requirements (product_id, platform, title, minimum, recommended) VALUES (40, 'win', 'Graphics', 'Intel® UHD Graphics 630 / NVIDIA® GeForce® GTX 660 2GB / AMD Radeon™ HD 7850 2GB', 'NVIDIA® GeForce® GTX 1060 3GB / AMD Radeon™ RX 580');

INSERT INTO product_system_requirements (product_id, platform, title, minimum, recommended) VALUES (40, 'win', 'DirectX', '', '');

INSERT INTO product_system_requirements (product_id, platform, title, minimum, recommended) VALUES (40, 'win', 'Network', '', '');

INSERT INTO product_system_requirements (product_id, platform, title, minimum, recommended) VALUES (40, 'win', 'Storage', '60 GB available space', '60 GB available space');

INSERT INTO product_system_requirements (product_id, platform, title, minimum, recommended) VALUES (40, 'win', 'Additional Notes', 'Integrated GPUs require additional 2GB of system RAM.', '');

INSERT INTO product_screenshots (product_id, screenshot) VALUES
(40, 'https://shared.fastly.steamstatic.com/store_item_assets/steam/apps/261550/ss_569257e92fd31d58a6fe08053de637071b4518d3.1920x1080.jpg?t=1728556827'),
(40, 'https://shared.fastly.steamstatic.com/store_item_assets/steam/apps/261550/ss_9682cf43bf605e9c655c1dbb4b23d1aac73165dc.1920x1080.jpg?t=1728556827'),
(40, 'https://shared.fastly.steamstatic.com/store_item_assets/steam/apps/261550/ss_4c9270723717c633c9ec16fa394dab82a071f41c.1920x1080.jpg?t=1728556827'),
(40, 'https://shared.fastly.steamstatic.com/store_item_assets/steam/apps/261550/ss_1ab88f5c0198a16f75db23af8477811c0996b864.1920x1080.jpg?t=1728556827'),
(40, 'https://shared.fastly.steamstatic.com/store_item_assets/steam/apps/261550/ss_7858b1826060b9344b35569e027f6441f146e6aa.1920x1080.jpg?t=1728556827'),
(40, 'https://shared.fastly.steamstatic.com/store_item_assets/steam/apps/261550/ss_69922060ef35debd2a1f00060c81c66e4b9bd5a8.1920x1080.jpg?t=1728556827'),
(40, 'https://shared.fastly.steamstatic.com/store_item_assets/steam/apps/261550/ss_eda4ec26be60bf8a1787db9b37e609e41e42ec21.1920x1080.jpg?t=1728556827'),
(40, 'https://shared.fastly.steamstatic.com/store_item_assets/steam/apps/261550/ss_2885840eb2e4a2b4a00acb8a8a40baac41b33cfd.1920x1080.jpg?t=1728556827'),
(40, 'https://shared.fastly.steamstatic.com/store_item_assets/steam/apps/261550/ss_9b312093ce3b848156495e39b1e69aa6047f0fda.1920x1080.jpg?t=1728556827'),
(40, 'https://shared.fastly.steamstatic.com/store_item_assets/steam/apps/261550/ss_7491c162be633613ff96f34174aff638883de507.1920x1080.jpg?t=1728556827');

INSERT INTO product_videos (product_id, mp4, webm, thumbnail) VALUES
(40, 'https://video.fastly.steamstatic.com/store_trailers/256910718/movie480.mp4?t=1666681395', 'https://video.fastly.steamstatic.com/store_trailers/256910718/movie480_vp9.webm?t=1666681395', 'https://shared.fastly.steamstatic.com/store_item_assets/steam/apps/256910718/movie.293x165.jpg?t=1666681395'),
(40, 'https://video.fastly.steamstatic.com/store_trailers/256779591/movie480.mp4?t=1585560419', 'https://video.fastly.steamstatic.com/store_trailers/256779591/movie480.webm?t=1585560419', 'https://shared.fastly.steamstatic.com/store_item_assets/steam/apps/256779591/movie.293x165.jpg?t=1585560419'),
(40, 'https://video.fastly.steamstatic.com/store_trailers/256775637/movie480.mp4?t=1582137057', 'https://video.fastly.steamstatic.com/store_trailers/256775637/movie480.webm?t=1582137057', 'https://shared.fastly.steamstatic.com/store_item_assets/steam/apps/256775637/movie.293x165.jpg?t=1582137057'),
(40, 'https://video.fastly.steamstatic.com/store_trailers/256775636/movie480.mp4?t=1582137063', 'https://video.fastly.steamstatic.com/store_trailers/256775636/movie480.webm?t=1582137063', 'https://shared.fastly.steamstatic.com/store_item_assets/steam/apps/256775636/movie.293x165.jpg?t=1582137063'),
(40, 'https://video.fastly.steamstatic.com/store_trailers/256671098/movie480.mp4?t=1476892937', 'https://video.fastly.steamstatic.com/store_trailers/256671098/movie480.webm?t=1476892937', 'https://shared.fastly.steamstatic.com/store_item_assets/steam/apps/256671098/movie.293x165.jpg?t=1476892937'),
(40, 'https://video.fastly.steamstatic.com/store_trailers/256671404/movie480.mp4?t=1476892950', 'https://video.fastly.steamstatic.com/store_trailers/256671404/movie480.webm?t=1476892950', 'https://shared.fastly.steamstatic.com/store_item_assets/steam/apps/256671404/movie.293x165.jpg?t=1476892950');

INSERT INTO products (id, title, type, description, price, discount, discountStartDate, discountEndDate, releaseDate, rating, isActive, headerImage)
VALUES (41, 'Once Human', 'Game', 'Once Human is a multiplayer open-world survival game set in a strange, post-apocalyptic future. Unite with friends to fight monstrous enemies, uncover secret plots, compete for resources, and build your own territory. Once, you were merely human. Now, you have the power to remake the world.', 0, 0, NULL, NULL, '2024-07-10', 0, TRUE, 'https://shared.fastly.steamstatic.com/store_item_assets/steam/apps/2139460/header.jpg?t=1735610585');

INSERT INTO product_developers (product_id, developer) VALUES
(41, 'Starry Studio');

INSERT INTO product_publishers (product_id, publisher) VALUES
(41, 'Starry Studio');

INSERT INTO product_platforms (product_id, platform) VALUES
(41, 'Windows');

INSERT INTO product_genres (product_id, genre) VALUES
(41, 'Action'),
(41, 'Adventure'),
(41, 'RPG'),
(41, 'Simulation'),
(41, 'Strategy'),
(41, 'Free To Play');

INSERT INTO product_tags (product_id, tag) VALUES
(41, 'Multiplayer'),
(41, 'Open World Survival Craft'),
(41, 'Survival'),
(41, 'Strategy'),
(41, 'Open World'),
(41, 'Horror'),
(41, 'Co-op'),
(41, 'Free to Play'),
(41, 'Simulation'),
(41, 'Shooter'),
(41, 'Base Building'),
(41, 'Post-apocalyptic'),
(41, 'Action'),
(41, 'Adventure'),
(41, 'Online Co-Op'),
(41, 'Strategy RPG'),
(41, 'MMORPG'),
(41, '3D'),
(41, 'Singleplayer'),
(41, 'RPG');

INSERT INTO product_features (product_id, feature) VALUES
(41, 'MMO'),
(41, 'Online PvP'),
(41, 'Online Co-op'),
(41, 'Steam Trading Cards'),
(41, 'In-App Purchases');

INSERT INTO product_system_requirements (product_id, platform, title, minimum, recommended) VALUES (41, 'win', 'OS', 'Windows 10 64-bit Operating System', 'Windows 10 64-bit Operating System');

INSERT INTO product_system_requirements (product_id, platform, title, minimum, recommended) VALUES (41, 'win', 'Processor', 'Intel Core i5-4460', 'Intel Core i7-7700');

INSERT INTO product_system_requirements (product_id, platform, title, minimum, recommended) VALUES (41, 'win', 'Memory', '8 GB RAM', '16 GB RAM');

INSERT INTO product_system_requirements (product_id, platform, title, minimum, recommended) VALUES (41, 'win', 'Graphics', 'Nvidia GTX 750ti 4G / AMD Radeon RX550', 'Nvidia GTX 1060 6G / AMD Radeon RX 580 2304SP / Intel ARC A380');

INSERT INTO product_system_requirements (product_id, platform, title, minimum, recommended) VALUES (41, 'win', 'DirectX', 'Version 11', 'Version 12');

INSERT INTO product_system_requirements (product_id, platform, title, minimum, recommended) VALUES (41, 'win', 'Network', 'Broadband Internet connection', 'Broadband Internet connection');

INSERT INTO product_system_requirements (product_id, platform, title, minimum, recommended) VALUES (41, 'win', 'Storage', '80 GB available space', '80 GB available space');

INSERT INTO product_system_requirements (product_id, platform, title, minimum, recommended) VALUES (41, 'win', 'Additional Notes', 'SSD is highly recommended', 'SSD is highly recommended');

INSERT INTO product_screenshots (product_id, screenshot) VALUES
(41, 'https://shared.fastly.steamstatic.com/store_item_assets/steam/apps/2139460/ss_bab7e8dff3944d83d08310b47b8facb64a7abca9.1920x1080.jpg?t=1735610585'),
(41, 'https://shared.fastly.steamstatic.com/store_item_assets/steam/apps/2139460/ss_1ae7debe7f68a4cdde727d984d9e724f65767d66.1920x1080.jpg?t=1735610585'),
(41, 'https://shared.fastly.steamstatic.com/store_item_assets/steam/apps/2139460/ss_2d7faf83b6942dcf69a4035f71ce4f1662826bc6.1920x1080.jpg?t=1735610585'),
(41, 'https://shared.fastly.steamstatic.com/store_item_assets/steam/apps/2139460/ss_ea57d1446c92dbbfc273d7c69c01994562793061.1920x1080.jpg?t=1735610585'),
(41, 'https://shared.fastly.steamstatic.com/store_item_assets/steam/apps/2139460/ss_63e6bef4f24438fc84ac9385ca340d307d1c8bcc.1920x1080.jpg?t=1735610585'),
(41, 'https://shared.fastly.steamstatic.com/store_item_assets/steam/apps/2139460/ss_626ba55e262fe857b8f0d2810603d2268e2df003.1920x1080.jpg?t=1735610585'),
(41, 'https://shared.fastly.steamstatic.com/store_item_assets/steam/apps/2139460/ss_ea488d150e5ce0ab51a33ec27787db1befeb7610.1920x1080.jpg?t=1735610585'),
(41, 'https://shared.fastly.steamstatic.com/store_item_assets/steam/apps/2139460/ss_001526dade6e9f28c6711932250e3734c45bea01.1920x1080.jpg?t=1735610585'),
(41, 'https://shared.fastly.steamstatic.com/store_item_assets/steam/apps/2139460/ss_c22678575e3790f85d1ee047022bfef5c3555056.1920x1080.jpg?t=1735610585'),
(41, 'https://shared.fastly.steamstatic.com/store_item_assets/steam/apps/2139460/ss_78c7278d10652c5369891393782d84b6934176c5.1920x1080.jpg?t=1735610585'),
(41, 'https://shared.fastly.steamstatic.com/store_item_assets/steam/apps/2139460/ss_ce690aa878d1d6bb8ccb0840b45d86fcb7508ee5.1920x1080.jpg?t=1735610585');

INSERT INTO product_videos (product_id, mp4, webm, thumbnail) VALUES
(41, 'https://video.fastly.steamstatic.com/store_trailers/256998828/movie480.mp4?t=1707101835', 'https://video.fastly.steamstatic.com/store_trailers/256998828/movie480_vp9.webm?t=1707101835', 'https://shared.fastly.steamstatic.com/store_item_assets/steam/apps/256998828/movie.293x165.jpg?t=1707101835'),
(41, 'https://video.fastly.steamstatic.com/store_trailers/257066046/movie480.mp4?t=1729138826', 'https://video.fastly.steamstatic.com/store_trailers/257066046/movie480_vp9.webm?t=1729138826', 'https://shared.fastly.steamstatic.com/store_item_assets/steam/apps/257066046/9b20c1385d78acfa6b7e6ea26da2d18de29baff8/movie_600x337.jpg?t=1729138826'),
(41, 'https://video.fastly.steamstatic.com/store_trailers/257066994/movie480.mp4?t=1729492495', 'https://video.fastly.steamstatic.com/store_trailers/257066994/movie480_vp9.webm?t=1729492495', 'https://shared.fastly.steamstatic.com/store_item_assets/steam/apps/257066994/34cfdecf10b9e45bdc1455918f024c9e63e7d37f/movie_600x337.jpg?t=1729492495');

INSERT INTO products (id, title, type, description, price, discount, discountStartDate, discountEndDate, releaseDate, rating, isActive, headerImage)
VALUES (42, 'Terraria', 'Game', 'Dig, fight, explore, build! Nothing is impossible in this action-packed adventure game. Four Pack also available!', 9.99, 0, NULL, NULL, '2011-05-17', 0, TRUE, 'https://shared.fastly.steamstatic.com/store_item_assets/steam/apps/105600/header.jpg?t=1731252354');

INSERT INTO product_developers (product_id, developer) VALUES
(42, 'Re-Logic');

INSERT INTO product_publishers (product_id, publisher) VALUES
(42, 'Re-Logic');

INSERT INTO product_platforms (product_id, platform) VALUES
(42, 'Windows');

INSERT INTO product_genres (product_id, genre) VALUES
(42, 'Action'),
(42, 'Adventure'),
(42, 'Indie'),
(42, 'RPG');

INSERT INTO product_tags (product_id, tag) VALUES
(42, 'Open World Survival Craft'),
(42, 'Sandbox'),
(42, 'Survival'),
(42, '2D'),
(42, 'Multiplayer'),
(42, 'Adventure'),
(42, 'Pixel Graphics'),
(42, 'Crafting'),
(42, 'Building'),
(42, 'Exploration'),
(42, 'Co-op'),
(42, 'Open World'),
(42, 'Online Co-Op'),
(42, 'Indie'),
(42, 'Action'),
(42, 'RPG'),
(42, 'Singleplayer'),
(42, 'Replay Value'),
(42, 'Platformer'),
(42, 'Atmospheric');

INSERT INTO product_features (product_id, feature) VALUES
(42, 'Single-player'),
(42, 'Online PvP'),
(42, 'Online Co-op'),
(42, 'Steam Achievements'),
(42, 'Steam Trading Cards'),
(42, 'Steam Cloud'),
(42, 'Remote Play on Phone'),
(42, 'Remote Play on Tablet'),
(42, 'Remote Play on TV'),
(42, 'Family Sharing');

INSERT INTO product_system_requirements (product_id, platform, title, minimum, recommended) VALUES (42, 'win', 'OS', 'Windows Xp, Vista, 7, 8/8.1, 10', 'Windows 7, 8/8.1, 10');

INSERT INTO product_system_requirements (product_id, platform, title, minimum, recommended) VALUES (42, 'win', 'Processor', '2.0 Ghz', 'Dual Core 3.0 Ghz');

INSERT INTO product_system_requirements (product_id, platform, title, minimum, recommended) VALUES (42, 'win', 'Memory', '2.5GB', '4GB');

INSERT INTO product_system_requirements (product_id, platform, title, minimum, recommended) VALUES (42, 'win', 'Graphics', '', '');

INSERT INTO product_system_requirements (product_id, platform, title, minimum, recommended) VALUES (42, 'win', 'DirectX', '', '');

INSERT INTO product_system_requirements (product_id, platform, title, minimum, recommended) VALUES (42, 'win', 'Network', '', '');

INSERT INTO product_system_requirements (product_id, platform, title, minimum, recommended) VALUES (42, 'win', 'Storage', '', '');

INSERT INTO product_system_requirements (product_id, platform, title, minimum, recommended) VALUES (42, 'win', 'Additional Notes', '', '');

INSERT INTO product_system_requirements (product_id, platform, title, minimum, recommended) VALUES (42, 'mac', 'OS', 'OSX 10.9.5 - 10.11.6', 'OSX 10.9.5 - 10.11.6');

INSERT INTO product_system_requirements (product_id, platform, title, minimum, recommended) VALUES (42, 'mac', 'Processor', '2.0 Ghz', 'Dual Core 3.0 Ghz');

INSERT INTO product_system_requirements (product_id, platform, title, minimum, recommended) VALUES (42, 'mac', 'Memory', '2.5GB', '4GB');

INSERT INTO product_system_requirements (product_id, platform, title, minimum, recommended) VALUES (42, 'mac', 'Graphics', '', '');

INSERT INTO product_system_requirements (product_id, platform, title, minimum, recommended) VALUES (42, 'mac', 'DirectX', '', '');

INSERT INTO product_system_requirements (product_id, platform, title, minimum, recommended) VALUES (42, 'mac', 'Network', '', '');

INSERT INTO product_system_requirements (product_id, platform, title, minimum, recommended) VALUES (42, 'mac', 'Storage', '', '');

INSERT INTO product_system_requirements (product_id, platform, title, minimum, recommended) VALUES (42, 'mac', 'Additional Notes', '', '');

INSERT INTO product_system_requirements (product_id, platform, title, minimum, recommended) VALUES (42, 'linux', 'OS', 'Ubuntu 14.04 LTS', 'Ubuntu 14.04 LTS');

INSERT INTO product_system_requirements (product_id, platform, title, minimum, recommended) VALUES (42, 'linux', 'Processor', '2.0 Ghz', 'Dual Core 3.0 Ghz');

INSERT INTO product_system_requirements (product_id, platform, title, minimum, recommended) VALUES (42, 'linux', 'Memory', '2.5GB', '4GB');

INSERT INTO product_system_requirements (product_id, platform, title, minimum, recommended) VALUES (42, 'linux', 'Graphics', '', '');

INSERT INTO product_system_requirements (product_id, platform, title, minimum, recommended) VALUES (42, 'linux', 'DirectX', '', '');

INSERT INTO product_system_requirements (product_id, platform, title, minimum, recommended) VALUES (42, 'linux', 'Network', '', '');

INSERT INTO product_system_requirements (product_id, platform, title, minimum, recommended) VALUES (42, 'linux', 'Storage', '', '');

INSERT INTO product_system_requirements (product_id, platform, title, minimum, recommended) VALUES (42, 'linux', 'Additional Notes', '', '');

INSERT INTO product_screenshots (product_id, screenshot) VALUES
(42, 'https://shared.fastly.steamstatic.com/store_item_assets/steam/apps/105600/ss_8c03886f214d2108cafca13845533eaa3d87d83f.1920x1080.jpg?t=1731252354'),
(42, 'https://shared.fastly.steamstatic.com/store_item_assets/steam/apps/105600/ss_ae168a00ab08104ba266dc30232654d4b3c919e5.1920x1080.jpg?t=1731252354'),
(42, 'https://shared.fastly.steamstatic.com/store_item_assets/steam/apps/105600/ss_9edd98caaf9357c2f40758f354475a56e356e8b0.1920x1080.jpg?t=1731252354'),
(42, 'https://shared.fastly.steamstatic.com/store_item_assets/steam/apps/105600/ss_75ea9a7e39eb34b40efa1e6dfd2536098dc4734b.1920x1080.jpg?t=1731252354'),
(42, 'https://shared.fastly.steamstatic.com/store_item_assets/steam/apps/105600/ss_782374517c1792debd74d24856203b876eba3a5d.1920x1080.jpg?t=1731252354'),
(42, 'https://shared.fastly.steamstatic.com/store_item_assets/steam/apps/105600/ss_04dd9f0a5773b686a452ba480b951f83b3ed5061.1920x1080.jpg?t=1731252354'),
(42, 'https://shared.fastly.steamstatic.com/store_item_assets/steam/apps/105600/ss_26c4a091c482be28efe1ecf4dfb498273e5a9107.1920x1080.jpg?t=1731252354'),
(42, 'https://shared.fastly.steamstatic.com/store_item_assets/steam/apps/105600/ss_830aa37570410b80947636785ff62096c0bf276f.1920x1080.jpg?t=1731252354'),
(42, 'https://shared.fastly.steamstatic.com/store_item_assets/steam/apps/105600/ss_0d805c81ef85dfd2a7a8b25da96f8066017fb3b3.1920x1080.jpg?t=1731252354'),
(42, 'https://shared.fastly.steamstatic.com/store_item_assets/steam/apps/105600/ss_b28125b8b8ccacbbb38a3ab4ceaf406ec94d98a4.1920x1080.jpg?t=1731252354'),
(42, 'https://shared.fastly.steamstatic.com/store_item_assets/steam/apps/105600/ss_900453507c3eb3df55175fb1362869cc75203594.1920x1080.jpg?t=1731252354'),
(42, 'https://shared.fastly.steamstatic.com/store_item_assets/steam/apps/105600/ss_a1dbbda90ea1669da35cf277e65b5191565bcb12.1920x1080.jpg?t=1731252354'),
(42, 'https://shared.fastly.steamstatic.com/store_item_assets/steam/apps/105600/ss_a34d1ebdc99634e012ea19759c12822802164b0e.1920x1080.jpg?t=1731252354'),
(42, 'https://shared.fastly.steamstatic.com/store_item_assets/steam/apps/105600/ss_6f57075d0d8f9d2fd963b74f9a4526bbf91aab10.1920x1080.jpg?t=1731252354'),
(42, 'https://shared.fastly.steamstatic.com/store_item_assets/steam/apps/105600/ss_ab3143003094dec454c5a76cc7d7948f17ca7517.1920x1080.jpg?t=1731252354'),
(42, 'https://shared.fastly.steamstatic.com/store_item_assets/steam/apps/105600/ss_1a091473c0b53e98d7a0708dd3ec0978dd56ba45.1920x1080.jpg?t=1731252354'),
(42, 'https://shared.fastly.steamstatic.com/store_item_assets/steam/apps/105600/ss_a81bfb762197b0aafc207274a708d79e7c39e45f.1920x1080.jpg?t=1731252354'),
(42, 'https://shared.fastly.steamstatic.com/store_item_assets/steam/apps/105600/ss_fefd40cad50a10c09f928f9dc3f9017f8fe50213.1920x1080.jpg?t=1731252354'),
(42, 'https://shared.fastly.steamstatic.com/store_item_assets/steam/apps/105600/ss_fd3a47380882311f6ff80cb2d4491d1de4af9e8b.1920x1080.jpg?t=1731252354');

INSERT INTO product_videos (product_id, mp4, webm, thumbnail) VALUES
(42, 'https://video.fastly.steamstatic.com/store_trailers/256785003/movie480.mp4?t=1589654781', 'https://video.fastly.steamstatic.com/store_trailers/256785003/movie480_vp9.webm?t=1589654781', 'https://shared.fastly.steamstatic.com/store_item_assets/steam/apps/256785003/movie.293x165.jpg?t=1589654781'),
(42, 'https://video.fastly.steamstatic.com/store_trailers/2040428/movie480.mp4?t=1447376855', 'https://video.fastly.steamstatic.com/store_trailers/2040428/movie480.webm?t=1447376855', 'https://shared.fastly.steamstatic.com/store_item_assets/steam/apps/2040428/movie.293x165.jpg?t=1447376855'),
(42, 'https://video.fastly.steamstatic.com/store_trailers/2029566/movie480.mp4?t=1447358964', 'https://video.fastly.steamstatic.com/store_trailers/2029566/movie480.webm?t=1447358964', 'https://shared.fastly.steamstatic.com/store_item_assets/steam/apps/2029566/movie.293x165.jpg?t=1447358964');

INSERT INTO products (id, title, type, description, price, discount, discountStartDate, discountEndDate, releaseDate, rating, isActive, headerImage)
VALUES (43, '7 Days to Die', 'Game', '7 Days to Die is an open-world game that is a unique combination of first-person shooter, survival horror, tower defense, and role-playing games. Play the definitive zombie survival sandbox RPG that came first. Navezgane awaits!', 44.99, 0, NULL, NULL, '2024-07-25', 0, TRUE, 'https://shared.fastly.steamstatic.com/store_item_assets/steam/apps/251570/header.jpg?t=1736194886');

INSERT INTO product_developers (product_id, developer) VALUES
(43, 'The Fun Pimps');

INSERT INTO product_publishers (product_id, publisher) VALUES
(43, 'The Fun Pimps Entertainment LLC');

INSERT INTO product_platforms (product_id, platform) VALUES
(43, 'Windows');

INSERT INTO product_genres (product_id, genre) VALUES
(43, 'Action'),
(43, 'Adventure'),
(43, 'Indie'),
(43, 'RPG'),
(43, 'Simulation'),
(43, 'Strategy');

INSERT INTO product_tags (product_id, tag) VALUES
(43, 'Survival'),
(43, 'Zombies'),
(43, 'Multiplayer'),
(43, 'Open World'),
(43, 'Open World Survival Craft'),
(43, 'Base Building'),
(43, 'Voxel'),
(43, 'Post-apocalyptic'),
(43, 'Online Co-Op'),
(43, 'Building'),
(43, 'Exploration'),
(43, 'Sandbox'),
(43, 'FPS'),
(43, 'Simulation'),
(43, 'Character Customization'),
(43, 'Tower Defense'),
(43, 'Action'),
(43, 'Strategy'),
(43, 'Horror'),
(43, 'Procedural Generation');

INSERT INTO product_features (product_id, feature) VALUES
(43, 'Single-player'),
(43, 'Online PvP'),
(43, 'LAN PvP'),
(43, 'Online Co-op'),
(43, 'LAN Co-op'),
(43, 'Cross-Platform Multiplayer'),
(43, 'Steam Achievements'),
(43, 'Steam Trading Cards'),
(43, 'Includes level editor'),
(43, 'Remote Play on Tablet'),
(43, 'Remote Play on TV'),
(43, 'Family Sharing');

INSERT INTO product_system_requirements (product_id, platform, title, minimum, recommended) VALUES (43, 'win', 'OS', 'Windows 10 or higher (64-bit)', 'Windows 10 or higher (64-bit)');

INSERT INTO product_system_requirements (product_id, platform, title, minimum, recommended) VALUES (43, 'win', 'Processor', '2.8 Ghz Quad Core CPU', '3.2 Ghz Quad Core CPU or faster');

INSERT INTO product_system_requirements (product_id, platform, title, minimum, recommended) VALUES (43, 'win', 'Memory', '8 GB RAM', '12 GB RAM');

INSERT INTO product_system_requirements (product_id, platform, title, minimum, recommended) VALUES (43, 'win', 'Graphics', '2 GB Dedicated Memory', '4 GB Dedicated Memory');

INSERT INTO product_system_requirements (product_id, platform, title, minimum, recommended) VALUES (43, 'win', 'DirectX', 'Version 11', 'Version 11');

INSERT INTO product_system_requirements (product_id, platform, title, minimum, recommended) VALUES (43, 'win', 'Network', 'Broadband Internet connection', 'Broadband Internet connection');

INSERT INTO product_system_requirements (product_id, platform, title, minimum, recommended) VALUES (43, 'win', 'Storage', '15 GB available space', '15 GB available space');

INSERT INTO product_system_requirements (product_id, platform, title, minimum, recommended) VALUES (43, 'win', 'Additional Notes', 'Running a Dedicated Server and Client on the same computer will double ram requirements. Also future releases may require more hard drive space.', 'Running a Dedicated Server and Client on the same computer will double ram requirements. Also future releases may require more hard drive space.');

INSERT INTO product_system_requirements (product_id, platform, title, minimum, recommended) VALUES (43, 'mac', 'OS', '10.13', '10.13');

INSERT INTO product_system_requirements (product_id, platform, title, minimum, recommended) VALUES (43, 'mac', 'Processor', '2.8 Ghz Quad Core CPU', '3.2 Ghz Quad Core CPU or faster');

INSERT INTO product_system_requirements (product_id, platform, title, minimum, recommended) VALUES (43, 'mac', 'Memory', '8 GB RAM', '12 GB RAM');

INSERT INTO product_system_requirements (product_id, platform, title, minimum, recommended) VALUES (43, 'mac', 'Graphics', '2 GB Dedicated Memory', '4 GB Dedicated Memory');

INSERT INTO product_system_requirements (product_id, platform, title, minimum, recommended) VALUES (43, 'mac', 'DirectX', '', '');

INSERT INTO product_system_requirements (product_id, platform, title, minimum, recommended) VALUES (43, 'mac', 'Network', 'Broadband Internet connection', 'Broadband Internet connection');

INSERT INTO product_system_requirements (product_id, platform, title, minimum, recommended) VALUES (43, 'mac', 'Storage', '15 GB available space', '15 GB available space');

INSERT INTO product_system_requirements (product_id, platform, title, minimum, recommended) VALUES (43, 'mac', 'Additional Notes', 'Running the Dedicated Server and Client on the same computer will double ram requirements. Also future releases may require more hard drive space.', 'Running the Dedicated Server and Client on the same computer will double ram requirements. Also future releases may require more hard drive space.');

INSERT INTO product_system_requirements (product_id, platform, title, minimum, recommended) VALUES (43, 'linux', 'OS', 'Ubuntu 16.04 (64-bit)', 'Ubuntu 18.04 (64-bit)');

INSERT INTO product_system_requirements (product_id, platform, title, minimum, recommended) VALUES (43, 'linux', 'Processor', '2.8 Ghz Quad Core CPU', '3.2 Ghz Quad Core CPU or faster');

INSERT INTO product_system_requirements (product_id, platform, title, minimum, recommended) VALUES (43, 'linux', 'Memory', '8 GB RAM', '12 GB RAM');

INSERT INTO product_system_requirements (product_id, platform, title, minimum, recommended) VALUES (43, 'linux', 'Graphics', '2 GB Dedicated Memory', '4 GB Dedicated Memory');

INSERT INTO product_system_requirements (product_id, platform, title, minimum, recommended) VALUES (43, 'linux', 'DirectX', '', '');

INSERT INTO product_system_requirements (product_id, platform, title, minimum, recommended) VALUES (43, 'linux', 'Network', 'Broadband Internet connection', 'Broadband Internet connection');

INSERT INTO product_system_requirements (product_id, platform, title, minimum, recommended) VALUES (43, 'linux', 'Storage', '15 GB available space', '15 GB available space');

INSERT INTO product_system_requirements (product_id, platform, title, minimum, recommended) VALUES (43, 'linux', 'Additional Notes', 'Running the Dedicated Server and Client on the same computer will double ram requirements. Also future releases may require more hard drive space.', 'Running the Dedicated Server and Client on the same computer will double ram requirements. Also future releases may require more hard drive space.');

INSERT INTO product_screenshots (product_id, screenshot) VALUES
(43, 'https://shared.fastly.steamstatic.com/store_item_assets/steam/apps/251570/ss_66ab2c612cb28b4b61974bcb3380a69274c4c127.1920x1080.jpg?t=1736194886'),
(43, 'https://shared.fastly.steamstatic.com/store_item_assets/steam/apps/251570/ss_fab3d39d4fdcab63df04a5e7bb69b5c0f81a0896.1920x1080.jpg?t=1736194886'),
(43, 'https://shared.fastly.steamstatic.com/store_item_assets/steam/apps/251570/ss_2a5297de746e0a68769de801ca2cea96e5dfff6c.1920x1080.jpg?t=1736194886'),
(43, 'https://shared.fastly.steamstatic.com/store_item_assets/steam/apps/251570/ss_ef75da0e35775b9281954f7fc845c6913961e21e.1920x1080.jpg?t=1736194886'),
(43, 'https://shared.fastly.steamstatic.com/store_item_assets/steam/apps/251570/ss_5c776b076a7408c362d3452efb084259389310cc.1920x1080.jpg?t=1736194886'),
(43, 'https://shared.fastly.steamstatic.com/store_item_assets/steam/apps/251570/ss_5c5d4d47eac83709f00863447cef7e2a0a7b4dba.1920x1080.jpg?t=1736194886'),
(43, 'https://shared.fastly.steamstatic.com/store_item_assets/steam/apps/251570/ss_573fbb7a06c0b269de2c1e562b0129412f42792f.1920x1080.jpg?t=1736194886'),
(43, 'https://shared.fastly.steamstatic.com/store_item_assets/steam/apps/251570/ss_cb37f3a4226d16fbb0e4681605ef592acba3077f.1920x1080.jpg?t=1736194886');

INSERT INTO product_videos (product_id, mp4, webm, thumbnail) VALUES
(43, 'https://video.fastly.steamstatic.com/store_trailers/257032424/movie480.mp4?t=1718836140', 'https://video.fastly.steamstatic.com/store_trailers/257032424/movie480_vp9.webm?t=1718836140', 'https://shared.fastly.steamstatic.com/store_item_assets/steam/apps/257032424/movie.293x165.jpg?t=1718836140'),
(43, 'https://video.fastly.steamstatic.com/store_trailers/257032437/movie480.mp4?t=1718836145', 'https://video.fastly.steamstatic.com/store_trailers/257032437/movie480_vp9.webm?t=1718836145', 'https://shared.fastly.steamstatic.com/store_item_assets/steam/apps/257032437/movie.293x165.jpg?t=1718836145');

INSERT INTO products (id, title, type, description, price, discount, discountStartDate, discountEndDate, releaseDate, rating, isActive, headerImage)
VALUES (44, 'PAYDAY 2', 'Game', 'PAYDAY 2 is an action-packed, four-player co-op shooter that once again lets gamers don the masks of the original PAYDAY crew - Dallas, Hoxton, Wolf and Chains - as they descend on Washington DC for an epic crime spree.', 9.99, 0, NULL, NULL, '2013-08-13', 0, TRUE, 'https://shared.fastly.steamstatic.com/store_item_assets/steam/apps/218620/header.jpg?t=1729586701');

INSERT INTO product_developers (product_id, developer) VALUES
(44, 'OVERKILL - a Starbreeze Studio.');

INSERT INTO product_publishers (product_id, publisher) VALUES
(44, 'Starbreeze Publishing AB');

INSERT INTO product_platforms (product_id, platform) VALUES
(44, 'Windows');

INSERT INTO product_genres (product_id, genre) VALUES
(44, 'Action'),
(44, 'RPG');

INSERT INTO product_tags (product_id, tag) VALUES
(44, 'Co-op'),
(44, 'Action'),
(44, 'FPS'),
(44, 'Heist'),
(44, 'Multiplayer'),
(44, 'Looter Shooter'),
(44, 'Online Co-Op'),
(44, 'Stealth'),
(44, 'Crime'),
(44, 'Shooter'),
(44, 'Team-Based'),
(44, 'First-Person'),
(44, 'Great Soundtrack'),
(44, 'Gun Customization'),
(44, 'Tactical'),
(44, 'PvE'),
(44, 'Strategy'),
(44, 'Singleplayer'),
(44, 'Funny'),
(44, 'Simulation');

INSERT INTO product_features (product_id, feature) VALUES
(44, 'Single-player'),
(44, 'Online Co-op'),
(44, 'Steam Achievements'),
(44, 'Tracked Controller Support'),
(44, 'VR Supported'),
(44, 'Steam Trading Cards'),
(44, 'In-App Purchases'),
(44, 'Steam Cloud'),
(44, 'Remote Play on Phone'),
(44, 'Remote Play on Tablet'),
(44, 'Remote Play on TV'),
(44, 'Family Sharing');

INSERT INTO product_system_requirements (product_id, platform, title, minimum, recommended) VALUES (44, 'win', 'OS', '', 'Windows 10');

INSERT INTO product_system_requirements (product_id, platform, title, minimum, recommended) VALUES (44, 'win', 'Processor', '2 GHz Intel Dual Core Processor', '2.3 GHz Intel Quad Core Processor');

INSERT INTO product_system_requirements (product_id, platform, title, minimum, recommended) VALUES (44, 'win', 'Memory', '4 GB RAM', '8 GB RAM');

INSERT INTO product_system_requirements (product_id, platform, title, minimum, recommended) VALUES (44, 'win', 'Graphics', 'Nvidia & AMD (512MB VRAM)', 'Nvidia & AMD (1GB VRAM)');

INSERT INTO product_system_requirements (product_id, platform, title, minimum, recommended) VALUES (44, 'win', 'DirectX', 'Version 9.0c', 'Version 9.0c');

INSERT INTO product_system_requirements (product_id, platform, title, minimum, recommended) VALUES (44, 'win', 'Network', '', '');

INSERT INTO product_system_requirements (product_id, platform, title, minimum, recommended) VALUES (44, 'win', 'Storage', '83 GB available space', '83 GB available space');

INSERT INTO product_system_requirements (product_id, platform, title, minimum, recommended) VALUES (44, 'win', 'Additional Notes', '', '');

INSERT INTO product_screenshots (product_id, screenshot) VALUES
(44, 'https://shared.fastly.steamstatic.com/store_item_assets/steam/apps/218620/ss_67979091e0441e3df7aa885eaa107e2032973869.1920x1080.jpg?t=1729586701'),
(44, 'https://shared.fastly.steamstatic.com/store_item_assets/steam/apps/218620/ss_b26f1852b68ab0af7fdd4932b1c9f78dc87a0325.1920x1080.jpg?t=1729586701'),
(44, 'https://shared.fastly.steamstatic.com/store_item_assets/steam/apps/218620/ss_2799a1fde932e739138de91f0910ada013ddfca3.1920x1080.jpg?t=1729586701'),
(44, 'https://shared.fastly.steamstatic.com/store_item_assets/steam/apps/218620/ss_34fae5a836f589c13d08262657b292f028cd87b1.1920x1080.jpg?t=1729586701'),
(44, 'https://shared.fastly.steamstatic.com/store_item_assets/steam/apps/218620/ss_01fdd60d88bc24f48f688b6624dc42ce493bd76a.1920x1080.jpg?t=1729586701'),
(44, 'https://shared.fastly.steamstatic.com/store_item_assets/steam/apps/218620/ss_368c3d770ff6949226420cbcb47a599979302bfc.1920x1080.jpg?t=1729586701'),
(44, 'https://shared.fastly.steamstatic.com/store_item_assets/steam/apps/218620/ss_a907ef769cf2b1c02075401e215b635f2cf247c2.1920x1080.jpg?t=1729586701'),
(44, 'https://shared.fastly.steamstatic.com/store_item_assets/steam/apps/218620/ss_05b366f478d4a665ca60d5cd6d3f36f4193993eb.1920x1080.jpg?t=1729586701'),
(44, 'https://shared.fastly.steamstatic.com/store_item_assets/steam/apps/218620/ss_06c29d7b44621b69bcf7107fd4b18de39e4b8212.1920x1080.jpg?t=1729586701'),
(44, 'https://shared.fastly.steamstatic.com/store_item_assets/steam/apps/218620/ss_e7ee49e6056175bdb90ab2b7416c7546d5a1ab21.1920x1080.jpg?t=1729586701'),
(44, 'https://shared.fastly.steamstatic.com/store_item_assets/steam/apps/218620/ss_2a509c2ca0c9bae3f9cf32a3a3128ad98ed361f0.1920x1080.jpg?t=1729586701'),
(44, 'https://shared.fastly.steamstatic.com/store_item_assets/steam/apps/218620/ss_79037e616835b71e89200475a3ad362ae5f48923.1920x1080.jpg?t=1729586701'),
(44, 'https://shared.fastly.steamstatic.com/store_item_assets/steam/apps/218620/ss_a181d57d9ea0850bbb004ffb631b5b7008b4fcc0.1920x1080.jpg?t=1729586701'),
(44, 'https://shared.fastly.steamstatic.com/store_item_assets/steam/apps/218620/ss_69ccf0a4ff55ba90a077b459ee20bde5abca177c.1920x1080.jpg?t=1729586701'),
(44, 'https://shared.fastly.steamstatic.com/store_item_assets/steam/apps/218620/ss_129b54f5814834c18a5ef0b9fde4cdd44e8fd312.1920x1080.jpg?t=1729586701'),
(44, 'https://shared.fastly.steamstatic.com/store_item_assets/steam/apps/218620/ss_89df461a541a83ffcd2e73ff9ab0effe6b0b2833.1920x1080.jpg?t=1729586701'),
(44, 'https://shared.fastly.steamstatic.com/store_item_assets/steam/apps/218620/ss_c07364cfd015810a533f5d610a3d8886453fe176.1920x1080.jpg?t=1729586701'),
(44, 'https://shared.fastly.steamstatic.com/store_item_assets/steam/apps/218620/ss_b03b1500ae7365f6e66fff5e756d72c8b0e7ff03.1920x1080.jpg?t=1729586701'),
(44, 'https://shared.fastly.steamstatic.com/store_item_assets/steam/apps/218620/ss_ad69f405dc3efafa3d92a817ce10058763c06a19.1920x1080.jpg?t=1729586701'),
(44, 'https://shared.fastly.steamstatic.com/store_item_assets/steam/apps/218620/ss_70d3cc118f188ae9d8507e6d1b4b18adae4c5a01.1920x1080.jpg?t=1729586701'),
(44, 'https://shared.fastly.steamstatic.com/store_item_assets/steam/apps/218620/ss_c332598244600f2e8d722808c955f5ccf361dcf1.1920x1080.jpg?t=1729586701'),
(44, 'https://shared.fastly.steamstatic.com/store_item_assets/steam/apps/218620/ss_864276fe51d0fc31073d86c5d788138f82d07878.1920x1080.jpg?t=1729586701'),
(44, 'https://shared.fastly.steamstatic.com/store_item_assets/steam/apps/218620/ss_58c44f27e07c06574534f33d09918cd59e73559d.1920x1080.jpg?t=1729586701'),
(44, 'https://shared.fastly.steamstatic.com/store_item_assets/steam/apps/218620/ss_0d703a42478e42857e601b595b01058f133d0b77.1920x1080.jpg?t=1729586701'),
(44, 'https://shared.fastly.steamstatic.com/store_item_assets/steam/apps/218620/ss_72e856f06daba3fd9e71a055807204c56fb2a79f.1920x1080.jpg?t=1729586701'),
(44, 'https://shared.fastly.steamstatic.com/store_item_assets/steam/apps/218620/ss_d8f22a94c3f9daafee6dd3d2154d4f3e0eb75a9f.1920x1080.jpg?t=1729586701'),
(44, 'https://shared.fastly.steamstatic.com/store_item_assets/steam/apps/218620/ss_1ab0fb4066c341458c0ab2c55faa264f1a1ca764.1920x1080.jpg?t=1729586701'),
(44, 'https://shared.fastly.steamstatic.com/store_item_assets/steam/apps/218620/ss_aa6f3e4d5caaffcb0ef4de38a3057840a517eb35.1920x1080.jpg?t=1729586701'),
(44, 'https://shared.fastly.steamstatic.com/store_item_assets/steam/apps/218620/ss_e934b4546d8e87ad378bfe45bd5eaee3a1663219.1920x1080.jpg?t=1729586701'),
(44, 'https://shared.fastly.steamstatic.com/store_item_assets/steam/apps/218620/ss_6519dbba0d3394f5603982b455cc3b2d9e3c2774.1920x1080.jpg?t=1729586701'),
(44, 'https://shared.fastly.steamstatic.com/store_item_assets/steam/apps/218620/ss_2448af11f781d2db211140f076c36d536bef818c.1920x1080.jpg?t=1729586701'),
(44, 'https://shared.fastly.steamstatic.com/store_item_assets/steam/apps/218620/ss_985ce2f8957bdacc94bee5882835796c7b6ff7f6.1920x1080.jpg?t=1729586701'),
(44, 'https://shared.fastly.steamstatic.com/store_item_assets/steam/apps/218620/ss_7d9a83bb672cca995477f4faffef2d0b2783e4ab.1920x1080.jpg?t=1729586701'),
(44, 'https://shared.fastly.steamstatic.com/store_item_assets/steam/apps/218620/ss_7e272280bfa83b1a8f541eb1296d64759d56ca63.1920x1080.jpg?t=1729586701'),
(44, 'https://shared.fastly.steamstatic.com/store_item_assets/steam/apps/218620/ss_122cd6b2fee86036121a9d6a944d52cda52e1ab2.1920x1080.jpg?t=1729586701'),
(44, 'https://shared.fastly.steamstatic.com/store_item_assets/steam/apps/218620/ss_c3d5b86d86df40805b8d5f3326df7dfed81ef5b7.1920x1080.jpg?t=1729586701'),
(44, 'https://shared.fastly.steamstatic.com/store_item_assets/steam/apps/218620/ss_3d6ea31afbf68c525af7bc082481a09fd8d3ed4d.1920x1080.jpg?t=1729586701'),
(44, 'https://shared.fastly.steamstatic.com/store_item_assets/steam/apps/218620/ss_5c0cc8e722230fac5b7e1a183a7f57b2cd6deb89.1920x1080.jpg?t=1729586701'),
(44, 'https://shared.fastly.steamstatic.com/store_item_assets/steam/apps/218620/ss_e32fee5aa3b499727e5c427765b584cce3ae3de5.1920x1080.jpg?t=1729586701'),
(44, 'https://shared.fastly.steamstatic.com/store_item_assets/steam/apps/218620/ss_acb999d07ac9eb0f89471f86664d90bfc606396b.1920x1080.jpg?t=1729586701'),
(44, 'https://shared.fastly.steamstatic.com/store_item_assets/steam/apps/218620/ss_fe7b921bf11c16f80eee91c3f3ae0d46b3a96daa.1920x1080.jpg?t=1729586701'),
(44, 'https://shared.fastly.steamstatic.com/store_item_assets/steam/apps/218620/ss_509118077d71f4bff8724b101ee51e3517b81b05.1920x1080.jpg?t=1729586701'),
(44, 'https://shared.fastly.steamstatic.com/store_item_assets/steam/apps/218620/ss_5277c381ed12ca7ebe786eba4c0e61d678424932.1920x1080.jpg?t=1729586701'),
(44, 'https://shared.fastly.steamstatic.com/store_item_assets/steam/apps/218620/ss_1549be46030ebbdda4c3db5aab79c9f9c3faef14.1920x1080.jpg?t=1729586701'),
(44, 'https://shared.fastly.steamstatic.com/store_item_assets/steam/apps/218620/ss_c5a97d3b2cbde456ee9ecfa53113132e6b737d67.1920x1080.jpg?t=1729586701'),
(44, 'https://shared.fastly.steamstatic.com/store_item_assets/steam/apps/218620/ss_20e9106c53cc1c2a96d3049efd0d582d18a994b5.1920x1080.jpg?t=1729586701'),
(44, 'https://shared.fastly.steamstatic.com/store_item_assets/steam/apps/218620/ss_3a61cde81c74d8853a0335a43eded0bd11a0daf3.1920x1080.jpg?t=1729586701'),
(44, 'https://shared.fastly.steamstatic.com/store_item_assets/steam/apps/218620/ss_cb32e9f422be6625d8649747b4eab01b02af27e4.1920x1080.jpg?t=1729586701'),
(44, 'https://shared.fastly.steamstatic.com/store_item_assets/steam/apps/218620/ss_4d213ff74958ccb24f6ff30f59edb5a601a4c84f.1920x1080.jpg?t=1729586701');

INSERT INTO product_videos (product_id, mp4, webm, thumbnail) VALUES
(44, 'https://video.fastly.steamstatic.com/store_trailers/256766497/movie480.mp4?t=1573055178', 'https://video.fastly.steamstatic.com/store_trailers/256766497/movie480.webm?t=1573055178', 'https://shared.fastly.steamstatic.com/store_item_assets/steam/apps/256766497/movie.293x165.jpg?t=1573055178'),
(44, 'https://video.fastly.steamstatic.com/store_trailers/256701266/movie480.mp4?t=1572598641', 'https://video.fastly.steamstatic.com/store_trailers/256701266/movie480.webm?t=1572598641', 'https://shared.fastly.steamstatic.com/store_item_assets/steam/apps/256701266/movie.293x165.jpg?t=1572598641'),
(44, 'https://video.fastly.steamstatic.com/store_trailers/256665794/movie480.mp4?t=1466161429', 'https://video.fastly.steamstatic.com/store_trailers/256665794/movie480.webm?t=1466161429', 'https://shared.fastly.steamstatic.com/store_item_assets/steam/apps/256665794/movie.293x165.jpg?t=1466161429'),
(44, 'https://video.fastly.steamstatic.com/store_trailers/2032070/movie480.mp4?t=1447361620', 'https://video.fastly.steamstatic.com/store_trailers/2032070/movie480.webm?t=1447361620', 'https://shared.fastly.steamstatic.com/store_item_assets/steam/apps/2032070/movie.293x165.jpg?t=1447361620'),
(44, 'https://video.fastly.steamstatic.com/store_trailers/2028939/movie480.mp4?t=1447358310', 'https://video.fastly.steamstatic.com/store_trailers/2028939/movie480.webm?t=1447358310', 'https://shared.fastly.steamstatic.com/store_item_assets/steam/apps/2028939/movie.293x165.jpg?t=1447358310');

INSERT INTO products (id, title, type, description, price, discount, discountStartDate, discountEndDate, releaseDate, rating, isActive, headerImage)
VALUES (45, 'The Witcher 3: Wild Hunt', 'Game', 'You are Geralt of Rivia, mercenary monster slayer. Before you stands a war-torn, monster-infested continent you can explore at will. Your current contract? Tracking down Ciri — the Child of Prophecy, a living weapon that can alter the shape of the world.', 39.99, 0, NULL, NULL, '2015-05-18', 0, TRUE, 'https://shared.fastly.steamstatic.com/store_item_assets/steam/apps/292030/header.jpg?t=1736424367');

INSERT INTO product_developers (product_id, developer) VALUES
(45, 'CD PROJEKT RED');

INSERT INTO product_publishers (product_id, publisher) VALUES
(45, 'CD PROJEKT RED');

INSERT INTO product_platforms (product_id, platform) VALUES
(45, 'Windows');

INSERT INTO product_genres (product_id, genre) VALUES
(45, 'RPG');

INSERT INTO product_tags (product_id, tag) VALUES
(45, 'Open World'),
(45, 'RPG'),
(45, 'Story Rich'),
(45, 'Atmospheric'),
(45, 'Mature'),
(45, 'Fantasy'),
(45, 'Adventure'),
(45, 'Singleplayer'),
(45, 'Nudity'),
(45, 'Choices Matter'),
(45, 'Great Soundtrack'),
(45, 'Third Person'),
(45, 'Medieval'),
(45, 'Action'),
(45, 'Multiple Endings'),
(45, 'Action RPG'),
(45, 'Dark Fantasy'),
(45, 'Magic'),
(45, 'Dark'),
(45, 'Sandbox');

INSERT INTO product_features (product_id, feature) VALUES
(45, 'Single-player'),
(45, 'Steam Achievements'),
(45, 'Steam Trading Cards'),
(45, 'Steam Workshop'),
(45, 'Steam Cloud'),
(45, 'Remote Play on Tablet'),
(45, 'Remote Play on TV'),
(45, 'Family Sharing');

INSERT INTO product_system_requirements (product_id, platform, title, minimum, recommended) VALUES (45, 'win', 'OS', '', '64-bit Windows 10/11');

INSERT INTO product_system_requirements (product_id, platform, title, minimum, recommended) VALUES (45, 'win', 'Processor', 'Intel CPU Core i5-2500K 3.3GHz / AMD A10-5800K APU (3.8GHz)', 'Intel Core i5-7400 / Ryzen 5 1600');

INSERT INTO product_system_requirements (product_id, platform, title, minimum, recommended) VALUES (45, 'win', 'Memory', '6 GB RAM', '8 GB RAM');

INSERT INTO product_system_requirements (product_id, platform, title, minimum, recommended) VALUES (45, 'win', 'Graphics', 'Nvidia GPU GeForce GTX 660 / AMD GPU Radeon HD 7870', 'Nvidia GTX 1070 / Radeon RX 480');

INSERT INTO product_system_requirements (product_id, platform, title, minimum, recommended) VALUES (45, 'win', 'DirectX', 'Version 11', 'Version 12');

INSERT INTO product_system_requirements (product_id, platform, title, minimum, recommended) VALUES (45, 'win', 'Network', '', '');

INSERT INTO product_system_requirements (product_id, platform, title, minimum, recommended) VALUES (45, 'win', 'Storage', '50 GB available space', '50 GB available space');

INSERT INTO product_system_requirements (product_id, platform, title, minimum, recommended) VALUES (45, 'win', 'Additional Notes', '', '');

INSERT INTO product_screenshots (product_id, screenshot) VALUES
(45, 'https://shared.fastly.steamstatic.com/store_item_assets/steam/apps/292030/ss_5710298af2318afd9aa72449ef29ac4a2ef64d8e.1920x1080.jpg?t=1736424367'),
(45, 'https://shared.fastly.steamstatic.com/store_item_assets/steam/apps/292030/ss_0901e64e9d4b8ebaea8348c194e7a3644d2d832d.1920x1080.jpg?t=1736424367'),
(45, 'https://shared.fastly.steamstatic.com/store_item_assets/steam/apps/292030/ss_112b1e176c1bd271d8a565eacb6feaf90f240bb2.1920x1080.jpg?t=1736424367'),
(45, 'https://shared.fastly.steamstatic.com/store_item_assets/steam/apps/292030/ss_d1b73b18cbcd5e9e412c7a1dead3c5cd7303d2ad.1920x1080.jpg?t=1736424367'),
(45, 'https://shared.fastly.steamstatic.com/store_item_assets/steam/apps/292030/ss_107600c1337accc09104f7a8aa7f275f23cad096.1920x1080.jpg?t=1736424367'),
(45, 'https://shared.fastly.steamstatic.com/store_item_assets/steam/apps/292030/ss_64eb760f9a2b67f6731a71cce3a8fb684b9af267.1920x1080.jpg?t=1736424367'),
(45, 'https://shared.fastly.steamstatic.com/store_item_assets/steam/apps/292030/ss_eda99e7f705a113d04ab2a7a36068f3e7b343d17.1920x1080.jpg?t=1736424367'),
(45, 'https://shared.fastly.steamstatic.com/store_item_assets/steam/apps/292030/ss_d5b80eb63c12a6484f26796f3e34410651bba068.1920x1080.jpg?t=1736424367'),
(45, 'https://shared.fastly.steamstatic.com/store_item_assets/steam/apps/292030/ss_b74d60ee215337d765e4d20c8ca6710ae2362cc2.1920x1080.jpg?t=1736424367'),
(45, 'https://shared.fastly.steamstatic.com/store_item_assets/steam/apps/292030/ss_dc55eeb409d6e187456a8e159018e8da098fa468.1920x1080.jpg?t=1736424367'),
(45, 'https://shared.fastly.steamstatic.com/store_item_assets/steam/apps/292030/ss_849ec8dcc6f8df1c0b2c509584c9fc9e51f88cfa.1920x1080.jpg?t=1736424367'),
(45, 'https://shared.fastly.steamstatic.com/store_item_assets/steam/apps/292030/ss_90a33d7764a2d23306091bfcb52265c3506b4fdb.1920x1080.jpg?t=1736424367'),
(45, 'https://shared.fastly.steamstatic.com/store_item_assets/steam/apps/292030/ss_07812c174bb6b96c29895ddc27404143df7aba6d.1920x1080.jpg?t=1736424367'),
(45, 'https://shared.fastly.steamstatic.com/store_item_assets/steam/apps/292030/ss_ed23139c916fdb9f6dd23b2a6a01d0fbd2dd1a4f.1920x1080.jpg?t=1736424367'),
(45, 'https://shared.fastly.steamstatic.com/store_item_assets/steam/apps/292030/ss_dc33eb233555c13fce939ccaac667bc54e3c4a27.1920x1080.jpg?t=1736424367'),
(45, 'https://shared.fastly.steamstatic.com/store_item_assets/steam/apps/292030/ss_908485cbb1401b1ebf42e3d21a860ddc53517b08.1920x1080.jpg?t=1736424367'),
(45, 'https://shared.fastly.steamstatic.com/store_item_assets/steam/apps/292030/ss_608af6cfe0eab3f37265550b391732a3e88d1a4f.1920x1080.jpg?t=1736424367'),
(45, 'https://shared.fastly.steamstatic.com/store_item_assets/steam/apps/292030/ss_8ac1dc847388e59b1be1c5ea5ca592d5861756cc.1920x1080.jpg?t=1736424367');

INSERT INTO product_videos (product_id, mp4, webm, thumbnail) VALUES
(45, 'https://video.fastly.steamstatic.com/store_trailers/256927226/movie480.mp4?t=1674829926', 'https://video.fastly.steamstatic.com/store_trailers/256927226/movie480_vp9.webm?t=1674829926', 'https://shared.fastly.steamstatic.com/store_item_assets/steam/apps/256927226/movie.293x165.jpg?t=1674829926'),
(45, 'https://video.fastly.steamstatic.com/store_trailers/256920685/movie480.mp4?t=1670976368', 'https://video.fastly.steamstatic.com/store_trailers/256920685/movie480_vp9.webm?t=1670976368', 'https://shared.fastly.steamstatic.com/store_item_assets/steam/apps/256920685/movie.293x165.jpg?t=1670976368'),
(45, 'https://video.fastly.steamstatic.com/store_trailers/2039386/movie480.mp4?t=1528288460', 'https://video.fastly.steamstatic.com/store_trailers/2039386/movie480.webm?t=1528288460', 'https://shared.fastly.steamstatic.com/store_item_assets/steam/apps/2039386/movie.293x165.jpg?t=1528288460');

INSERT INTO products (id, title, type, description, price, discount, discountStartDate, discountEndDate, releaseDate, rating, isActive, headerImage)
VALUES (46, 'Total War: WARHAMMER III', 'Game', 'The cataclysmic conclusion to the Total War: WARHAMMER trilogy is here. Rally your forces and step into the Realm of Chaos, a dimension of mind-bending horror where the very fate of the world will be decided. Will you conquer your Daemons… or command them?', 59.99, 0, NULL, NULL, '2022-02-17', 0, TRUE, 'https://shared.fastly.steamstatic.com/store_item_assets/steam/apps/1142710/header.jpg?t=1734023395');

INSERT INTO product_developers (product_id, developer) VALUES
(46, 'CREATIVE ASSEMBLY'),
(46, 'Feral Interactive');

INSERT INTO product_publishers (product_id, publisher) VALUES
(46, 'SEGA'),
(46, 'Feral Interactive');

INSERT INTO product_platforms (product_id, platform) VALUES
(46, 'Windows');

INSERT INTO product_genres (product_id, genre) VALUES
(46, 'Action'),
(46, 'Strategy');

INSERT INTO product_tags (product_id, tag) VALUES
(46, 'Strategy'),
(46, 'Turn-Based Strategy'),
(46, 'Grand Strategy'),
(46, 'RTS'),
(46, 'Fantasy'),
(46, 'Real Time Tactics'),
(46, 'Dark Fantasy'),
(46, 'War'),
(46, 'Action'),
(46, 'Tactical'),
(46, 'Dwarf'),
(46, 'Games Workshop'),
(46, 'Atmospheric'),
(46, 'Multiplayer'),
(46, 'Colorful'),
(46, 'Co-op'),
(46, 'PvP'),
(46, 'Singleplayer'),
(46, 'Story Rich'),
(46, 'Warhammer 40K');

INSERT INTO product_features (product_id, feature) VALUES
(46, 'Single-player'),
(46, 'Online PvP'),
(46, 'LAN PvP'),
(46, 'Online Co-op'),
(46, 'LAN Co-op'),
(46, 'Steam Achievements'),
(46, 'Steam Trading Cards'),
(46, 'Steam Cloud'),
(46, 'Family Sharing');

INSERT INTO product_system_requirements (product_id, platform, title, minimum, recommended) VALUES (46, 'win', 'OS', '', 'Windows 10 64-bit');

INSERT INTO product_system_requirements (product_id, platform, title, minimum, recommended) VALUES (46, 'win', 'Processor', 'Intel i3/Ryzen 3 series', 'Intel i5/Ryzen 5 series');

INSERT INTO product_system_requirements (product_id, platform, title, minimum, recommended) VALUES (46, 'win', 'Memory', '6 GB RAM', '8 GB RAM');

INSERT INTO product_system_requirements (product_id, platform, title, minimum, recommended) VALUES (46, 'win', 'Graphics', 'Nvidia GTX 900/AMD RX 400 series | Intel Iris Xe Graphics', 'Nvidia GeForce GTX 1660 Ti/AMD RX 5600-XT/Intel Arc A750');

INSERT INTO product_system_requirements (product_id, platform, title, minimum, recommended) VALUES (46, 'win', 'DirectX', 'Version 11', 'Version 11');

INSERT INTO product_system_requirements (product_id, platform, title, minimum, recommended) VALUES (46, 'win', 'Network', '', '');

INSERT INTO product_system_requirements (product_id, platform, title, minimum, recommended) VALUES (46, 'win', 'Storage', '120 GB available space', '120 GB available space');

INSERT INTO product_system_requirements (product_id, platform, title, minimum, recommended) VALUES (46, 'win', 'Additional Notes', 'This game may be updated over time and have paid for and free. additional content released for it. Please be aware that this may increase the minimum requirements for running the game above the specification stated here.', '8GB Memory if using integrated GPU.');

INSERT INTO product_system_requirements (product_id, platform, title, minimum, recommended) VALUES (46, 'mac', 'OS', '', '');

INSERT INTO product_system_requirements (product_id, platform, title, minimum, recommended) VALUES (46, 'mac', 'Processor', '', '');

INSERT INTO product_system_requirements (product_id, platform, title, minimum, recommended) VALUES (46, 'mac', 'Memory', '', '');

INSERT INTO product_system_requirements (product_id, platform, title, minimum, recommended) VALUES (46, 'mac', 'Graphics', '', '');

INSERT INTO product_system_requirements (product_id, platform, title, minimum, recommended) VALUES (46, 'mac', 'DirectX', '', '');

INSERT INTO product_system_requirements (product_id, platform, title, minimum, recommended) VALUES (46, 'mac', 'Network', '', '');

INSERT INTO product_system_requirements (product_id, platform, title, minimum, recommended) VALUES (46, 'mac', 'Storage', '', '');

INSERT INTO product_system_requirements (product_id, platform, title, minimum, recommended) VALUES (46, 'mac', 'Additional Notes', '', '');

INSERT INTO product_system_requirements (product_id, platform, title, minimum, recommended) VALUES (46, 'linux', 'OS', 'Ubuntu 20.04 LTS', 'Ubuntu 20.04 LTS');

INSERT INTO product_system_requirements (product_id, platform, title, minimum, recommended) VALUES (46, 'linux', 'Processor', '3.4GHz Intel Core i3-4130 or AMD Ryzen CPU equivalent', '3.4GHz Intel Core i7-4770 or AMD Ryzen CPU equivalent');

INSERT INTO product_system_requirements (product_id, platform, title, minimum, recommended) VALUES (46, 'linux', 'Memory', '8 GB RAM', '8 GB RAM');

INSERT INTO product_system_requirements (product_id, platform, title, minimum, recommended) VALUES (46, 'linux', 'Graphics', 'NVIDIA GeForce GTX 970 4GB or AMD Radeon RX 470 4GB', 'NVIDIA GeForce GTX 1070 8GB or AMD Radeon RX 5700 XT 8GB');

INSERT INTO product_system_requirements (product_id, platform, title, minimum, recommended) VALUES (46, 'linux', 'DirectX', '', '');

INSERT INTO product_system_requirements (product_id, platform, title, minimum, recommended) VALUES (46, 'linux', 'Network', '', '');

INSERT INTO product_system_requirements (product_id, platform, title, minimum, recommended) VALUES (46, 'linux', 'Storage', '125 GB available space', '125 GB available space');

INSERT INTO product_system_requirements (product_id, platform, title, minimum, recommended) VALUES (46, 'linux', 'Additional Notes', 'Requires Vulkan, NVIDIA driver version 470.xx or later required (tested), AMD Mesa driver version 23.2.1 or later required (tested), Intel GPUs are not supported at the time of release', 'Requires Vulkan, NVIDIA driver version 470.xx or later required (tested), AMD Mesa driver version 23.2.1 or later required (tested), Intel GPUs are not supported at the time of release');

INSERT INTO product_screenshots (product_id, screenshot) VALUES
(46, 'https://shared.fastly.steamstatic.com/store_item_assets/steam/apps/1142710/ss_6149b0570c42cda0e40b4de71e6f48bbe5c4c577.1920x1080.jpg?t=1734023395'),
(46, 'https://shared.fastly.steamstatic.com/store_item_assets/steam/apps/1142710/ss_320f5373c16e33f50c0ee2ccc822344c0e0d5f8d.1920x1080.jpg?t=1734023395'),
(46, 'https://shared.fastly.steamstatic.com/store_item_assets/steam/apps/1142710/ss_4afac709f1bfe992122e315852cf6ea2f58b28ba.1920x1080.jpg?t=1734023395'),
(46, 'https://shared.fastly.steamstatic.com/store_item_assets/steam/apps/1142710/ss_086d9d777d14d64c9e8bc1713b088381033dfeeb.1920x1080.jpg?t=1734023395'),
(46, 'https://shared.fastly.steamstatic.com/store_item_assets/steam/apps/1142710/ss_7c75e458f64a5d1c6d7360fd1e30c73c4f655f0b.1920x1080.jpg?t=1734023395'),
(46, 'https://shared.fastly.steamstatic.com/store_item_assets/steam/apps/1142710/ss_77d1f2d9a162b8ddf6f84a210ee39c3b74ee576a.1920x1080.jpg?t=1734023395'),
(46, 'https://shared.fastly.steamstatic.com/store_item_assets/steam/apps/1142710/ss_a55fad2780446067c6eb8079c92a5bd218e1b542.1920x1080.jpg?t=1734023395'),
(46, 'https://shared.fastly.steamstatic.com/store_item_assets/steam/apps/1142710/ss_b92530cc6fc9c4cb0f066eb42983bf7ca17b478b.1920x1080.jpg?t=1734023395'),
(46, 'https://shared.fastly.steamstatic.com/store_item_assets/steam/apps/1142710/ss_f2876f3cb6f313d8f1271596b259fc47a69d4c15.1920x1080.jpg?t=1734023395'),
(46, 'https://shared.fastly.steamstatic.com/store_item_assets/steam/apps/1142710/ss_8c43a21dcb0af8114168c97159361dee76b39c32.1920x1080.jpg?t=1734023395'),
(46, 'https://shared.fastly.steamstatic.com/store_item_assets/steam/apps/1142710/ss_096cc26ed1c7a96e8e4fb7c2df71472c1b8b951a.1920x1080.jpg?t=1734023395'),
(46, 'https://shared.fastly.steamstatic.com/store_item_assets/steam/apps/1142710/ss_2217d0c20782e838586373036c6abb60dcdc7059.1920x1080.jpg?t=1734023395'),
(46, 'https://shared.fastly.steamstatic.com/store_item_assets/steam/apps/1142710/ss_412c2f277066c99dc0e69f2b448b8ac3122237b7.1920x1080.jpg?t=1734023395'),
(46, 'https://shared.fastly.steamstatic.com/store_item_assets/steam/apps/1142710/ss_bd50f97d4a8a8d8b245a7e50ab8b6910b7861526.1920x1080.jpg?t=1734023395');

INSERT INTO product_videos (product_id, mp4, webm, thumbnail) VALUES
(46, 'https://video.fastly.steamstatic.com/store_trailers/256930877/movie480.mp4?t=1734023389', 'https://video.fastly.steamstatic.com/store_trailers/256930877/movie480_vp9.webm?t=1734023389', 'https://shared.fastly.steamstatic.com/store_item_assets/steam/apps/256930877/movie.293x165.jpg?t=1734023389'),
(46, 'https://video.fastly.steamstatic.com/store_trailers/256874322/movie480.mp4?t=1645093986', 'https://video.fastly.steamstatic.com/store_trailers/256874322/movie480_vp9.webm?t=1645093986', 'https://shared.fastly.steamstatic.com/store_item_assets/steam/apps/256874322/movie.293x165.jpg?t=1645093986'),
(46, 'https://video.fastly.steamstatic.com/store_trailers/256869812/movie480.mp4?t=1644319292', 'https://video.fastly.steamstatic.com/store_trailers/256869812/movie480_vp9.webm?t=1644319292', 'https://shared.fastly.steamstatic.com/store_item_assets/steam/apps/256869812/movie.293x165.jpg?t=1644319292'),
(46, 'https://video.fastly.steamstatic.com/store_trailers/256874323/movie480.mp4?t=1645093997', 'https://video.fastly.steamstatic.com/store_trailers/256874323/movie480_vp9.webm?t=1645093997', 'https://shared.fastly.steamstatic.com/store_item_assets/steam/apps/256874323/movie.293x165.jpg?t=1645093997');

INSERT INTO products (id, title, type, description, price, discount, discountStartDate, discountEndDate, releaseDate, rating, isActive, headerImage)
VALUES (47, 'The Sims™ 4', 'Game', 'Play with life and discover the possibilities. Unleash your imagination and create a world of Sims that’s wholly unique. Explore and customize every detail from Sims to homes–and much more.', 0, 0, NULL, NULL, '2014-09-02', 0, TRUE, 'https://shared.fastly.steamstatic.com/store_item_assets/steam/apps/1222670/header.jpg?t=1734695387');

INSERT INTO product_developers (product_id, developer) VALUES
(47, 'Maxis');

INSERT INTO product_publishers (product_id, publisher) VALUES
(47, 'Electronic Arts');

INSERT INTO product_platforms (product_id, platform) VALUES
(47, 'Windows');

INSERT INTO product_genres (product_id, genre) VALUES
(47, 'Adventure'),
(47, 'Casual'),
(47, 'Simulation'),
(47, 'Free To Play');

INSERT INTO product_tags (product_id, tag) VALUES
(47, 'Life Sim'),
(47, 'Character Customization'),
(47, 'Free to Play'),
(47, 'Multiplayer'),
(47, 'Building'),
(47, 'Romance'),
(47, 'Sandbox'),
(47, 'Simulation'),
(47, 'Singleplayer'),
(47, 'Dating Sim'),
(47, 'Relaxing'),
(47, 'Casual'),
(47, 'Realistic'),
(47, 'Funny'),
(47, 'Cute'),
(47, 'Family Friendly'),
(47, 'Immersive Sim'),
(47, 'Fantasy'),
(47, 'Adventure'),
(47, 'Cartoony');

INSERT INTO product_features (product_id, feature) VALUES
(47, 'Single-player'),
(47, 'Steam Trading Cards'),
(47, 'Remote Play on Tablet');

INSERT INTO product_system_requirements (product_id, platform, title, minimum, recommended) VALUES (47, 'win', 'OS', '64 Bit Required. Windows 10', '64 Bit Windows 10');

INSERT INTO product_system_requirements (product_id, platform, title, minimum, recommended) VALUES (47, 'win', 'Processor', '3.3 GHz Intel Core i3-3220 (2 cores, 4 threads), AMD Ryzen 3 1200 3.1 GHz (4 cores) or better', 'Intel core i5 (4 cores), AMD Ryzen 5 or better');

INSERT INTO product_system_requirements (product_id, platform, title, minimum, recommended) VALUES (47, 'win', 'Memory', '4 GB RAM', '8 GB RAM');

INSERT INTO product_system_requirements (product_id, platform, title, minimum, recommended) VALUES (47, 'win', 'Graphics', 'NVIDIA GeForce 6600 or better, ATI Radeon X1300 or better, Intel GMA X4500 or better', '1 GB of Video RAM, NVIDIA GTX 650, AMD Radeon HD 7750, or better');

INSERT INTO product_system_requirements (product_id, platform, title, minimum, recommended) VALUES (47, 'win', 'DirectX', 'Version 11', 'Version 11');

INSERT INTO product_system_requirements (product_id, platform, title, minimum, recommended) VALUES (47, 'win', 'Network', 'Broadband Internet connection', 'Broadband Internet connection');

INSERT INTO product_system_requirements (product_id, platform, title, minimum, recommended) VALUES (47, 'win', 'Storage', '26 GB available space', '51 GB available space');

INSERT INTO product_system_requirements (product_id, platform, title, minimum, recommended) VALUES (47, 'win', 'Additional Notes', '', '');

INSERT INTO product_screenshots (product_id, screenshot) VALUES
(47, 'https://shared.fastly.steamstatic.com/store_item_assets/steam/apps/1222670/ss_537683e5e29c2d6d02c64aa7321dcb26166f7d82.1920x1080.jpg?t=1734695387'),
(47, 'https://shared.fastly.steamstatic.com/store_item_assets/steam/apps/1222670/ss_2fc938d99a1e87893852cb2d2113478190607941.1920x1080.jpg?t=1734695387'),
(47, 'https://shared.fastly.steamstatic.com/store_item_assets/steam/apps/1222670/ss_b447d6436d2d00cd5e7c170e509b2246dfc879e8.1920x1080.jpg?t=1734695387'),
(47, 'https://shared.fastly.steamstatic.com/store_item_assets/steam/apps/1222670/ss_e1f0ce3ca2c9a538e382cc8b040944fe05af4bb2.1920x1080.jpg?t=1734695387'),
(47, 'https://shared.fastly.steamstatic.com/store_item_assets/steam/apps/1222670/ss_7d9baea1aedeeb41cb197a9e45a30f0b91b4baf9.1920x1080.jpg?t=1734695387');

INSERT INTO product_videos (product_id, mp4, webm, thumbnail) VALUES
(47, 'https://video.fastly.steamstatic.com/store_trailers/256911304/movie480.mp4?t=1666105085', 'https://video.fastly.steamstatic.com/store_trailers/256911304/movie480_vp9.webm?t=1666105085', 'https://shared.fastly.steamstatic.com/store_item_assets/steam/apps/256911304/movie.293x165.jpg?t=1666105085'),
(47, 'https://video.fastly.steamstatic.com/store_trailers/256911362/movie480.mp4?t=1666105095', 'https://video.fastly.steamstatic.com/store_trailers/256911362/movie480_vp9.webm?t=1666105095', 'https://shared.fastly.steamstatic.com/store_item_assets/steam/apps/256911362/movie.293x165.jpg?t=1666105095'),
(47, 'https://video.fastly.steamstatic.com/store_trailers/256911352/movie480.mp4?t=1666105090', 'https://video.fastly.steamstatic.com/store_trailers/256911352/movie480_vp9.webm?t=1666105090', 'https://shared.fastly.steamstatic.com/store_item_assets/steam/apps/256911352/movie.293x165.jpg?t=1666105090'),
(47, 'https://video.fastly.steamstatic.com/store_trailers/256790450/movie480.mp4?t=1659687437', 'https://video.fastly.steamstatic.com/store_trailers/256790450/movie480_vp9.webm?t=1659687437', 'https://shared.fastly.steamstatic.com/store_item_assets/steam/apps/256790450/movie.293x165.jpg?t=1659687437');

INSERT INTO products (id, title, type, description, price, discount, discountStartDate, discountEndDate, releaseDate, rating, isActive, headerImage)
VALUES (48, 'Dead by Daylight', 'Game', 'Trapped forever in a realm of eldritch evil where even death is not an escape, four determined Survivors face a bloodthirsty Killer in a vicious game of nerve and wits. Pick a side and step into a world of tension and terror with horror gaming''s best asymmetrical multiplayer.', 19.99, 0, NULL, NULL, '2016-06-14', 0, TRUE, 'https://shared.fastly.steamstatic.com/store_item_assets/steam/apps/381210/header.jpg?t=1734471225');

INSERT INTO product_developers (product_id, developer) VALUES
(48, 'Behaviour Interactive Inc.');

INSERT INTO product_publishers (product_id, publisher) VALUES
(48, 'Behaviour Interactive Inc.');

INSERT INTO product_platforms (product_id, platform) VALUES
(48, 'Windows');

INSERT INTO product_genres (product_id, genre) VALUES
(48, 'Action');

INSERT INTO product_tags (product_id, tag) VALUES
(48, 'Horror'),
(48, 'Multiplayer'),
(48, 'Survival Horror'),
(48, 'Online Co-Op'),
(48, 'Co-op'),
(48, 'Survival'),
(48, 'Gore'),
(48, 'Team-Based'),
(48, 'Blood'),
(48, 'Stealth'),
(48, 'Third Person'),
(48, 'Violent'),
(48, 'First-Person'),
(48, 'Psychological Horror'),
(48, 'Action'),
(48, 'Atmospheric'),
(48, 'Strategy'),
(48, 'Comedy'),
(48, 'Mature'),
(48, 'Difficult');

INSERT INTO product_features (product_id, feature) VALUES
(48, 'Online PvP'),
(48, 'Online Co-op'),
(48, 'Cross-Platform Multiplayer'),
(48, 'Steam Achievements'),
(48, 'Steam Trading Cards'),
(48, 'Steam Cloud'),
(48, 'Remote Play on Phone'),
(48, 'Remote Play on Tablet'),
(48, 'Remote Play on TV'),
(48, 'Family Sharing');

INSERT INTO product_system_requirements (product_id, platform, title, minimum, recommended) VALUES (48, 'win', 'OS', 'Windows 10 64-bit Operating System', 'Windows 10 64-bit Operating System');

INSERT INTO product_system_requirements (product_id, platform, title, minimum, recommended) VALUES (48, 'win', 'Processor', 'Intel Core i3-4170 or AMD FX-8120', 'Intel Core i3-4170 or AMD FX-8300 or higher');

INSERT INTO product_system_requirements (product_id, platform, title, minimum, recommended) VALUES (48, 'win', 'Memory', '8 GB RAM', '8 GB RAM');

INSERT INTO product_system_requirements (product_id, platform, title, minimum, recommended) VALUES (48, 'win', 'Graphics', 'DX11 Compatible GeForce GTX 460 1GB or AMD HD 6850 1GB', 'DX11 Compatible GeForce 760 or AMD HD 8800 or higher with 4GB of RAM');

INSERT INTO product_system_requirements (product_id, platform, title, minimum, recommended) VALUES (48, 'win', 'DirectX', 'Version 11', 'Version 11');

INSERT INTO product_system_requirements (product_id, platform, title, minimum, recommended) VALUES (48, 'win', 'Network', 'Broadband Internet connection', 'Broadband Internet connection');

INSERT INTO product_system_requirements (product_id, platform, title, minimum, recommended) VALUES (48, 'win', 'Storage', '50 GB available space', '50 GB available space');

INSERT INTO product_system_requirements (product_id, platform, title, minimum, recommended) VALUES (48, 'win', 'Additional Notes', 'With these requirements, it is recommended that the game is played on Low quality settings.', '');

INSERT INTO product_screenshots (product_id, screenshot) VALUES
(48, 'https://shared.fastly.steamstatic.com/store_item_assets/steam/apps/381210/ss_659500624438a4aa77bfdf304cba3ecebcd92ed9.1920x1080.jpg?t=1734471225'),
(48, 'https://shared.fastly.steamstatic.com/store_item_assets/steam/apps/381210/ss_ca6b39f2fcac8feb75d23976b1be31290d58d159.1920x1080.jpg?t=1734471225'),
(48, 'https://shared.fastly.steamstatic.com/store_item_assets/steam/apps/381210/ss_4075aac79adfe1a5b71665d2cc5ff7d52122650b.1920x1080.jpg?t=1734471225'),
(48, 'https://shared.fastly.steamstatic.com/store_item_assets/steam/apps/381210/ss_d3778cc9576bf3457f4ba896a443a114c0455753.1920x1080.jpg?t=1734471225'),
(48, 'https://shared.fastly.steamstatic.com/store_item_assets/steam/apps/381210/ss_b142095e4f9e5d9db978270ea09e8b9149db9f18.1920x1080.jpg?t=1734471225'),
(48, 'https://shared.fastly.steamstatic.com/store_item_assets/steam/apps/381210/ss_430577c364a68dbe24e8a1d895bd678ea04b87d5.1920x1080.jpg?t=1734471225'),
(48, 'https://shared.fastly.steamstatic.com/store_item_assets/steam/apps/381210/ss_969a7841466e12f063c2d9a72520cce1c3b2f331.1920x1080.jpg?t=1734471225'),
(48, 'https://shared.fastly.steamstatic.com/store_item_assets/steam/apps/381210/ss_cd57ce3a42d66d90164534ad71388527f1e0cf7b.1920x1080.jpg?t=1734471225'),
(48, 'https://shared.fastly.steamstatic.com/store_item_assets/steam/apps/381210/ss_bd49ddb8318bf9d54cb185b57c7fccfe7cb609c0.1920x1080.jpg?t=1734471225'),
(48, 'https://shared.fastly.steamstatic.com/store_item_assets/steam/apps/381210/ss_6f14934aaec5f564c8092c85dca236e04935db9d.1920x1080.jpg?t=1734471225'),
(48, 'https://shared.fastly.steamstatic.com/store_item_assets/steam/apps/381210/ss_b20e7868e4a80f619fb2e4ef69f7228048a68e99.1920x1080.jpg?t=1734471225'),
(48, 'https://shared.fastly.steamstatic.com/store_item_assets/steam/apps/381210/ss_42f2866b00cf92cbe84bc8bb32c1fe65911c074c.1920x1080.jpg?t=1734471225');

INSERT INTO product_videos (product_id, mp4, webm, thumbnail) VALUES
(48, 'https://video.fastly.steamstatic.com/store_trailers/257077236/movie480.mp4?t=1732810058', 'https://video.fastly.steamstatic.com/store_trailers/257077236/movie480_vp9.webm?t=1732810058', 'https://shared.fastly.steamstatic.com/store_item_assets/steam/apps/257077236/5c27725823fe31f1ee2f2e5d7cc5feb3cda222a0/movie_600x337.jpg?t=1732810058'),
(48, 'https://video.fastly.steamstatic.com/store_trailers/257050021/movie480.mp4?t=1724775452', 'https://video.fastly.steamstatic.com/store_trailers/257050021/movie480_vp9.webm?t=1724775452', 'https://shared.fastly.steamstatic.com/store_item_assets/steam/apps/257050021/movie.293x165.jpg?t=1724775452'),
(48, 'https://video.fastly.steamstatic.com/store_trailers/256686761/movie480.mp4?t=1683120259', 'https://video.fastly.steamstatic.com/store_trailers/256686761/movie480.webm?t=1683120259', 'https://shared.fastly.steamstatic.com/store_item_assets/steam/apps/256686761/movie.293x165.jpg?t=1683120259'),
(48, 'https://video.fastly.steamstatic.com/store_trailers/256855514/movie480.mp4?t=1683120692', 'https://video.fastly.steamstatic.com/store_trailers/256855514/movie480_vp9.webm?t=1683120692', 'https://shared.fastly.steamstatic.com/store_item_assets/steam/apps/256855514/movie.293x165.jpg?t=1683120692'),
(48, 'https://video.fastly.steamstatic.com/store_trailers/256855496/movie480.mp4?t=1683120699', 'https://video.fastly.steamstatic.com/store_trailers/256855496/movie480_vp9.webm?t=1683120699', 'https://shared.fastly.steamstatic.com/store_item_assets/steam/apps/256855496/movie.293x165.jpg?t=1683120699');

INSERT INTO products (id, title, type, description, price, discount, discountStartDate, discountEndDate, releaseDate, rating, isActive, headerImage)
VALUES (49, 'Factorio', 'Game', 'Factorio is a game about building and creating automated factories to produce items of increasing complexity, within an infinite 2D world. Use your imagination to design your factory, combine simple elements into ingenious structures, and finally protect it from the creatures who don''t really like you.', 35, 0, NULL, NULL, '2020-08-14', 0, TRUE, 'https://shared.fastly.steamstatic.com/store_item_assets/steam/apps/427520/header.jpg?t=1730307306');

INSERT INTO product_developers (product_id, developer) VALUES
(49, 'Wube Software LTD.');

INSERT INTO product_publishers (product_id, publisher) VALUES
(49, 'Wube Software LTD.');

INSERT INTO product_platforms (product_id, platform) VALUES
(49, 'Windows');

INSERT INTO product_genres (product_id, genre) VALUES
(49, 'Casual'),
(49, 'Indie'),
(49, 'Simulation'),
(49, 'Strategy');

INSERT INTO product_tags (product_id, tag) VALUES
(49, 'Automation'),
(49, 'Base Building'),
(49, 'Resource Management'),
(49, 'Sandbox'),
(49, 'Crafting'),
(49, 'Strategy'),
(49, 'Multiplayer'),
(49, 'Survival'),
(49, 'Management'),
(49, 'Open World'),
(49, 'Building'),
(49, 'Co-op'),
(49, '2D'),
(49, 'Moddable'),
(49, 'Singleplayer'),
(49, 'Trains'),
(49, 'Simulation'),
(49, 'Pixel Graphics'),
(49, 'City Builder'),
(49, 'Indie');

INSERT INTO product_features (product_id, feature) VALUES
(49, 'Single-player'),
(49, 'Online Co-op'),
(49, 'LAN Co-op'),
(49, 'Cross-Platform Multiplayer'),
(49, 'Steam Achievements'),
(49, 'Steam Cloud'),
(49, 'Includes level editor'),
(49, 'Remote Play on Tablet'),
(49, 'Family Sharing');

INSERT INTO product_system_requirements (product_id, platform, title, minimum, recommended) VALUES (49, 'win', 'OS', 'Windows 11, 10', 'Windows 11, 10');

INSERT INTO product_system_requirements (product_id, platform, title, minimum, recommended) VALUES (49, 'win', 'Processor', 'Quad core 3Ghz+', 'Quad core 4Ghz+ from 2020 or newer');

INSERT INTO product_system_requirements (product_id, platform, title, minimum, recommended) VALUES (49, 'win', 'Memory', '8 GB RAM', '16 GB RAM');

INSERT INTO product_system_requirements (product_id, platform, title, minimum, recommended) VALUES (49, 'win', 'Graphics', 'DirectX 11 capable GPU with 1GB VRAM - GeForce GTX 750 Ti, Radeon R7 360 or Intel UHD Graphics 730', 'DirectX 11 capable GPU with 4 GB VRAM - GeForce GTX 1050 Ti, Radeon RX 570, Intel Arc');

INSERT INTO product_system_requirements (product_id, platform, title, minimum, recommended) VALUES (49, 'win', 'DirectX', 'Version 11', 'Version 11');

INSERT INTO product_system_requirements (product_id, platform, title, minimum, recommended) VALUES (49, 'win', 'Network', '', '');

INSERT INTO product_system_requirements (product_id, platform, title, minimum, recommended) VALUES (49, 'win', 'Storage', '5 GB available space', '10 GB available space');

INSERT INTO product_system_requirements (product_id, platform, title, minimum, recommended) VALUES (49, 'win', 'Additional Notes', 'Normal sprite resolution, Low quality compression, 1080p resolution', 'High sprite resolution, High quality compression');

INSERT INTO product_system_requirements (product_id, platform, title, minimum, recommended) VALUES (49, 'mac', 'OS', 'OS X 10.10 Yosemite', '');

INSERT INTO product_system_requirements (product_id, platform, title, minimum, recommended) VALUES (49, 'mac', 'Processor', '2016 Mac', '2020 Apple Silicon');

INSERT INTO product_system_requirements (product_id, platform, title, minimum, recommended) VALUES (49, 'mac', 'Memory', '8 GB RAM', '16 GB RAM');

INSERT INTO product_system_requirements (product_id, platform, title, minimum, recommended) VALUES (49, 'mac', 'Graphics', '', '');

INSERT INTO product_system_requirements (product_id, platform, title, minimum, recommended) VALUES (49, 'mac', 'DirectX', '', '');

INSERT INTO product_system_requirements (product_id, platform, title, minimum, recommended) VALUES (49, 'mac', 'Network', '', '');

INSERT INTO product_system_requirements (product_id, platform, title, minimum, recommended) VALUES (49, 'mac', 'Storage', '5 GB available space', '10 GB available space');

INSERT INTO product_system_requirements (product_id, platform, title, minimum, recommended) VALUES (49, 'mac', 'Additional Notes', 'Normal sprite resolution, Low quality compression, 1080p resolution', 'High sprite resolution, High quality compression');

INSERT INTO product_system_requirements (product_id, platform, title, minimum, recommended) VALUES (49, 'linux', 'OS', 'Linux (tarball installation)', 'Linux (tarball installation)');

INSERT INTO product_system_requirements (product_id, platform, title, minimum, recommended) VALUES (49, 'linux', 'Processor', 'Dual core 3Ghz+', 'Quad core 3GHz+');

INSERT INTO product_system_requirements (product_id, platform, title, minimum, recommended) VALUES (49, 'linux', 'Memory', '8 GB RAM', '16 GB RAM');

INSERT INTO product_system_requirements (product_id, platform, title, minimum, recommended) VALUES (49, 'linux', 'Graphics', 'DirectX 11 capable GPU with 1GB VRAM - GeForce GTX 750 Ti, Radeon R7 360 or Intel UHD Graphics 730', 'DirectX 11 capable GPU with 4 GB VRAM - GeForce GTX 1050 Ti, Radeon RX 570, Intel Arc');

INSERT INTO product_system_requirements (product_id, platform, title, minimum, recommended) VALUES (49, 'linux', 'DirectX', '', '');

INSERT INTO product_system_requirements (product_id, platform, title, minimum, recommended) VALUES (49, 'linux', 'Network', '', '');

INSERT INTO product_system_requirements (product_id, platform, title, minimum, recommended) VALUES (49, 'linux', 'Storage', '5 GB available space', '10 GB available space');

INSERT INTO product_system_requirements (product_id, platform, title, minimum, recommended) VALUES (49, 'linux', 'Additional Notes', 'Normal sprite resolution, Low quality compression, 1080p resolution', 'High sprite resolution, High quality compression');

INSERT INTO product_screenshots (product_id, screenshot) VALUES
(49, 'https://shared.fastly.steamstatic.com/store_item_assets/steam/apps/427520/ss_36e4d8e5540805f5ed492d24d784ed9ba661752b.1920x1080.jpg?t=1730307306'),
(49, 'https://shared.fastly.steamstatic.com/store_item_assets/steam/apps/427520/ss_171f398a8e347fad650a9c1b6c3b77c612781510.1920x1080.jpg?t=1730307306'),
(49, 'https://shared.fastly.steamstatic.com/store_item_assets/steam/apps/427520/ss_0bf814493f247b6baa093511b46c352cf9e98435.1920x1080.jpg?t=1730307306'),
(49, 'https://shared.fastly.steamstatic.com/store_item_assets/steam/apps/427520/ss_2533e54b0bd90a29adbedb60108ed277536ad445.1920x1080.jpg?t=1730307306'),
(49, 'https://shared.fastly.steamstatic.com/store_item_assets/steam/apps/427520/ss_192864c00fc38b5ef97b97ca7fa655a9aed7c0da.1920x1080.jpg?t=1730307306'),
(49, 'https://shared.fastly.steamstatic.com/store_item_assets/steam/apps/427520/ss_e301bde0fc0e996ba93e92639cd49dd90ae47b36.1920x1080.jpg?t=1730307306'),
(49, 'https://shared.fastly.steamstatic.com/store_item_assets/steam/apps/427520/ss_57665be6cc629906ae7004799e90699c69c07c97.1920x1080.jpg?t=1730307306'),
(49, 'https://shared.fastly.steamstatic.com/store_item_assets/steam/apps/427520/ss_9dba6c91d45eededca01f9f61bf1435be2dfbf0d.1920x1080.jpg?t=1730307306'),
(49, 'https://shared.fastly.steamstatic.com/store_item_assets/steam/apps/427520/ss_124dc8dc3fd282f6feb2d9ee20aebd2d73188e02.1920x1080.jpg?t=1730307306'),
(49, 'https://shared.fastly.steamstatic.com/store_item_assets/steam/apps/427520/ss_2c4dcb9195a91014ce1189707af3127c4db9b2b0.1920x1080.jpg?t=1730307306'),
(49, 'https://shared.fastly.steamstatic.com/store_item_assets/steam/apps/427520/ss_5903f8ff243e9a89b4f1e15e6e7982159578f8ec.1920x1080.jpg?t=1730307306'),
(49, 'https://shared.fastly.steamstatic.com/store_item_assets/steam/apps/427520/ss_0e6d3c0d1af06fcde28ef1f1703e142f416ace44.1920x1080.jpg?t=1730307306'),
(49, 'https://shared.fastly.steamstatic.com/store_item_assets/steam/apps/427520/ss_aee9573a97f97fbb7daac6c76709c62228ec5e00.1920x1080.jpg?t=1730307306'),
(49, 'https://shared.fastly.steamstatic.com/store_item_assets/steam/apps/427520/ss_b3cbbdb8e10d2f172297c4cc792d908fdb68529e.1920x1080.jpg?t=1730307306'),
(49, 'https://shared.fastly.steamstatic.com/store_item_assets/steam/apps/427520/ss_caac427e023e8682cc4bf1aba233538cf267e6fa.1920x1080.jpg?t=1730307306'),
(49, 'https://shared.fastly.steamstatic.com/store_item_assets/steam/apps/427520/ss_0714db2482893b77d8622604eaf9d3788734c7a6.1920x1080.jpg?t=1730307306'),
(49, 'https://shared.fastly.steamstatic.com/store_item_assets/steam/apps/427520/ss_3f93f2655cbc3db0da1b3e888aa68a8a9f5f6a47.1920x1080.jpg?t=1730307306'),
(49, 'https://shared.fastly.steamstatic.com/store_item_assets/steam/apps/427520/ss_0a6e8dbaa59e8fa5327d4fd2c8bb2a6909dc864c.1920x1080.jpg?t=1730307306'),
(49, 'https://shared.fastly.steamstatic.com/store_item_assets/steam/apps/427520/ss_46b600e169426189343f525860cb705fecbbc3db.1920x1080.jpg?t=1730307306'),
(49, 'https://shared.fastly.steamstatic.com/store_item_assets/steam/apps/427520/ss_707a4120fed96e579f56d350ae076c20e205ae8f.1920x1080.jpg?t=1730307306'),
(49, 'https://shared.fastly.steamstatic.com/store_item_assets/steam/apps/427520/ss_88545f5f01c635ea0001f3849f064f058dbdf81d.1920x1080.jpg?t=1730307306'),
(49, 'https://shared.fastly.steamstatic.com/store_item_assets/steam/apps/427520/ss_0a6343acf3b3a3d2b1d23e3bc4a21cb890ec14b8.1920x1080.jpg?t=1730307306'),
(49, 'https://shared.fastly.steamstatic.com/store_item_assets/steam/apps/427520/ss_4a8af525907d5711cee45f9df4f55565484fb409.1920x1080.jpg?t=1730307306'),
(49, 'https://shared.fastly.steamstatic.com/store_item_assets/steam/apps/427520/ss_75c02d35dcecc57a747e7a9ec9df4806ef8b3be2.1920x1080.jpg?t=1730307306'),
(49, 'https://shared.fastly.steamstatic.com/store_item_assets/steam/apps/427520/ss_37aa19e26e20e18a220fd8870dac6efb0e98b5f0.1920x1080.jpg?t=1730307306'),
(49, 'https://shared.fastly.steamstatic.com/store_item_assets/steam/apps/427520/ss_b9a77ea7a73d9acf22d6e86215d7376cdcd0eb9c.1920x1080.jpg?t=1730307306'),
(49, 'https://shared.fastly.steamstatic.com/store_item_assets/steam/apps/427520/ss_5b4ca37921ff8a0b9ad328028179d3d3a952f1a4.1920x1080.jpg?t=1730307306'),
(49, 'https://shared.fastly.steamstatic.com/store_item_assets/steam/apps/427520/ss_a849d4a6b7d990ad6669906be9d8de44c4fb2ef2.1920x1080.jpg?t=1730307306'),
(49, 'https://shared.fastly.steamstatic.com/store_item_assets/steam/apps/427520/ss_6418c33bc4ce393557507089ba28fc5220e2b8e0.1920x1080.jpg?t=1730307306'),
(49, 'https://shared.fastly.steamstatic.com/store_item_assets/steam/apps/427520/ss_a066c38bbd26f5b5e8b0385e6e84efc4de4aceed.1920x1080.jpg?t=1730307306'),
(49, 'https://shared.fastly.steamstatic.com/store_item_assets/steam/apps/427520/ss_00c51f1518de5ff75ef884cf3f66ee50e4e5ded1.1920x1080.jpg?t=1730307306'),
(49, 'https://shared.fastly.steamstatic.com/store_item_assets/steam/apps/427520/ss_21820439ab772913e4be55ec2db5165eac655e8c.1920x1080.jpg?t=1730307306'),
(49, 'https://shared.fastly.steamstatic.com/store_item_assets/steam/apps/427520/ss_773b26c58fede6b7e6df879d1d3a73f840f72114.1920x1080.jpg?t=1730307306'),
(49, 'https://shared.fastly.steamstatic.com/store_item_assets/steam/apps/427520/ss_3e68dabdf5c6f465d7ec891beba137c8f7e31f78.1920x1080.jpg?t=1730307306');

INSERT INTO product_videos (product_id, mp4, webm, thumbnail) VALUES
(49, 'https://video.fastly.steamstatic.com/store_trailers/256796273/movie480.mp4?t=1597395499', 'https://video.fastly.steamstatic.com/store_trailers/256796273/movie480_vp9.webm?t=1597395499', 'https://shared.fastly.steamstatic.com/store_item_assets/steam/apps/256796273/movie.293x165.jpg?t=1597395499'),
(49, 'https://video.fastly.steamstatic.com/store_trailers/256660593/movie480.mp4?t=1456427081', 'https://video.fastly.steamstatic.com/store_trailers/256660593/movie480.webm?t=1456427081', 'https://shared.fastly.steamstatic.com/store_item_assets/steam/apps/256660593/movie.293x165.jpg?t=1456427081'),
(49, 'https://video.fastly.steamstatic.com/store_trailers/256796265/movie480.mp4?t=1597395492', 'https://video.fastly.steamstatic.com/store_trailers/256796265/movie480_vp9.webm?t=1597395492', 'https://shared.fastly.steamstatic.com/store_item_assets/steam/apps/256796265/movie.293x165.jpg?t=1597395492');

INSERT INTO products (id, title, type, description, price, discount, discountStartDate, discountEndDate, releaseDate, rating, isActive, headerImage)
VALUES (50, 'ARK: Survival Ascended', 'Game', 'ARK is reimagined from the ground-up into the next-generation of video game technology with Unreal Engine 5! Form a tribe, tame & breed hundreds of unique dinosaurs and primeval creatures, explore, craft, build, and fight your way to the top of the food-chain. Your new world awaits!', 44.99, 0, NULL, NULL, '2023-10-26', 0, TRUE, 'https://shared.fastly.steamstatic.com/store_item_assets/steam/apps/2399830/header.jpg?t=1734731865');

INSERT INTO product_developers (product_id, developer) VALUES
(50, 'Studio Wildcard'),
(50, 'Grove Street Games'),
(50, 'Instinct Games');

INSERT INTO product_publishers (product_id, publisher) VALUES
(50, 'Studio Wildcard'),
(50, 'Snail Games USA');

INSERT INTO product_platforms (product_id, platform) VALUES
(50, 'Windows');

INSERT INTO product_genres (product_id, genre) VALUES
(50, 'Action'),
(50, 'Adventure'),
(50, 'Indie'),
(50, 'Massively Multiplayer'),
(50, 'RPG'),
(50, 'Early Access');

INSERT INTO product_tags (product_id, tag) VALUES
(50, 'Early Access'),
(50, 'Survival'),
(50, 'Open World'),
(50, 'Multiplayer'),
(50, 'Dinosaurs'),
(50, 'Adventure'),
(50, 'Building'),
(50, 'Crafting'),
(50, 'Base Building'),
(50, 'Action'),
(50, 'Sandbox'),
(50, 'Character Customization'),
(50, 'PvP'),
(50, 'PvE'),
(50, 'Singleplayer'),
(50, 'Massively Multiplayer'),
(50, 'Inventory Management'),
(50, 'RPG'),
(50, 'Fantasy'),
(50, 'Sci-fi');

INSERT INTO product_features (product_id, feature) VALUES
(50, 'Single-player'),
(50, 'MMO'),
(50, 'Online PvP'),
(50, 'LAN PvP'),
(50, 'Online Co-op'),
(50, 'LAN Co-op'),
(50, 'Shared/Split Screen Co-op'),
(50, 'Cross-Platform Multiplayer'),
(50, 'Steam Achievements'),
(50, 'Includes level editor'),
(50, 'Remote Play Together'),
(50, 'Family Sharing');

INSERT INTO product_system_requirements (product_id, platform, title, minimum, recommended) VALUES (50, 'win', 'OS', 'Windows 10/11 with updates', 'Windows 10/11 with updates');

INSERT INTO product_system_requirements (product_id, platform, title, minimum, recommended) VALUES (50, 'win', 'Processor', 'AMD Ryzen 5 2600X, Intel Core i7-6800K', 'AMD Ryzen 5 3600X, Intel i5-10600K');

INSERT INTO product_system_requirements (product_id, platform, title, minimum, recommended) VALUES (50, 'win', 'Memory', '16 GB RAM', '32 GB RAM');

INSERT INTO product_system_requirements (product_id, platform, title, minimum, recommended) VALUES (50, 'win', 'Graphics', 'AMD Radeon RX 5600 XT, NVIDIA GeForce 1080', 'AMD Radeon RX 6800, NVIDIA GeForce RTX 3080');

INSERT INTO product_system_requirements (product_id, platform, title, minimum, recommended) VALUES (50, 'win', 'DirectX', 'Version 12', 'Version 12');

INSERT INTO product_system_requirements (product_id, platform, title, minimum, recommended) VALUES (50, 'win', 'Network', 'Broadband Internet connection', 'Broadband Internet connection');

INSERT INTO product_system_requirements (product_id, platform, title, minimum, recommended) VALUES (50, 'win', 'Storage', '70 GB available space', '70 GB available space');

INSERT INTO product_system_requirements (product_id, platform, title, minimum, recommended) VALUES (50, 'win', 'Additional Notes', 'SSD Required', 'SSD Required');

INSERT INTO product_screenshots (product_id, screenshot) VALUES
(50, 'https://shared.fastly.steamstatic.com/store_item_assets/steam/apps/2399830/ss_44f74e86ebd6620a4f0a1f3f8ea97f73dc215e69.1920x1080.jpg?t=1734731865'),
(50, 'https://shared.fastly.steamstatic.com/store_item_assets/steam/apps/2399830/ss_65c0de5ced28281764990a299eb3926629b2863e.1920x1080.jpg?t=1734731865'),
(50, 'https://shared.fastly.steamstatic.com/store_item_assets/steam/apps/2399830/ss_0ce49e629369dbf9e8fba324667167568c05c66f.1920x1080.jpg?t=1734731865'),
(50, 'https://shared.fastly.steamstatic.com/store_item_assets/steam/apps/2399830/ss_63a6ea13596a948b7873ed6de4fd4d01f9cbe57b.1920x1080.jpg?t=1734731865'),
(50, 'https://shared.fastly.steamstatic.com/store_item_assets/steam/apps/2399830/ss_37b5cb9485658f91b856a0714a8cbdc69f1802b1.1920x1080.jpg?t=1734731865'),
(50, 'https://shared.fastly.steamstatic.com/store_item_assets/steam/apps/2399830/ss_f9e156d2b818d808c65476997283b5da8be8324f.1920x1080.jpg?t=1734731865'),
(50, 'https://shared.fastly.steamstatic.com/store_item_assets/steam/apps/2399830/ss_b3f20fcdde1cd0254fca51b342b27bff3d46e031.1920x1080.jpg?t=1734731865'),
(50, 'https://shared.fastly.steamstatic.com/store_item_assets/steam/apps/2399830/ss_605387fbf8257c111978ed900f3346ef350fc236.1920x1080.jpg?t=1734731865'),
(50, 'https://shared.fastly.steamstatic.com/store_item_assets/steam/apps/2399830/ss_7ff0f04cfc0eec97907eb5197c748576b15793ce.1920x1080.jpg?t=1734731865'),
(50, 'https://shared.fastly.steamstatic.com/store_item_assets/steam/apps/2399830/ss_3c4d9089501a98a9dace96fd5c3ccbf1dfc7d8f4.1920x1080.jpg?t=1734731865'),
(50, 'https://shared.fastly.steamstatic.com/store_item_assets/steam/apps/2399830/ss_35186898f5260a406f934132a211df6e53f39843.1920x1080.jpg?t=1734731865'),
(50, 'https://shared.fastly.steamstatic.com/store_item_assets/steam/apps/2399830/ss_41510c0b426ecf626b3d1efd727a9fdd7feeb5ec.1920x1080.jpg?t=1734731865'),
(50, 'https://shared.fastly.steamstatic.com/store_item_assets/steam/apps/2399830/ss_87b09e915d4447a27efb15f403de05168b8d477a.1920x1080.jpg?t=1734731865'),
(50, 'https://shared.fastly.steamstatic.com/store_item_assets/steam/apps/2399830/ss_f0ed123c9b3916e8d4af8b77936d7230091a6f48.1920x1080.jpg?t=1734731865'),
(50, 'https://shared.fastly.steamstatic.com/store_item_assets/steam/apps/2399830/ss_8059f4af70ce93f68ace8eaefa5e667e9c6bae29.1920x1080.jpg?t=1734731865'),
(50, 'https://shared.fastly.steamstatic.com/store_item_assets/steam/apps/2399830/ss_f47e5ca8725ed5b1fcf09e3924334a6deac4fb95.1920x1080.jpg?t=1734731865'),
(50, 'https://shared.fastly.steamstatic.com/store_item_assets/steam/apps/2399830/ss_ef0dfdf2ffe5690c9d43345162a9984e148dbd59.1920x1080.jpg?t=1734731865'),
(50, 'https://shared.fastly.steamstatic.com/store_item_assets/steam/apps/2399830/ss_e275ab3a3fc0c81250020ad933c8233541d0c80f.1920x1080.jpg?t=1734731865'),
(50, 'https://shared.fastly.steamstatic.com/store_item_assets/steam/apps/2399830/ss_abf0008b3fc897c9e6a5ac988865b4a27742ebc1.1920x1080.jpg?t=1734731865'),
(50, 'https://shared.fastly.steamstatic.com/store_item_assets/steam/apps/2399830/ss_83fdbd71f7c8480bcfa3ea649d0e2f0bd338c3d8.1920x1080.jpg?t=1734731865'),
(50, 'https://shared.fastly.steamstatic.com/store_item_assets/steam/apps/2399830/ss_05feda9a6ff1faa4c72b42d1030c2183d57c24c8.1920x1080.jpg?t=1734731865'),
(50, 'https://shared.fastly.steamstatic.com/store_item_assets/steam/apps/2399830/ss_dd0b6eacfd56be73d96cc181e31b766da1bf31ca.1920x1080.jpg?t=1734731865'),
(50, 'https://shared.fastly.steamstatic.com/store_item_assets/steam/apps/2399830/ss_5642bb62a4c5eb73a137ead64850dce7daa1fb44.1920x1080.jpg?t=1734731865'),
(50, 'https://shared.fastly.steamstatic.com/store_item_assets/steam/apps/2399830/ss_c7f895eaf2439442a89899aa9619aa427faff3f8.1920x1080.jpg?t=1734731865'),
(50, 'https://shared.fastly.steamstatic.com/store_item_assets/steam/apps/2399830/ss_a70f2df966cd355dc03317c22001de24897ffc23.1920x1080.jpg?t=1734731865'),
(50, 'https://shared.fastly.steamstatic.com/store_item_assets/steam/apps/2399830/ss_99a39d658e92b9923a5b6db18784dd132e85e568.1920x1080.jpg?t=1734731865'),
(50, 'https://shared.fastly.steamstatic.com/store_item_assets/steam/apps/2399830/ss_8b1b5feb3ba01138d3b44d7b5aa87eaa7d523514.1920x1080.jpg?t=1734731865'),
(50, 'https://shared.fastly.steamstatic.com/store_item_assets/steam/apps/2399830/ss_33db7bd2ac6fdaf78ec85cf4e87dacd412e86fe4.1920x1080.jpg?t=1734731865'),
(50, 'https://shared.fastly.steamstatic.com/store_item_assets/steam/apps/2399830/ss_618bc6324fe6a54dda83a87720138946b2e96d39.1920x1080.jpg?t=1734731865'),
(50, 'https://shared.fastly.steamstatic.com/store_item_assets/steam/apps/2399830/ss_6ef179272a7bb147d80dfe21a017f42a07bb9eee.1920x1080.jpg?t=1734731865'),
(50, 'https://shared.fastly.steamstatic.com/store_item_assets/steam/apps/2399830/ss_f2e89b2c18eab18f8aebccf205a072197414ec51.1920x1080.jpg?t=1734731865'),
(50, 'https://shared.fastly.steamstatic.com/store_item_assets/steam/apps/2399830/ss_f0923e330592e2c54b91dc6c1de538c39bdfa83c.1920x1080.jpg?t=1734731865'),
(50, 'https://shared.fastly.steamstatic.com/store_item_assets/steam/apps/2399830/ss_51becafcd80f9ef9a7b79043799418920adccf51.1920x1080.jpg?t=1734731865'),
(50, 'https://shared.fastly.steamstatic.com/store_item_assets/steam/apps/2399830/ss_3958e9a6007073bc4858224a5e0fdc43efff7fd7.1920x1080.jpg?t=1734731865'),
(50, 'https://shared.fastly.steamstatic.com/store_item_assets/steam/apps/2399830/ss_3f4c67df38588c468c90c0584eb11fc139fd49e1.1920x1080.jpg?t=1734731865'),
(50, 'https://shared.fastly.steamstatic.com/store_item_assets/steam/apps/2399830/ss_58f6e04b7594efc3d9ce4e20bb00344c0dfb8a8c.1920x1080.jpg?t=1734731865'),
(50, 'https://shared.fastly.steamstatic.com/store_item_assets/steam/apps/2399830/ss_c12777209409244c9cbbe15133042cc46293106f.1920x1080.jpg?t=1734731865'),
(50, 'https://shared.fastly.steamstatic.com/store_item_assets/steam/apps/2399830/ss_2fc5c1bea7bc2b8f2e3d351cf5ebccd291e308b3.1920x1080.jpg?t=1734731865'),
(50, 'https://shared.fastly.steamstatic.com/store_item_assets/steam/apps/2399830/ss_599b2c610d32e54c193eef045d3e89efbcb187cd.1920x1080.jpg?t=1734731865'),
(50, 'https://shared.fastly.steamstatic.com/store_item_assets/steam/apps/2399830/ss_ff2fbfd2e46a0eced5fdf2f1af6c111e93521fb8.1920x1080.jpg?t=1734731865'),
(50, 'https://shared.fastly.steamstatic.com/store_item_assets/steam/apps/2399830/ss_001050e691ce8970fe1adeeedb3de36a1430023c.1920x1080.jpg?t=1734731865'),
(50, 'https://shared.fastly.steamstatic.com/store_item_assets/steam/apps/2399830/ss_f54032df135de28a4f4880057cd48c1c8b259870.1920x1080.jpg?t=1734731865'),
(50, 'https://shared.fastly.steamstatic.com/store_item_assets/steam/apps/2399830/ss_ed7978434859c04aa210ac4826f4bb26aa245310.1920x1080.jpg?t=1734731865'),
(50, 'https://shared.fastly.steamstatic.com/store_item_assets/steam/apps/2399830/ss_95f986746c29408263f0fd8f7e572b0413b1417a.1920x1080.jpg?t=1734731865'),
(50, 'https://shared.fastly.steamstatic.com/store_item_assets/steam/apps/2399830/ss_4b01cfdf2dc66c334e12f8683831df7f26efe66c.1920x1080.jpg?t=1734731865'),
(50, 'https://shared.fastly.steamstatic.com/store_item_assets/steam/apps/2399830/ss_c00c389d7cc3a6a96cf6000f07a1ae07aaeaa13d.1920x1080.jpg?t=1734731865'),
(50, 'https://shared.fastly.steamstatic.com/store_item_assets/steam/apps/2399830/ss_df4fb7750c6ca3eec72e0423342dd5e59eab410b.1920x1080.jpg?t=1734731865'),
(50, 'https://shared.fastly.steamstatic.com/store_item_assets/steam/apps/2399830/ss_27ac35fbeaf526aa425c0254c65166e1fac8f097.1920x1080.jpg?t=1734731865'),
(50, 'https://shared.fastly.steamstatic.com/store_item_assets/steam/apps/2399830/ss_9389d31038426a2db9d1a2ee2de0171a2a0cbbc0.1920x1080.jpg?t=1734731865'),
(50, 'https://shared.fastly.steamstatic.com/store_item_assets/steam/apps/2399830/ss_10222dafa2a2d7716a7b6f758dc47b5d38c83f83.1920x1080.jpg?t=1734731865'),
(50, 'https://shared.fastly.steamstatic.com/store_item_assets/steam/apps/2399830/ss_c911562083cb366a23f1242b972ab3a64bee99b5.1920x1080.jpg?t=1734731865'),
(50, 'https://shared.fastly.steamstatic.com/store_item_assets/steam/apps/2399830/ss_36084ab60656f13fe04d56ebe4e2bec3bd953202.1920x1080.jpg?t=1734731865');

INSERT INTO product_videos (product_id, mp4, webm, thumbnail) VALUES
(50, 'https://video.fastly.steamstatic.com/store_trailers/256978230/movie480.mp4?t=1698255203', 'https://video.fastly.steamstatic.com/store_trailers/256978230/movie480_vp9.webm?t=1698255203', 'https://shared.fastly.steamstatic.com/store_item_assets/steam/apps/256978230/movie.293x165.jpg?t=1698255203'),
(50, 'https://video.fastly.steamstatic.com/store_trailers/257083953/movie480.mp4?t=1734731857', 'https://video.fastly.steamstatic.com/store_trailers/257083953/movie480_vp9.webm?t=1734731857', 'https://shared.fastly.steamstatic.com/store_item_assets/steam/apps/257083953/484b3a7684cae9fabc4119a8e54c4339b9b060bd/movie_600x337.jpg?t=1734731857'),
(50, 'https://video.fastly.steamstatic.com/store_trailers/257053224/movie480.mp4?t=1725750600', 'https://video.fastly.steamstatic.com/store_trailers/257053224/movie480_vp9.webm?t=1725750600', 'https://shared.fastly.steamstatic.com/store_item_assets/steam/apps/257053224/movie.293x165.jpg?t=1725750600'),
(50, 'https://video.fastly.steamstatic.com/store_trailers/257012996/movie480.mp4?t=1712165091', 'https://video.fastly.steamstatic.com/store_trailers/257012996/movie480_vp9.webm?t=1712165091', 'https://shared.fastly.steamstatic.com/store_item_assets/steam/apps/257012996/movie.293x165.jpg?t=1712165091'),
(50, 'https://video.fastly.steamstatic.com/store_trailers/257028602/movie480.mp4?t=1717616424', 'https://video.fastly.steamstatic.com/store_trailers/257028602/movie480_vp9.webm?t=1717616424', 'https://shared.fastly.steamstatic.com/store_item_assets/steam/apps/257028602/movie.293x165.jpg?t=1717616424');

INSERT INTO products (id, title, type, description, price, discount, discountStartDate, discountEndDate, releaseDate, rating, isActive, headerImage)
VALUES (51, 'NBA 2K25', 'Game', 'Command every court with authenticity and realism Powered by ProPLAY™, giving you ultimate control over how you play in NBA 2K25. Define your legacy in MyCAREER, MyTEAM, MyNBA, and The W.', 69.99, 0, NULL, NULL, '2024-10-29', 0, TRUE, 'https://shared.fastly.steamstatic.com/store_item_assets/steam/apps/2878980/header.jpg?t=1736525487');

INSERT INTO product_developers (product_id, developer) VALUES
(51, 'Visual Concepts');

INSERT INTO product_publishers (product_id, publisher) VALUES
(51, '2K');

INSERT INTO product_platforms (product_id, platform) VALUES
(51, 'Windows');

INSERT INTO product_genres (product_id, genre) VALUES
(51, 'Simulation'),
(51, 'Sports');

INSERT INTO product_tags (product_id, tag) VALUES
(51, 'Sports'),
(51, 'Basketball'),
(51, 'Simulation'),
(51, 'eSports'),
(51, '3D'),
(51, 'Management'),
(51, 'PvP'),
(51, 'Immersive Sim'),
(51, 'Character Customization'),
(51, 'Controller'),
(51, 'Team-Based'),
(51, 'Trading'),
(51, 'Deckbuilding'),
(51, 'Co-op'),
(51, 'Local Co-Op'),
(51, 'Local Multiplayer'),
(51, 'Multiplayer'),
(51, 'Online Co-Op'),
(51, 'Singleplayer'),
(51, '4 Player Local');

INSERT INTO product_features (product_id, feature) VALUES
(51, 'Single-player'),
(51, 'Online PvP'),
(51, 'Shared/Split Screen PvP'),
(51, 'Online Co-op'),
(51, 'Shared/Split Screen Co-op'),
(51, 'Steam Achievements'),
(51, 'In-App Purchases'),
(51, 'Steam Cloud'),
(51, 'Remote Play Together'),
(51, 'Family Sharing');

INSERT INTO product_system_requirements (product_id, platform, title, minimum, recommended) VALUES (51, 'win', 'OS', 'Windows 10 64-Bit (latest update)', 'Windows 10 64-Bit (latest update)');

INSERT INTO product_system_requirements (product_id, platform, title, minimum, recommended) VALUES (51, 'win', 'Processor', 'Intel® Core™ i3-9100 or AMD Ryzen™ 3 1200', 'Intel® Core™ i5-10600 or AMD Ryzen™ 5 3600X');

INSERT INTO product_system_requirements (product_id, platform, title, minimum, recommended) VALUES (51, 'win', 'Memory', '8 GB RAM', '16 GB RAM');

INSERT INTO product_system_requirements (product_id, platform, title, minimum, recommended) VALUES (51, 'win', 'Graphics', 'NVIDIA® GeForce® GTX 960 4 GB or AMD Radeon™ RX 570 4 GB or Intel® Arc™ A580', 'NVIDIA® GeForce® RTX 2070 8 GB or AMD Radeon™ RX 5700 8 GB or Intel® Arc™ A770');

INSERT INTO product_system_requirements (product_id, platform, title, minimum, recommended) VALUES (51, 'win', 'DirectX', 'Version 12', 'Version 12');

INSERT INTO product_system_requirements (product_id, platform, title, minimum, recommended) VALUES (51, 'win', 'Network', 'Broadband Internet connection', 'Broadband Internet connection');

INSERT INTO product_system_requirements (product_id, platform, title, minimum, recommended) VALUES (51, 'win', 'Storage', '150 GB available space', '150 GB available space');

INSERT INTO product_system_requirements (product_id, platform, title, minimum, recommended) VALUES (51, 'win', 'Additional Notes', 'SSD Required.  Dual-analog Gamepad recommended.  Initial installation requires one-time internet connection for Steam authentication. software installations required (included with the game) include DirectX and Visual C++ Redistributable 2019.  In order to play NBA 2K25 on PC, you need a processor capable of supporting AVX2 and a graphics card capable of supporting DirectX feature level 12.0.', 'SSD Required.  Dual-analog Gamepad recommended.  Initial installation requires one-time internet connection for Steam authentication. software installations required (included with the game) include DirectX and Visual C++ Redistributable 2019.  In order to play NBA 2K25 on PC, you need a processor capable of supporting AVX2 and a graphics card capable of supporting DirectX feature level 12.0.');

INSERT INTO product_screenshots (product_id, screenshot) VALUES
(51, 'https://shared.fastly.steamstatic.com/store_item_assets/steam/apps/2878980/ss_8e3db832678488ed1003fa41cc0ef9bd74d332e5.1920x1080.jpg?t=1736525487'),
(51, 'https://shared.fastly.steamstatic.com/store_item_assets/steam/apps/2878980/ss_40b45c20c14c8996000e81f697bd1d09f26ea5fd.1920x1080.jpg?t=1736525487'),
(51, 'https://shared.fastly.steamstatic.com/store_item_assets/steam/apps/2878980/ss_0d4dd0f0fdfe67d8b3c641816b53b01a6ba062a0.1920x1080.jpg?t=1736525487'),
(51, 'https://shared.fastly.steamstatic.com/store_item_assets/steam/apps/2878980/ss_3a08987033974b0e58d9d9f21794da91aae82811.1920x1080.jpg?t=1736525487'),
(51, 'https://shared.fastly.steamstatic.com/store_item_assets/steam/apps/2878980/ss_53d356c675679bf18c50aa65ebcbc7c3857669d1.1920x1080.jpg?t=1736525487'),
(51, 'https://shared.fastly.steamstatic.com/store_item_assets/steam/apps/2878980/ss_0cb3e2c1d49ebade8a1470889a51ba1e53f1dca4.1920x1080.jpg?t=1736525487'),
(51, 'https://shared.fastly.steamstatic.com/store_item_assets/steam/apps/2878980/ss_50899970d4cc8b1200348501fa0e0811b9cedfa5.1920x1080.jpg?t=1736525487'),
(51, 'https://shared.fastly.steamstatic.com/store_item_assets/steam/apps/2878980/ss_cf19ed53b09de49118093e0a176c29b6883d8d98.1920x1080.jpg?t=1736525487'),
(51, 'https://shared.fastly.steamstatic.com/store_item_assets/steam/apps/2878980/ss_d5e12f2c5a4ae91d6bfbb1efb80a49f8121e0467.1920x1080.jpg?t=1736525487'),
(51, 'https://shared.fastly.steamstatic.com/store_item_assets/steam/apps/2878980/ss_a23b79d98bfd1b76a9e46dc56fd00e09d425b021.1920x1080.jpg?t=1736525487'),
(51, 'https://shared.fastly.steamstatic.com/store_item_assets/steam/apps/2878980/ss_fc44a2cc2417f724cea30600e4976187458b7f4e.1920x1080.jpg?t=1736525487');

INSERT INTO product_videos (product_id, mp4, webm, thumbnail) VALUES
(51, 'https://video.fastly.steamstatic.com/store_trailers/257048048/movie480.mp4?t=1724204084', 'https://video.fastly.steamstatic.com/store_trailers/257048048/movie480_vp9.webm?t=1724204084', 'https://shared.fastly.steamstatic.com/store_item_assets/steam/apps/257048048/movie.293x165.jpg?t=1724204084');

INSERT INTO products (id, title, type, description, price, discount, discountStartDate, discountEndDate, releaseDate, rating, isActive, headerImage)
VALUES (52, 'RimWorld', 'Game', 'A sci-fi colony sim driven by an intelligent AI storyteller. Generates stories by simulating psychology, ecology, gunplay, melee combat, climate, biomes, diplomacy, interpersonal relationships, art, medicine, trade, and more.', 34.99, 0, NULL, NULL, '2018-10-17', 0, TRUE, 'https://shared.fastly.steamstatic.com/store_item_assets/steam/apps/294100/header.jpg?t=1734154189');

INSERT INTO product_developers (product_id, developer) VALUES
(52, 'Ludeon Studios');

INSERT INTO product_publishers (product_id, publisher) VALUES
(52, 'Ludeon Studios');

INSERT INTO product_platforms (product_id, platform) VALUES
(52, 'Windows');

INSERT INTO product_genres (product_id, genre) VALUES
(52, 'Indie'),
(52, 'Simulation'),
(52, 'Strategy');

INSERT INTO product_tags (product_id, tag) VALUES
(52, 'Colony Sim'),
(52, 'Base Building'),
(52, 'Survival'),
(52, 'Strategy'),
(52, 'Sandbox'),
(52, 'Management'),
(52, 'Building'),
(52, 'Simulation'),
(52, 'Singleplayer'),
(52, 'Moddable'),
(52, 'City Builder'),
(52, 'Open World'),
(52, 'Procedural Generation'),
(52, '2D'),
(52, 'Sci-fi'),
(52, 'Indie'),
(52, 'Space'),
(52, 'Tactical RPG'),
(52, 'Cartoony'),
(52, 'Western');

INSERT INTO product_features (product_id, feature) VALUES
(52, 'Single-player'),
(52, 'Steam Workshop'),
(52, 'Steam Cloud'),
(52, 'Remote Play on Tablet'),
(52, 'Family Sharing');

INSERT INTO product_system_requirements (product_id, platform, title, minimum, recommended) VALUES (52, 'win', 'OS', '', '');

INSERT INTO product_system_requirements (product_id, platform, title, minimum, recommended) VALUES (52, 'win', 'Processor', '', '');

INSERT INTO product_system_requirements (product_id, platform, title, minimum, recommended) VALUES (52, 'win', 'Memory', '', '');

INSERT INTO product_system_requirements (product_id, platform, title, minimum, recommended) VALUES (52, 'win', 'Graphics', '', '');

INSERT INTO product_system_requirements (product_id, platform, title, minimum, recommended) VALUES (52, 'win', 'DirectX', '', '');

INSERT INTO product_system_requirements (product_id, platform, title, minimum, recommended) VALUES (52, 'win', 'Network', '', '');

INSERT INTO product_system_requirements (product_id, platform, title, minimum, recommended) VALUES (52, 'win', 'Storage', '', '');

INSERT INTO product_system_requirements (product_id, platform, title, minimum, recommended) VALUES (52, 'win', 'Additional Notes', '', '');

INSERT INTO product_system_requirements (product_id, platform, title, minimum, recommended) VALUES (52, 'mac', 'OS', '', '');

INSERT INTO product_system_requirements (product_id, platform, title, minimum, recommended) VALUES (52, 'mac', 'Processor', '', '');

INSERT INTO product_system_requirements (product_id, platform, title, minimum, recommended) VALUES (52, 'mac', 'Memory', '', '');

INSERT INTO product_system_requirements (product_id, platform, title, minimum, recommended) VALUES (52, 'mac', 'Graphics', '', '');

INSERT INTO product_system_requirements (product_id, platform, title, minimum, recommended) VALUES (52, 'mac', 'DirectX', '', '');

INSERT INTO product_system_requirements (product_id, platform, title, minimum, recommended) VALUES (52, 'mac', 'Network', '', '');

INSERT INTO product_system_requirements (product_id, platform, title, minimum, recommended) VALUES (52, 'mac', 'Storage', '', '');

INSERT INTO product_system_requirements (product_id, platform, title, minimum, recommended) VALUES (52, 'mac', 'Additional Notes', '', '');

INSERT INTO product_system_requirements (product_id, platform, title, minimum, recommended) VALUES (52, 'linux', 'OS', '', '');

INSERT INTO product_system_requirements (product_id, platform, title, minimum, recommended) VALUES (52, 'linux', 'Processor', '', '');

INSERT INTO product_system_requirements (product_id, platform, title, minimum, recommended) VALUES (52, 'linux', 'Memory', '', '');

INSERT INTO product_system_requirements (product_id, platform, title, minimum, recommended) VALUES (52, 'linux', 'Graphics', '', '');

INSERT INTO product_system_requirements (product_id, platform, title, minimum, recommended) VALUES (52, 'linux', 'DirectX', '', '');

INSERT INTO product_system_requirements (product_id, platform, title, minimum, recommended) VALUES (52, 'linux', 'Network', '', '');

INSERT INTO product_system_requirements (product_id, platform, title, minimum, recommended) VALUES (52, 'linux', 'Storage', '', '');

INSERT INTO product_system_requirements (product_id, platform, title, minimum, recommended) VALUES (52, 'linux', 'Additional Notes', '', '');

INSERT INTO product_screenshots (product_id, screenshot) VALUES
(52, 'https://shared.fastly.steamstatic.com/store_item_assets/steam/apps/294100/ss_371726c10a1b640dbf748fa62a500d911ac62427.1920x1080.jpg?t=1734154189'),
(52, 'https://shared.fastly.steamstatic.com/store_item_assets/steam/apps/294100/ss_c34c6c04b002454d8fee32ba52dca99c9cf1d76b.1920x1080.jpg?t=1734154189'),
(52, 'https://shared.fastly.steamstatic.com/store_item_assets/steam/apps/294100/ss_6bee92494e0c4dc53ad69000f2b71128c23629d6.1920x1080.jpg?t=1734154189'),
(52, 'https://shared.fastly.steamstatic.com/store_item_assets/steam/apps/294100/ss_3038f36d2a1da63ddf29f16a48ee27254ab9b53d.1920x1080.jpg?t=1734154189'),
(52, 'https://shared.fastly.steamstatic.com/store_item_assets/steam/apps/294100/ss_9c195af4d3b80edcd01e4836be605a04b24657c2.1920x1080.jpg?t=1734154189'),
(52, 'https://shared.fastly.steamstatic.com/store_item_assets/steam/apps/294100/ss_a5dbe54944108fa4a83d6c01a1738ef4ca49704f.1920x1080.jpg?t=1734154189'),
(52, 'https://shared.fastly.steamstatic.com/store_item_assets/steam/apps/294100/ss_941882a7b74ed157d0e840452bd31b7012dd39ca.1920x1080.jpg?t=1734154189'),
(52, 'https://shared.fastly.steamstatic.com/store_item_assets/steam/apps/294100/ss_6947cc8ea8beba1c3abb3bb0062343dd575ccfd1.1920x1080.jpg?t=1734154189'),
(52, 'https://shared.fastly.steamstatic.com/store_item_assets/steam/apps/294100/ss_8dfed1fd659a608f3556bfccaaf9ef49bf594222.1920x1080.jpg?t=1734154189'),
(52, 'https://shared.fastly.steamstatic.com/store_item_assets/steam/apps/294100/ss_4313dccc8b8ffdc6020789a59ddedaa570f78de4.1920x1080.jpg?t=1734154189'),
(52, 'https://shared.fastly.steamstatic.com/store_item_assets/steam/apps/294100/ss_000e61bb3f21077183422c86093189c22a02bf08.1920x1080.jpg?t=1734154189'),
(52, 'https://shared.fastly.steamstatic.com/store_item_assets/steam/apps/294100/ss_7dbac9410822d5264d102b1c06017856c481e48b.1920x1080.jpg?t=1734154189'),
(52, 'https://shared.fastly.steamstatic.com/store_item_assets/steam/apps/294100/ss_2704e3db8c81431920fd72a219e5cd32d6950642.1920x1080.jpg?t=1734154189'),
(52, 'https://shared.fastly.steamstatic.com/store_item_assets/steam/apps/294100/ss_19cec82211dcf91b50f1c59cfda83eb97de3e2c8.1920x1080.jpg?t=1734154189'),
(52, 'https://shared.fastly.steamstatic.com/store_item_assets/steam/apps/294100/ss_2af7734754467d50fb50e74f8cbcf3af630ec540.1920x1080.jpg?t=1734154189'),
(52, 'https://shared.fastly.steamstatic.com/store_item_assets/steam/apps/294100/ss_ed33d114171f2a60f58a7f51ff2718250d670571.1920x1080.jpg?t=1734154189'),
(52, 'https://shared.fastly.steamstatic.com/store_item_assets/steam/apps/294100/ss_44a8828a81f12d2c4103c42df902e804d851a380.1920x1080.jpg?t=1734154189'),
(52, 'https://shared.fastly.steamstatic.com/store_item_assets/steam/apps/294100/ss_fb4ed93f4d70f938b05068784b69bff6524c759f.1920x1080.jpg?t=1734154189'),
(52, 'https://shared.fastly.steamstatic.com/store_item_assets/steam/apps/294100/ss_bb8f991ea52d67f4e32de25f38d600d90f6db32f.1920x1080.jpg?t=1734154189'),
(52, 'https://shared.fastly.steamstatic.com/store_item_assets/steam/apps/294100/ss_d9204adad5c8236f000e0e53c2af798308195eff.1920x1080.jpg?t=1734154189'),
(52, 'https://shared.fastly.steamstatic.com/store_item_assets/steam/apps/294100/ss_6f7a5a9555add3a43f93a976ed563605e997e031.1920x1080.jpg?t=1734154189'),
(52, 'https://shared.fastly.steamstatic.com/store_item_assets/steam/apps/294100/ss_8102d6d9eab34405f300721cc7b6b0e14dd21fc8.1920x1080.jpg?t=1734154189'),
(52, 'https://shared.fastly.steamstatic.com/store_item_assets/steam/apps/294100/ss_3bcc00a01f38fb3d8fe467c15118d631f7b54e88.1920x1080.jpg?t=1734154189'),
(52, 'https://shared.fastly.steamstatic.com/store_item_assets/steam/apps/294100/ss_39f8694d766fcbaf1d771f128f43e66f9c5defa1.1920x1080.jpg?t=1734154189'),
(52, 'https://shared.fastly.steamstatic.com/store_item_assets/steam/apps/294100/ss_4eb4095f6ab5d5d6ea2af1d29119f28cc3bd6018.1920x1080.jpg?t=1734154189');

INSERT INTO product_videos (product_id, mp4, webm, thumbnail) VALUES
(52, 'https://video.fastly.steamstatic.com/store_trailers/256731486/movie480.mp4?t=1539788136', 'https://video.fastly.steamstatic.com/store_trailers/256731486/movie480.webm?t=1539788136', 'https://shared.fastly.steamstatic.com/store_item_assets/steam/apps/256731486/movie.293x165.jpg?t=1539788136'),
(52, 'https://video.fastly.steamstatic.com/store_trailers/2032054/movie480.mp4?t=1539788142', 'https://video.fastly.steamstatic.com/store_trailers/2032054/movie480.webm?t=1539788142', 'https://shared.fastly.steamstatic.com/store_item_assets/steam/apps/2032054/movie.293x165.jpg?t=1539788142');

INSERT INTO products (id, title, type, description, price, discount, discountStartDate, discountEndDate, releaseDate, rating, isActive, headerImage)
VALUES (86, 'The Elder Scrolls V: Skyrim Special Edition', 'Game', 'Winner of more than 200 Game of the Year Awards, The Elder Scrolls V: Skyrim Special Edition brings the epic fantasy to life in stunning detail. The Special Edition includes the critically acclaimed game and add-ons with all-new features.', 39.99, 0, NULL, NULL, '2016-10-28', 0, TRUE, 'https://shared.fastly.steamstatic.com/store_item_assets/steam/apps/489830/header.jpg?t=1721923149');

INSERT INTO product_developers (product_id, developer) VALUES
(86, 'Bethesda Game Studios');

INSERT INTO product_publishers (product_id, publisher) VALUES
(86, 'Bethesda Softworks');

INSERT INTO product_platforms (product_id, platform) VALUES
(86, 'Windows');

INSERT INTO product_genres (product_id, genre) VALUES
(86, 'RPG');

INSERT INTO product_tags (product_id, tag) VALUES
(86, 'Open World'),
(86, 'RPG'),
(86, 'Adventure'),
(86, 'Singleplayer'),
(86, 'Fantasy'),
(86, 'Character Customization'),
(86, 'Moddable'),
(86, 'Dragons'),
(86, 'Story Rich'),
(86, 'Magic'),
(86, 'First-Person'),
(86, 'Action'),
(86, 'Atmospheric'),
(86, 'Great Soundtrack'),
(86, 'Third Person'),
(86, 'Stealth'),
(86, 'Classic'),
(86, 'Remake'),
(86, 'Female Protagonist'),
(86, 'Walking Simulator');

INSERT INTO product_features (product_id, feature) VALUES
(86, 'Single-player'),
(86, 'Steam Achievements'),
(86, 'Steam Cloud'),
(86, 'Remote Play on Phone'),
(86, 'Remote Play on Tablet'),
(86, 'Family Sharing');

INSERT INTO product_system_requirements (product_id, platform, title, minimum, recommended) VALUES (86, 'win', 'OS', '', '');

INSERT INTO product_system_requirements (product_id, platform, title, minimum, recommended) VALUES (86, 'win', 'Processor', 'Intel i5-750/AMD Phenom II X4-945', 'Intel i5-2400/AMD FX-8320');

INSERT INTO product_system_requirements (product_id, platform, title, minimum, recommended) VALUES (86, 'win', 'Memory', '8 GB RAM', '8 GB RAM');

INSERT INTO product_system_requirements (product_id, platform, title, minimum, recommended) VALUES (86, 'win', 'Graphics', 'NVIDIA GTX 470 1GB /AMD HD 7870 2GB', 'NVIDIA GTX 780 3GB /AMD R9 290 4GB');

INSERT INTO product_system_requirements (product_id, platform, title, minimum, recommended) VALUES (86, 'win', 'DirectX', '', '');

INSERT INTO product_system_requirements (product_id, platform, title, minimum, recommended) VALUES (86, 'win', 'Network', '', '');

INSERT INTO product_system_requirements (product_id, platform, title, minimum, recommended) VALUES (86, 'win', 'Storage', '12 GB available space', '12 GB available space');

INSERT INTO product_system_requirements (product_id, platform, title, minimum, recommended) VALUES (86, 'win', 'Additional Notes', '', '');

INSERT INTO product_screenshots (product_id, screenshot) VALUES
(86, 'https://shared.fastly.steamstatic.com/store_item_assets/steam/apps/489830/ss_73c1a0bb7e1720c8a1847186c3ddd837d3ca7a8d.1920x1080.jpg?t=1721923149'),
(86, 'https://shared.fastly.steamstatic.com/store_item_assets/steam/apps/489830/ss_d64b646612ab1402bdda8e400672aa0dbcb352ea.1920x1080.jpg?t=1721923149'),
(86, 'https://shared.fastly.steamstatic.com/store_item_assets/steam/apps/489830/ss_b6bb6f79278505b3f48567f08c21f7a0eb171c68.1920x1080.jpg?t=1721923149'),
(86, 'https://shared.fastly.steamstatic.com/store_item_assets/steam/apps/489830/ss_921ccea650df936a0b14ebd5dd4ecc73c1d2a12d.1920x1080.jpg?t=1721923149'),
(86, 'https://shared.fastly.steamstatic.com/store_item_assets/steam/apps/489830/ss_8c7ecd394afb581b9b2137a3de04433f78fdf4ea.1920x1080.jpg?t=1721923149'),
(86, 'https://shared.fastly.steamstatic.com/store_item_assets/steam/apps/489830/ss_50c3da9e29e9b0368889379cdd03a71aba8d614c.1920x1080.jpg?t=1721923149'),
(86, 'https://shared.fastly.steamstatic.com/store_item_assets/steam/apps/489830/ss_2ca72f4ecc42a18dd4bf056c539a9794c2b2493d.1920x1080.jpg?t=1721923149'),
(86, 'https://shared.fastly.steamstatic.com/store_item_assets/steam/apps/489830/ss_5d19c69d33abca6f6271d75f371d4241c0d6b2d1.1920x1080.jpg?t=1721923149');

INSERT INTO product_videos (product_id, mp4, webm, thumbnail) VALUES
(86, 'https://video.fastly.steamstatic.com/store_trailers/256672927/movie480.mp4?t=1476991615', 'https://video.fastly.steamstatic.com/store_trailers/256672927/movie480.webm?t=1476991615', 'https://shared.fastly.steamstatic.com/store_item_assets/steam/apps/256672927/movie.293x165.jpg?t=1476991615'),
(86, 'https://video.fastly.steamstatic.com/store_trailers/256672841/movie480.mp4?t=1476909226', 'https://video.fastly.steamstatic.com/store_trailers/256672841/movie480.webm?t=1476909226', 'https://shared.fastly.steamstatic.com/store_item_assets/steam/apps/256672841/movie.293x165.jpg?t=1476909226');

INSERT INTO products (id, title, type, description, price, discount, discountStartDate, discountEndDate, releaseDate, rating, isActive, headerImage)
VALUES (54, 'Balatro', 'Game', 'The poker roguelike. Balatro is a hypnotically satisfying deckbuilder where you play illegal poker hands, discover game-changing jokers, and trigger adrenaline-pumping, outrageous combos.', 14.99, 0, NULL, NULL, '2024-02-20', 0, TRUE, 'https://shared.fastly.steamstatic.com/store_item_assets/steam/apps/2379780/header.jpg?t=1736415851');

INSERT INTO product_developers (product_id, developer) VALUES
(54, 'LocalThunk');

INSERT INTO product_publishers (product_id, publisher) VALUES
(54, 'Playstack');

INSERT INTO product_platforms (product_id, platform) VALUES
(54, 'Windows');

INSERT INTO product_genres (product_id, genre) VALUES
(54, 'Casual'),
(54, 'Indie'),
(54, 'Strategy');

INSERT INTO product_tags (product_id, tag) VALUES
(54, 'Roguelike Deckbuilder'),
(54, 'Card Game'),
(54, 'Roguelike'),
(54, 'Deckbuilding'),
(54, 'Singleplayer'),
(54, 'Strategy'),
(54, 'Pixel Graphics'),
(54, 'Replay Value'),
(54, 'Turn-Based'),
(54, 'Card Battler'),
(54, 'Roguelite'),
(54, 'Choices Matter'),
(54, 'Casual'),
(54, 'Difficult'),
(54, 'Turn-Based Strategy'),
(54, '2D'),
(54, 'Arcade'),
(54, 'Relaxing'),
(54, 'Procedural Generation'),
(54, 'Simulation');

INSERT INTO product_features (product_id, feature) VALUES
(54, 'Single-player'),
(54, 'Steam Achievements'),
(54, 'Steam Trading Cards'),
(54, 'Steam Cloud'),
(54, 'Family Sharing');

INSERT INTO product_system_requirements (product_id, platform, title, minimum, recommended) VALUES (54, 'win', 'OS', '', '');

INSERT INTO product_system_requirements (product_id, platform, title, minimum, recommended) VALUES (54, 'win', 'Processor', 'Intel Core i3', '');

INSERT INTO product_system_requirements (product_id, platform, title, minimum, recommended) VALUES (54, 'win', 'Memory', '1 GB RAM', '');

INSERT INTO product_system_requirements (product_id, platform, title, minimum, recommended) VALUES (54, 'win', 'Graphics', 'OpenGL 2.1 compatible graphics card, integrated graphics', '');

INSERT INTO product_system_requirements (product_id, platform, title, minimum, recommended) VALUES (54, 'win', 'DirectX', '', '');

INSERT INTO product_system_requirements (product_id, platform, title, minimum, recommended) VALUES (54, 'win', 'Network', '', '');

INSERT INTO product_system_requirements (product_id, platform, title, minimum, recommended) VALUES (54, 'win', 'Storage', '150 MB available space', '');

INSERT INTO product_system_requirements (product_id, platform, title, minimum, recommended) VALUES (54, 'win', 'Additional Notes', '', '');

INSERT INTO product_system_requirements (product_id, platform, title, minimum, recommended) VALUES (54, 'mac', 'OS', 'macOS 11 (Big Sur) or later', '');

INSERT INTO product_system_requirements (product_id, platform, title, minimum, recommended) VALUES (54, 'mac', 'Processor', 'Any Intel or Apple Silicon processor', '');

INSERT INTO product_system_requirements (product_id, platform, title, minimum, recommended) VALUES (54, 'mac', 'Memory', '1 GB RAM', '');

INSERT INTO product_system_requirements (product_id, platform, title, minimum, recommended) VALUES (54, 'mac', 'Graphics', '4 GB RAM', '');

INSERT INTO product_system_requirements (product_id, platform, title, minimum, recommended) VALUES (54, 'mac', 'DirectX', '', '');

INSERT INTO product_system_requirements (product_id, platform, title, minimum, recommended) VALUES (54, 'mac', 'Network', '', '');

INSERT INTO product_system_requirements (product_id, platform, title, minimum, recommended) VALUES (54, 'mac', 'Storage', '150 MB available space', '');

INSERT INTO product_system_requirements (product_id, platform, title, minimum, recommended) VALUES (54, 'mac', 'Additional Notes', '', '');

INSERT INTO product_screenshots (product_id, screenshot) VALUES
(54, 'https://shared.fastly.steamstatic.com/store_item_assets/steam/apps/2379780/ss_d17a3adc6176c7f99e0dc31c49f4764f137e6374.1920x1080.jpg?t=1736415851'),
(54, 'https://shared.fastly.steamstatic.com/store_item_assets/steam/apps/2379780/ss_4862112e5030f74a5818cd4c31347d699ac5adf3.1920x1080.jpg?t=1736415851'),
(54, 'https://shared.fastly.steamstatic.com/store_item_assets/steam/apps/2379780/ss_3be65a7dd3be072d567e11883d208861a7e959fa.1920x1080.jpg?t=1736415851'),
(54, 'https://shared.fastly.steamstatic.com/store_item_assets/steam/apps/2379780/ss_e32ac94d7d1d6be7dd015d78f2b52aeb4cc282ed.1920x1080.jpg?t=1736415851'),
(54, 'https://shared.fastly.steamstatic.com/store_item_assets/steam/apps/2379780/ss_b8455573ec1fd2c9412f22bd8df05f2d8027a95b.1920x1080.jpg?t=1736415851'),
(54, 'https://shared.fastly.steamstatic.com/store_item_assets/steam/apps/2379780/ss_075cb45cbfa97d8139fb11f21667d6e35f908640.1920x1080.jpg?t=1736415851'),
(54, 'https://shared.fastly.steamstatic.com/store_item_assets/steam/apps/2379780/ss_ae055e0e583ac65000920ce33511df73f40814f4.1920x1080.jpg?t=1736415851'),
(54, 'https://shared.fastly.steamstatic.com/store_item_assets/steam/apps/2379780/ss_204350350761316ad3aa8b0184689f3f93e01f7b.1920x1080.jpg?t=1736415851'),
(54, 'https://shared.fastly.steamstatic.com/store_item_assets/steam/apps/2379780/ss_ddee13031ad8ba66ac7806a46f6e5519d32e767d.1920x1080.jpg?t=1736415851'),
(54, 'https://shared.fastly.steamstatic.com/store_item_assets/steam/apps/2379780/ss_d131f3a090667e52ecbf57a0dfcca8851535c627.1920x1080.jpg?t=1736415851'),
(54, 'https://shared.fastly.steamstatic.com/store_item_assets/steam/apps/2379780/ss_e52b658ebc79c633063e58d77e73ca9750e01039.1920x1080.jpg?t=1736415851'),
(54, 'https://shared.fastly.steamstatic.com/store_item_assets/steam/apps/2379780/ss_5ab29592c9b5cafe5ce787740afc411eecb9664a.1920x1080.jpg?t=1736415851');

INSERT INTO product_videos (product_id, mp4, webm, thumbnail) VALUES
(54, 'https://video.fastly.steamstatic.com/store_trailers/256974582/movie480.mp4?t=1696871174', 'https://video.fastly.steamstatic.com/store_trailers/256974582/movie480_vp9.webm?t=1696871174', 'https://shared.fastly.steamstatic.com/store_item_assets/steam/apps/256974582/movie.293x165.jpg?t=1696871174');

INSERT INTO products (id, title, type, description, price, discount, discountStartDate, discountEndDate, releaseDate, rating, isActive, headerImage)
VALUES (55, 'The Forest', 'Game', 'As the lone survivor of a passenger jet crash, you find yourself in a mysterious forest battling to stay alive against a society of cannibalistic mutants. Build, explore, survive in this terrifying first person survival horror simulator.', 19.99, 0, NULL, NULL, '2018-04-30', 0, TRUE, 'https://shared.fastly.steamstatic.com/store_item_assets/steam/apps/242760/header.jpg?t=1699381053');

INSERT INTO product_developers (product_id, developer) VALUES
(55, 'Endnight Games Ltd');

INSERT INTO product_publishers (product_id, publisher) VALUES
(55, 'Endnight Games Ltd');

INSERT INTO product_platforms (product_id, platform) VALUES
(55, 'Windows');

INSERT INTO product_genres (product_id, genre) VALUES
(55, 'Action'),
(55, 'Adventure'),
(55, 'Indie'),
(55, 'Simulation');

INSERT INTO product_tags (product_id, tag) VALUES
(55, 'Open World Survival Craft'),
(55, 'Survival'),
(55, 'Open World'),
(55, 'Horror'),
(55, 'Crafting'),
(55, 'Adventure'),
(55, 'Building'),
(55, 'Survival Horror'),
(55, 'First-Person'),
(55, 'Action'),
(55, 'Exploration'),
(55, 'Sandbox'),
(55, 'Singleplayer'),
(55, 'Atmospheric'),
(55, 'Simulation'),
(55, 'Gore'),
(55, 'Realistic'),
(55, 'Indie'),
(55, 'Zombies'),
(55, 'Early Access');

INSERT INTO product_features (product_id, feature) VALUES
(55, 'Single-player'),
(55, 'Online Co-op'),
(55, 'LAN Co-op'),
(55, 'Tracked Controller Support'),
(55, 'VR Supported'),
(55, 'Steam Cloud'),
(55, 'Family Sharing');

INSERT INTO product_system_requirements (product_id, platform, title, minimum, recommended) VALUES (55, 'win', 'OS', '', '');

INSERT INTO product_system_requirements (product_id, platform, title, minimum, recommended) VALUES (55, 'win', 'Processor', 'Intel Dual-Core 2.4 GHz', 'Quad Core Processor');

INSERT INTO product_system_requirements (product_id, platform, title, minimum, recommended) VALUES (55, 'win', 'Memory', '4 GB RAM', '4 GB RAM');

INSERT INTO product_system_requirements (product_id, platform, title, minimum, recommended) VALUES (55, 'win', 'Graphics', 'NVIDIA GeForce 8800GT', 'NVIDIA GeForce GTX 560');

INSERT INTO product_system_requirements (product_id, platform, title, minimum, recommended) VALUES (55, 'win', 'DirectX', 'Version 9.0', 'Version 9.0');

INSERT INTO product_system_requirements (product_id, platform, title, minimum, recommended) VALUES (55, 'win', 'Network', '', '');

INSERT INTO product_system_requirements (product_id, platform, title, minimum, recommended) VALUES (55, 'win', 'Storage', '5 GB available space', '5 GB available space');

INSERT INTO product_system_requirements (product_id, platform, title, minimum, recommended) VALUES (55, 'win', 'Additional Notes', '32bit windows users need to ensure they have at least 4gb of ram usable on their system.', '');

INSERT INTO product_screenshots (product_id, screenshot) VALUES
(55, 'https://shared.fastly.steamstatic.com/store_item_assets/steam/apps/242760/ss_8ccb821c4df3fafdf4161d77f38635441a8157f2.1920x1080.jpg?t=1699381053'),
(55, 'https://shared.fastly.steamstatic.com/store_item_assets/steam/apps/242760/ss_53c615d49c4777144ed7359e4bf7c9eb6838cc8e.1920x1080.jpg?t=1699381053'),
(55, 'https://shared.fastly.steamstatic.com/store_item_assets/steam/apps/242760/ss_772eebf0ce7bdb51546055a36185e8ee46e8acac.1920x1080.jpg?t=1699381053'),
(55, 'https://shared.fastly.steamstatic.com/store_item_assets/steam/apps/242760/ss_d03a261fecab226a0ecac5746225c2a50d65c670.1920x1080.jpg?t=1699381053'),
(55, 'https://shared.fastly.steamstatic.com/store_item_assets/steam/apps/242760/ss_d77d402c78451a04b5c370e81ff7767c4008343c.1920x1080.jpg?t=1699381053'),
(55, 'https://shared.fastly.steamstatic.com/store_item_assets/steam/apps/242760/ss_a37e6873baf869be91010b20c30a7e61e4b82cc1.1920x1080.jpg?t=1699381053'),
(55, 'https://shared.fastly.steamstatic.com/store_item_assets/steam/apps/242760/ss_7598551a5bfbf69ae1161c8ebee8e000868add24.1920x1080.jpg?t=1699381053'),
(55, 'https://shared.fastly.steamstatic.com/store_item_assets/steam/apps/242760/ss_7a8d95143af9f801a7b5ba9a6cb23f2e5998344c.1920x1080.jpg?t=1699381053'),
(55, 'https://shared.fastly.steamstatic.com/store_item_assets/steam/apps/242760/ss_471c40435f1811182e47c11486cf9c042dbf7401.1920x1080.jpg?t=1699381053'),
(55, 'https://shared.fastly.steamstatic.com/store_item_assets/steam/apps/242760/ss_a1a871918b4fa3dcc71f19f3aa4ea1fff3ab649b.1920x1080.jpg?t=1699381053'),
(55, 'https://shared.fastly.steamstatic.com/store_item_assets/steam/apps/242760/ss_e50b7c8bc2f4720859ba13aa32703661192f4d62.1920x1080.jpg?t=1699381053'),
(55, 'https://shared.fastly.steamstatic.com/store_item_assets/steam/apps/242760/ss_792069bbfdd795f3e0b139c5b4e5140f2e9ea70c.1920x1080.jpg?t=1699381053'),
(55, 'https://shared.fastly.steamstatic.com/store_item_assets/steam/apps/242760/ss_8b6ee5b52fa2b058c20447b57317f6d50ddb313c.1920x1080.jpg?t=1699381053'),
(55, 'https://shared.fastly.steamstatic.com/store_item_assets/steam/apps/242760/ss_22bcb45aed3cd05332393884af2cc10063fa6b95.1920x1080.jpg?t=1699381053'),
(55, 'https://shared.fastly.steamstatic.com/store_item_assets/steam/apps/242760/ss_233e1d0c71f1bc2d5cdeb96fa3f8974f0ab5e95d.1920x1080.jpg?t=1699381053'),
(55, 'https://shared.fastly.steamstatic.com/store_item_assets/steam/apps/242760/ss_659db358ad023f42d17707d2b4586e4c2f920919.1920x1080.jpg?t=1699381053');

INSERT INTO product_videos (product_id, mp4, webm, thumbnail) VALUES
(55, 'https://video.fastly.steamstatic.com/store_trailers/256715589/movie480.mp4?t=1525039057', 'https://video.fastly.steamstatic.com/store_trailers/256715589/movie480.webm?t=1525039057', 'https://shared.fastly.steamstatic.com/store_item_assets/steam/apps/256715589/movie.293x165.jpg?t=1525039057');

INSERT INTO products (id, title, type, description, price, discount, discountStartDate, discountEndDate, releaseDate, rating, isActive, headerImage)
VALUES (88, 'Valheim', 'Game', 'A brutal exploration and survival game for 1-10 players, set in a procedurally-generated purgatory inspired by viking culture. Battle, build, and conquer your way to a saga worthy of Odin’s patronage!', 19.99, 0, NULL, NULL, '2021-02-02', 0, TRUE, 'https://shared.fastly.steamstatic.com/store_item_assets/steam/apps/892970/header.jpg?t=1732095031');

INSERT INTO product_developers (product_id, developer) VALUES
(88, 'Iron Gate AB');

INSERT INTO product_publishers (product_id, publisher) VALUES
(88, 'Coffee Stain Publishing');

INSERT INTO product_platforms (product_id, platform) VALUES
(88, 'Windows');

INSERT INTO product_genres (product_id, genre) VALUES
(88, 'Action'),
(88, 'Adventure'),
(88, 'Indie'),
(88, 'RPG'),
(88, 'Early Access');

INSERT INTO product_tags (product_id, tag) VALUES
(88, 'Open World Survival Craft'),
(88, 'Survival'),
(88, 'Online Co-Op'),
(88, 'Open World'),
(88, 'Multiplayer'),
(88, 'Building'),
(88, 'Crafting'),
(88, 'Base Building'),
(88, 'Exploration'),
(88, 'Co-op'),
(88, 'Difficult'),
(88, 'Adventure'),
(88, 'Mythology'),
(88, 'Sandbox'),
(88, 'PvE'),
(88, 'Action'),
(88, 'Third Person'),
(88, 'Singleplayer'),
(88, 'Early Access'),
(88, 'Indie');

INSERT INTO product_features (product_id, feature) VALUES
(88, 'Single-player'),
(88, 'Online Co-op'),
(88, 'Steam Cloud'),
(88, 'Remote Play on Tablet'),
(88, 'Family Sharing');

INSERT INTO product_system_requirements (product_id, platform, title, minimum, recommended) VALUES (88, 'win', 'OS', '', '');

INSERT INTO product_system_requirements (product_id, platform, title, minimum, recommended) VALUES (88, 'win', 'Processor', '2.6 GHz Quad Core or similar', 'i5 3GHz or Ryzen 5 3GHz');

INSERT INTO product_system_requirements (product_id, platform, title, minimum, recommended) VALUES (88, 'win', 'Memory', '8 GB RAM', '16 GB RAM');

INSERT INTO product_system_requirements (product_id, platform, title, minimum, recommended) VALUES (88, 'win', 'Graphics', 'GeForce GTX 950 or Radeon HD 7970', 'GeForce GTX 1060 or Radeon RX 580');

INSERT INTO product_system_requirements (product_id, platform, title, minimum, recommended) VALUES (88, 'win', 'DirectX', 'Version 11', 'Version 11');

INSERT INTO product_system_requirements (product_id, platform, title, minimum, recommended) VALUES (88, 'win', 'Network', '', 'Broadband Internet connection');

INSERT INTO product_system_requirements (product_id, platform, title, minimum, recommended) VALUES (88, 'win', 'Storage', '1 GB available space', '1 GB available space');

INSERT INTO product_system_requirements (product_id, platform, title, minimum, recommended) VALUES (88, 'win', 'Additional Notes', 'Svenska, Italiano, Romanian, български, македонски, Suomi, Dansk, íslenska, Lietuvių kalba, čeština, Magyar nyelv, Português europeu, 한국어 (불완전한), Norsk, ภาษาไทย, ქართული ენა, Abenaki, Slovenčina', '');

INSERT INTO product_system_requirements (product_id, platform, title, minimum, recommended) VALUES (88, 'mac', 'OS', 'MacOS 10.13 or later', 'MacOS 14 or later');

INSERT INTO product_system_requirements (product_id, platform, title, minimum, recommended) VALUES (88, 'mac', 'Processor', '2.6 GHz Quad Core or similar', 'Apple M1');

INSERT INTO product_system_requirements (product_id, platform, title, minimum, recommended) VALUES (88, 'mac', 'Memory', '8 GB RAM', '16 GB RAM');

INSERT INTO product_system_requirements (product_id, platform, title, minimum, recommended) VALUES (88, 'mac', 'Graphics', 'Radeon Pro 450 or R9 M290X', 'M1 Integrated GPU or Radeon Pro 570X');

INSERT INTO product_system_requirements (product_id, platform, title, minimum, recommended) VALUES (88, 'mac', 'DirectX', '', '');

INSERT INTO product_system_requirements (product_id, platform, title, minimum, recommended) VALUES (88, 'mac', 'Network', '', 'Broadband Internet connection');

INSERT INTO product_system_requirements (product_id, platform, title, minimum, recommended) VALUES (88, 'mac', 'Storage', '3 GB available space', '3 GB available space');

INSERT INTO product_system_requirements (product_id, platform, title, minimum, recommended) VALUES (88, 'mac', 'Additional Notes', '', '');

INSERT INTO product_system_requirements (product_id, platform, title, minimum, recommended) VALUES (88, 'linux', 'OS', 'Any up to date version', 'Any up to date version');

INSERT INTO product_system_requirements (product_id, platform, title, minimum, recommended) VALUES (88, 'linux', 'Processor', '2.6 GHz Dual Core or similar', 'i5 3GHz or Ryzen 5 3GHz');

INSERT INTO product_system_requirements (product_id, platform, title, minimum, recommended) VALUES (88, 'linux', 'Memory', '8 GB RAM', '16 GB RAM');

INSERT INTO product_system_requirements (product_id, platform, title, minimum, recommended) VALUES (88, 'linux', 'Graphics', 'GeForce GTX 950 or Radeon HD 7970', 'GeForce GTX 1060 or Radeon RX 580');

INSERT INTO product_system_requirements (product_id, platform, title, minimum, recommended) VALUES (88, 'linux', 'DirectX', '', '');

INSERT INTO product_system_requirements (product_id, platform, title, minimum, recommended) VALUES (88, 'linux', 'Network', '', 'Broadband Internet connection');

INSERT INTO product_system_requirements (product_id, platform, title, minimum, recommended) VALUES (88, 'linux', 'Storage', '1 GB available space', '1 GB available space');

INSERT INTO product_system_requirements (product_id, platform, title, minimum, recommended) VALUES (88, 'linux', 'Additional Notes', '', '');

INSERT INTO product_screenshots (product_id, screenshot) VALUES
(88, 'https://shared.fastly.steamstatic.com/store_item_assets/steam/apps/892970/ss_a600a7d4ca954543e22f571a9629521a13f82143.1920x1080.jpg?t=1732095031'),
(88, 'https://shared.fastly.steamstatic.com/store_item_assets/steam/apps/892970/ss_cd0262c5abf8a90ee5e1059acafc5a92b6be0e73.1920x1080.jpg?t=1732095031'),
(88, 'https://shared.fastly.steamstatic.com/store_item_assets/steam/apps/892970/ss_3db385fc1223914dadb199ac8682683a8c59454e.1920x1080.jpg?t=1732095031'),
(88, 'https://shared.fastly.steamstatic.com/store_item_assets/steam/apps/892970/ss_6032c9336c6cf9c1ebc914cedf022b38e97fd271.1920x1080.jpg?t=1732095031'),
(88, 'https://shared.fastly.steamstatic.com/store_item_assets/steam/apps/892970/ss_f6cbfeea728d557fa9f483685fea3205f08f5d9e.1920x1080.jpg?t=1732095031'),
(88, 'https://shared.fastly.steamstatic.com/store_item_assets/steam/apps/892970/ss_551f06a43b72609d7ca3cd63e93c58e949d58384.1920x1080.jpg?t=1732095031'),
(88, 'https://shared.fastly.steamstatic.com/store_item_assets/steam/apps/892970/ss_f4ea4f0f93cc8b38042f6d5916413da185ec221c.1920x1080.jpg?t=1732095031'),
(88, 'https://shared.fastly.steamstatic.com/store_item_assets/steam/apps/892970/ss_553301e2432883e9f026fe1dd0e91d7a8886d6f1.1920x1080.jpg?t=1732095031'),
(88, 'https://shared.fastly.steamstatic.com/store_item_assets/steam/apps/892970/ss_9b4abc60696de192c40064364a1395ad5074e5c3.1920x1080.jpg?t=1732095031'),
(88, 'https://shared.fastly.steamstatic.com/store_item_assets/steam/apps/892970/ss_15a86a1c4175f9392127265735c177a91535de65.1920x1080.jpg?t=1732095031'),
(88, 'https://shared.fastly.steamstatic.com/store_item_assets/steam/apps/892970/ss_ad81cc7ced8585ad344ba50e9d0b4bf9c597e62e.1920x1080.jpg?t=1732095031'),
(88, 'https://shared.fastly.steamstatic.com/store_item_assets/steam/apps/892970/ss_4ba939a383dc363c14e6cb7995322f39a5a26b07.1920x1080.jpg?t=1732095031'),
(88, 'https://shared.fastly.steamstatic.com/store_item_assets/steam/apps/892970/ss_988d92f03856895ef73a636ad20c2951086b865c.1920x1080.jpg?t=1732095031'),
(88, 'https://shared.fastly.steamstatic.com/store_item_assets/steam/apps/892970/ss_8db2e5f40b64e105c7174b3d3679fce6d7a04d20.1920x1080.jpg?t=1732095031'),
(88, 'https://shared.fastly.steamstatic.com/store_item_assets/steam/apps/892970/ss_b3c171e257dd1a3173254b1b61a7995dec204df4.1920x1080.jpg?t=1732095031'),
(88, 'https://shared.fastly.steamstatic.com/store_item_assets/steam/apps/892970/ss_64ae63dcfde6612266cf72884132fa144908b777.1920x1080.jpg?t=1732095031'),
(88, 'https://shared.fastly.steamstatic.com/store_item_assets/steam/apps/892970/ss_0c218f8040f1d7850baff4ff4e3109942388ac98.1920x1080.jpg?t=1732095031'),
(88, 'https://shared.fastly.steamstatic.com/store_item_assets/steam/apps/892970/ss_e79d3106549c1269a14888f2095e4c667643c3ad.1920x1080.jpg?t=1732095031');

INSERT INTO product_videos (product_id, mp4, webm, thumbnail) VALUES
(88, 'https://video.fastly.steamstatic.com/store_trailers/257023147/movie480.mp4?t=1715688262', 'https://video.fastly.steamstatic.com/store_trailers/257023147/movie480_vp9.webm?t=1715688262', 'https://shared.fastly.steamstatic.com/store_item_assets/steam/apps/257023147/movie.293x165.jpg?t=1715688262'),
(88, 'https://video.fastly.steamstatic.com/store_trailers/257017624/movie480.mp4?t=1713783864', 'https://video.fastly.steamstatic.com/store_trailers/257017624/movie480_vp9.webm?t=1713783864', 'https://shared.fastly.steamstatic.com/store_item_assets/steam/apps/257017624/movie.293x165.jpg?t=1713783864'),
(88, 'https://video.fastly.steamstatic.com/store_trailers/256919598/movie480.mp4?t=1670328406', 'https://video.fastly.steamstatic.com/store_trailers/256919598/movie480_vp9.webm?t=1670328406', 'https://shared.fastly.steamstatic.com/store_item_assets/steam/apps/256919598/movie.293x165.jpg?t=1670328406'),
(88, 'https://video.fastly.steamstatic.com/store_trailers/256820008/movie480.mp4?t=1612278985', 'https://video.fastly.steamstatic.com/store_trailers/256820008/movie480_vp9.webm?t=1612278985', 'https://shared.fastly.steamstatic.com/store_item_assets/steam/apps/256820008/movie.293x165.jpg?t=1612278985'),
(88, 'https://video.fastly.steamstatic.com/store_trailers/256919597/movie480.mp4?t=1670328411', 'https://video.fastly.steamstatic.com/store_trailers/256919597/movie480_vp9.webm?t=1670328411', 'https://shared.fastly.steamstatic.com/store_item_assets/steam/apps/256919597/movie.293x165.jpg?t=1670328411'),
(88, 'https://video.fastly.steamstatic.com/store_trailers/256863747/movie480.mp4?t=1715688266', 'https://video.fastly.steamstatic.com/store_trailers/256863747/movie480_vp9.webm?t=1715688266', 'https://shared.fastly.steamstatic.com/store_item_assets/steam/apps/256863747/movie.293x165.jpg?t=1715688266'),
(88, 'https://video.fastly.steamstatic.com/store_trailers/256851823/movie480.mp4?t=1715688270', 'https://video.fastly.steamstatic.com/store_trailers/256851823/movie480_vp9.webm?t=1715688270', 'https://shared.fastly.steamstatic.com/store_item_assets/steam/apps/256851823/movie.293x165.jpg?t=1715688270');

INSERT INTO products (id, title, type, description, price, discount, discountStartDate, discountEndDate, releaseDate, rating, isActive, headerImage)
VALUES (57, 'It Takes Two', 'Game', 'Embark on the craziest journey of your life in It Takes Two. Invite a friend to join for free with Friend’s Pass and work together across a huge variety of gleefully disruptive gameplay challenges. Winner of GAME OF THE YEAR at the Game Awards 2021.', 39.99, 0, NULL, NULL, '2021-03-26', 0, TRUE, 'https://shared.fastly.steamstatic.com/store_item_assets/steam/apps/1426210/header.jpg?t=1730911936');

INSERT INTO product_developers (product_id, developer) VALUES
(57, 'Hazelight Studios');

INSERT INTO product_publishers (product_id, publisher) VALUES
(57, 'Electronic Arts');

INSERT INTO product_platforms (product_id, platform) VALUES
(57, 'Windows');

INSERT INTO product_genres (product_id, genre) VALUES
(57, 'Action'),
(57, 'Adventure');

INSERT INTO product_tags (product_id, tag) VALUES
(57, 'Co-op'),
(57, 'Multiplayer'),
(57, 'Split Screen'),
(57, 'Local Co-Op'),
(57, 'Puzzle'),
(57, 'Online Co-Op'),
(57, 'Adventure'),
(57, 'Story Rich'),
(57, 'Co-op Campaign'),
(57, 'Local Multiplayer'),
(57, 'Puzzle Platformer'),
(57, 'Action-Adventure'),
(57, '3D Platformer'),
(57, 'Emotional'),
(57, 'Platformer'),
(57, 'Action'),
(57, 'Exploration'),
(57, 'Atmospheric'),
(57, 'Minigames'),
(57, 'Female Protagonist');

INSERT INTO product_features (product_id, feature) VALUES
(57, 'Online Co-op'),
(57, 'Shared/Split Screen Co-op'),
(57, 'Steam Achievements'),
(57, 'Steam Trading Cards'),
(57, 'Steam Cloud'),
(57, 'Remote Play Together');

INSERT INTO product_system_requirements (product_id, platform, title, minimum, recommended) VALUES (57, 'win', 'OS', '', '');

INSERT INTO product_system_requirements (product_id, platform, title, minimum, recommended) VALUES (57, 'win', 'Processor', 'Intel Core i3-2100T or AMD FX 6100', 'Intel Core i5 3570K or AMD Ryzen 3 1300x');

INSERT INTO product_system_requirements (product_id, platform, title, minimum, recommended) VALUES (57, 'win', 'Memory', '8 GB RAM', '16 GB RAM');

INSERT INTO product_system_requirements (product_id, platform, title, minimum, recommended) VALUES (57, 'win', 'Graphics', 'Nvidia GeForce GTX 660 or AMD R7 260x', 'Nvidia GeForce GTX 980 or AMD R9 290X');

INSERT INTO product_system_requirements (product_id, platform, title, minimum, recommended) VALUES (57, 'win', 'DirectX', 'Version 11', 'Version 11');

INSERT INTO product_system_requirements (product_id, platform, title, minimum, recommended) VALUES (57, 'win', 'Network', 'Broadband Internet connection', 'Broadband Internet connection');

INSERT INTO product_system_requirements (product_id, platform, title, minimum, recommended) VALUES (57, 'win', 'Storage', '50 GB available space', '50 GB available space');

INSERT INTO product_system_requirements (product_id, platform, title, minimum, recommended) VALUES (57, 'win', 'Additional Notes', '', '');

INSERT INTO product_screenshots (product_id, screenshot) VALUES
(57, 'https://shared.fastly.steamstatic.com/store_item_assets/steam/apps/1426210/ss_3e59753eefaba9a7704a18e902b48e8d38e95e0b.1920x1080.jpg?t=1730911936'),
(57, 'https://shared.fastly.steamstatic.com/store_item_assets/steam/apps/1426210/ss_6e987a0678b013bfd0073a9ac4703e1f04ca4dea.1920x1080.jpg?t=1730911936'),
(57, 'https://shared.fastly.steamstatic.com/store_item_assets/steam/apps/1426210/ss_fdac523e3ea4d2f32a44449bb8c224857563bd7d.1920x1080.jpg?t=1730911936'),
(57, 'https://shared.fastly.steamstatic.com/store_item_assets/steam/apps/1426210/ss_4a62bc8fa398fc5b2094a6225dc5ecff9485f824.1920x1080.jpg?t=1730911936'),
(57, 'https://shared.fastly.steamstatic.com/store_item_assets/steam/apps/1426210/ss_a15164ddd357ab3c0b2aff575a6b215b2d91b406.1920x1080.jpg?t=1730911936'),
(57, 'https://shared.fastly.steamstatic.com/store_item_assets/steam/apps/1426210/ss_d7a931229cbf1cc25975bb5860cbde5b9bbc826a.1920x1080.jpg?t=1730911936'),
(57, 'https://shared.fastly.steamstatic.com/store_item_assets/steam/apps/1426210/ss_6f7b65b8613afbcb2616bff8ed0283d0629b6572.1920x1080.jpg?t=1730911936'),
(57, 'https://shared.fastly.steamstatic.com/store_item_assets/steam/apps/1426210/ss_6ce2d50261a94284c72164e2d6d3721fe2f00013.1920x1080.jpg?t=1730911936');

INSERT INTO product_videos (product_id, mp4, webm, thumbnail) VALUES
(57, 'https://video.fastly.steamstatic.com/store_trailers/256827093/movie480.mp4?t=1616514535', 'https://video.fastly.steamstatic.com/store_trailers/256827093/movie480_vp9.webm?t=1616514535', 'https://shared.fastly.steamstatic.com/store_item_assets/steam/apps/256827093/movie.293x165.jpg?t=1616514535'),
(57, 'https://video.fastly.steamstatic.com/store_trailers/256825938/movie480.mp4?t=1615809022', 'https://video.fastly.steamstatic.com/store_trailers/256825938/movie480_vp9.webm?t=1615809022', 'https://shared.fastly.steamstatic.com/store_item_assets/steam/apps/256825938/movie.293x165.jpg?t=1615809022'),
(57, 'https://video.fastly.steamstatic.com/store_trailers/256813190/movie480.mp4?t=1607655633', 'https://video.fastly.steamstatic.com/store_trailers/256813190/movie480_vp9.webm?t=1607655633', 'https://shared.fastly.steamstatic.com/store_item_assets/steam/apps/256813190/movie.293x165.jpg?t=1607655633'),
(57, 'https://video.fastly.steamstatic.com/store_trailers/256813189/movie480.mp4?t=1607655625', 'https://video.fastly.steamstatic.com/store_trailers/256813189/movie480_vp9.webm?t=1607655625', 'https://shared.fastly.steamstatic.com/store_item_assets/steam/apps/256813189/movie.293x165.jpg?t=1607655625');

INSERT INTO products (id, title, type, description, price, discount, discountStartDate, discountEndDate, releaseDate, rating, isActive, headerImage)
VALUES (58, 'Garry''s Mod', 'Game', 'Garry''s Mod is a physics sandbox. There aren''t any predefined aims or goals. We give you the tools and leave you to play.', 9.99, 50, '2025-01-14', '2025-01-28', '2006-11-29', 0, TRUE, 'https://shared.fastly.steamstatic.com/store_item_assets/steam/apps/4000/header.jpg?t=1726231861');

INSERT INTO product_developers (product_id, developer) VALUES
(58, 'Facepunch Studios');

INSERT INTO product_publishers (product_id, publisher) VALUES
(58, 'Valve');

INSERT INTO product_platforms (product_id, platform) VALUES
(58, 'Windows');

INSERT INTO product_genres (product_id, genre) VALUES
(58, 'Casual'),
(58, 'Indie'),
(58, 'Simulation');

INSERT INTO product_tags (product_id, tag) VALUES
(58, 'Sandbox'),
(58, 'Moddable'),
(58, 'Multiplayer'),
(58, 'Physics'),
(58, 'Building'),
(58, 'Casual'),
(58, 'Funny'),
(58, 'First-Person'),
(58, 'Singleplayer'),
(58, 'FPS'),
(58, 'Simulation'),
(58, 'Online Co-Op'),
(58, 'Shooter'),
(58, 'Co-op'),
(58, 'Comedy'),
(58, 'Action'),
(58, 'Indie'),
(58, 'PvP'),
(58, 'Realistic'),
(58, 'Exploration');

INSERT INTO product_features (product_id, feature) VALUES
(58, 'Single-player'),
(58, 'Online PvP'),
(58, 'LAN PvP'),
(58, 'Online Co-op'),
(58, 'LAN Co-op'),
(58, 'Cross-Platform Multiplayer'),
(58, 'Steam Achievements'),
(58, 'Steam Trading Cards'),
(58, 'Captions available'),
(58, 'Steam Workshop'),
(58, 'Steam Cloud'),
(58, 'Includes level editor'),
(58, 'Includes Source SDK'),
(58, 'Remote Play on Tablet'),
(58, 'Family Sharing');

INSERT INTO product_system_requirements (product_id, platform, title, minimum, recommended) VALUES (58, 'win', 'OS', 'Windows® 10', 'Windows® 10/11');

INSERT INTO product_system_requirements (product_id, platform, title, minimum, recommended) VALUES (58, 'win', 'Processor', '2 GHz Processor or better', '2.5 GHz Processor or better');

INSERT INTO product_system_requirements (product_id, platform, title, minimum, recommended) VALUES (58, 'win', 'Memory', '4 GB RAM', '8 GB RAM');

INSERT INTO product_system_requirements (product_id, platform, title, minimum, recommended) VALUES (58, 'win', 'Graphics', '1GB dedicated VRAM or better', '4GB dedicated VRAM or better');

INSERT INTO product_system_requirements (product_id, platform, title, minimum, recommended) VALUES (58, 'win', 'DirectX', 'Version 9.0c', 'Version 9.0c');

INSERT INTO product_system_requirements (product_id, platform, title, minimum, recommended) VALUES (58, 'win', 'Network', 'Broadband Internet connection', 'Broadband Internet connection');

INSERT INTO product_system_requirements (product_id, platform, title, minimum, recommended) VALUES (58, 'win', 'Storage', '5 GB available space', '25 GB available space');

INSERT INTO product_system_requirements (product_id, platform, title, minimum, recommended) VALUES (58, 'win', 'Additional Notes', 'Mouse, Keyboard, Monitor', '');

INSERT INTO product_system_requirements (product_id, platform, title, minimum, recommended) VALUES (58, 'mac', 'OS', 'OS X version Snow Leopard 10.6.3', 'Latest OS X version');

INSERT INTO product_system_requirements (product_id, platform, title, minimum, recommended) VALUES (58, 'mac', 'Processor', '2 GHz Processor or better', '2.5 GHz Processor or better');

INSERT INTO product_system_requirements (product_id, platform, title, minimum, recommended) VALUES (58, 'mac', 'Memory', '4 GB RAM', '8 GB RAM');

INSERT INTO product_system_requirements (product_id, platform, title, minimum, recommended) VALUES (58, 'mac', 'Graphics', '1GB dedicated VRAM or better', '4GB dedicated VRAM or better');

INSERT INTO product_system_requirements (product_id, platform, title, minimum, recommended) VALUES (58, 'mac', 'DirectX', '', '');

INSERT INTO product_system_requirements (product_id, platform, title, minimum, recommended) VALUES (58, 'mac', 'Network', 'Broadband Internet connection', 'Broadband Internet connection');

INSERT INTO product_system_requirements (product_id, platform, title, minimum, recommended) VALUES (58, 'mac', 'Storage', '5 GB available space', '25 GB available space');

INSERT INTO product_system_requirements (product_id, platform, title, minimum, recommended) VALUES (58, 'mac', 'Additional Notes', 'Mouse, Keyboard, Monitor', '');

INSERT INTO product_system_requirements (product_id, platform, title, minimum, recommended) VALUES (58, 'linux', 'OS', 'Ubuntu 12.04', 'Latest Ubuntu');

INSERT INTO product_system_requirements (product_id, platform, title, minimum, recommended) VALUES (58, 'linux', 'Processor', '2 GHz Processor or better', '2.5 GHz Processor or better');

INSERT INTO product_system_requirements (product_id, platform, title, minimum, recommended) VALUES (58, 'linux', 'Memory', '4 GB RAM', '8 GB RAM');

INSERT INTO product_system_requirements (product_id, platform, title, minimum, recommended) VALUES (58, 'linux', 'Graphics', '1GB dedicated VRAM or better', '4GB dedicated VRAM or better');

INSERT INTO product_system_requirements (product_id, platform, title, minimum, recommended) VALUES (58, 'linux', 'DirectX', '', '');

INSERT INTO product_system_requirements (product_id, platform, title, minimum, recommended) VALUES (58, 'linux', 'Network', 'Broadband Internet connection', 'Broadband Internet connection');

INSERT INTO product_system_requirements (product_id, platform, title, minimum, recommended) VALUES (58, 'linux', 'Storage', '5 GB available space', '25 GB available space');

INSERT INTO product_system_requirements (product_id, platform, title, minimum, recommended) VALUES (58, 'linux', 'Additional Notes', 'Mouse, Keyboard, Monitor', '');

INSERT INTO product_screenshots (product_id, screenshot) VALUES
(58, 'https://shared.fastly.steamstatic.com/store_item_assets/steam/apps/4000/ss_af060d0a9aeb6598e154c9704ce250b0e63b2266.1920x1080.jpg?t=1726231861'),
(58, 'https://shared.fastly.steamstatic.com/store_item_assets/steam/apps/4000/ss_d314d7dba0987b3e7f49154964bda0ae74ee5161.1920x1080.jpg?t=1726231861'),
(58, 'https://shared.fastly.steamstatic.com/store_item_assets/steam/apps/4000/ss_3d320f333fb74413911cbc2bffae9bdda683e2ec.1920x1080.jpg?t=1726231861'),
(58, 'https://shared.fastly.steamstatic.com/store_item_assets/steam/apps/4000/ss_12741a4344b5cfee33726ae219476c8634517f7d.1920x1080.jpg?t=1726231861'),
(58, 'https://shared.fastly.steamstatic.com/store_item_assets/steam/apps/4000/ss_74a181b4584a04c88ee316df31a850ab2810fb79.1920x1080.jpg?t=1726231861'),
(58, 'https://shared.fastly.steamstatic.com/store_item_assets/steam/apps/4000/ss_a6133770663ff34d535adf050f2af64ab47a6974.1920x1080.jpg?t=1726231861'),
(58, 'https://shared.fastly.steamstatic.com/store_item_assets/steam/apps/4000/ss_ff27d52a103d1685e4981673c4f700b860cb23de.1920x1080.jpg?t=1726231861'),
(58, 'https://shared.fastly.steamstatic.com/store_item_assets/steam/apps/4000/0000000826.1920x1080.jpg?t=1726231861'),
(58, 'https://shared.fastly.steamstatic.com/store_item_assets/steam/apps/4000/ss_65ec9828538eac8db20efc8149990060911fefc4.1920x1080.jpg?t=1726231861'),
(58, 'https://shared.fastly.steamstatic.com/store_item_assets/steam/apps/4000/ss_c13ffded1d71bedfa7ede94c11cbd21fbd21a32c.1920x1080.jpg?t=1726231861'),
(58, 'https://shared.fastly.steamstatic.com/store_item_assets/steam/apps/4000/ss_d85d19db885f233a4790960978f362b556ec37be.1920x1080.jpg?t=1726231861'),
(58, 'https://shared.fastly.steamstatic.com/store_item_assets/steam/apps/4000/0000000824.1920x1080.jpg?t=1726231861'),
(58, 'https://shared.fastly.steamstatic.com/store_item_assets/steam/apps/4000/ss_4162b10390d84aa600e5ed895fdc885482eb2e71.1920x1080.jpg?t=1726231861'),
(58, 'https://shared.fastly.steamstatic.com/store_item_assets/steam/apps/4000/0000000822.1920x1080.jpg?t=1726231861'),
(58, 'https://shared.fastly.steamstatic.com/store_item_assets/steam/apps/4000/ss_6196ec6e5ad47ef40b27099cc77a3bf60b64b38c.1920x1080.jpg?t=1726231861'),
(58, 'https://shared.fastly.steamstatic.com/store_item_assets/steam/apps/4000/0000000829.1920x1080.jpg?t=1726231861'),
(58, 'https://shared.fastly.steamstatic.com/store_item_assets/steam/apps/4000/0000000828.1920x1080.jpg?t=1726231861'),
(58, 'https://shared.fastly.steamstatic.com/store_item_assets/steam/apps/4000/0000000827.1920x1080.jpg?t=1726231861'),
(58, 'https://shared.fastly.steamstatic.com/store_item_assets/steam/apps/4000/0000000825.1920x1080.jpg?t=1726231861'),
(58, 'https://shared.fastly.steamstatic.com/store_item_assets/steam/apps/4000/0000000830.1920x1080.jpg?t=1726231861');

INSERT INTO products (id, title, type, description, price, discount, discountStartDate, discountEndDate, releaseDate, rating, isActive, headerImage)
VALUES (59, 'Limbus Company', 'Game', 'As the Executive Manager of Limbus Company, lead your group of twelve Sinners, venture into the buried facilities of Lobotomy Corporation, and lay claim on the Golden Boughs.', 0, 0, NULL, NULL, '2023-02-27', 0, TRUE, 'https://shared.fastly.steamstatic.com/store_item_assets/steam/apps/1973530/header.jpg?t=1728532474');

INSERT INTO product_developers (product_id, developer) VALUES
(59, 'ProjectMoon');

INSERT INTO product_publishers (product_id, publisher) VALUES
(59, 'ProjectMoon');

INSERT INTO product_platforms (product_id, platform) VALUES
(59, 'Windows');

INSERT INTO product_genres (product_id, genre) VALUES
(59, 'Action'),
(59, 'RPG'),
(59, 'Strategy');

INSERT INTO product_tags (product_id, tag) VALUES
(59, 'Lore-Rich'),
(59, 'Story Rich'),
(59, 'Turn-Based Tactics'),
(59, 'Turn-Based Combat'),
(59, 'RPG'),
(59, 'Free to Play'),
(59, 'Visual Novel'),
(59, 'Strategy'),
(59, 'Singleplayer'),
(59, 'Strategy RPG'),
(59, 'Anime'),
(59, 'PvE'),
(59, 'Turn-Based Strategy'),
(59, '2D'),
(59, 'Action'),
(59, 'Dark Fantasy'),
(59, 'Roguelite'),
(59, 'Sci-fi'),
(59, 'Great Soundtrack'),
(59, 'Colorful');

INSERT INTO product_features (product_id, feature) VALUES
(59, 'Single-player'),
(59, 'In-App Purchases');

INSERT INTO product_system_requirements (product_id, platform, title, minimum, recommended) VALUES (59, 'win', 'OS', 'Windows 10', 'Windows 10');

INSERT INTO product_system_requirements (product_id, platform, title, minimum, recommended) VALUES (59, 'win', 'Processor', 'Intel Core i5', 'Intel Core i5');

INSERT INTO product_system_requirements (product_id, platform, title, minimum, recommended) VALUES (59, 'win', 'Memory', '8 GB RAM', '8 GB RAM');

INSERT INTO product_system_requirements (product_id, platform, title, minimum, recommended) VALUES (59, 'win', 'Graphics', 'GeForce GT 1030', 'GeForce GT 1030');

INSERT INTO product_system_requirements (product_id, platform, title, minimum, recommended) VALUES (59, 'win', 'DirectX', 'Version 10', 'Version 10');

INSERT INTO product_system_requirements (product_id, platform, title, minimum, recommended) VALUES (59, 'win', 'Network', '', '');

INSERT INTO product_system_requirements (product_id, platform, title, minimum, recommended) VALUES (59, 'win', 'Storage', '10 GB available space', '10 GB available space');

INSERT INTO product_system_requirements (product_id, platform, title, minimum, recommended) VALUES (59, 'win', 'Additional Notes', '', '');

INSERT INTO product_screenshots (product_id, screenshot) VALUES
(59, 'https://shared.fastly.steamstatic.com/store_item_assets/steam/apps/1973530/ss_37611a1ac9a0be00b6c9a447690af634614d2ca5.1920x1080.jpg?t=1728532474'),
(59, 'https://shared.fastly.steamstatic.com/store_item_assets/steam/apps/1973530/ss_1ae814b7c6485f3096d351e775137a7bca39a6c7.1920x1080.jpg?t=1728532474'),
(59, 'https://shared.fastly.steamstatic.com/store_item_assets/steam/apps/1973530/ss_c14bbf4d204aab3372dfb89b1101556dde999ac1.1920x1080.jpg?t=1728532474'),
(59, 'https://shared.fastly.steamstatic.com/store_item_assets/steam/apps/1973530/ss_911e799ef3a6cabccd6c1faa7f400e8c80abfb71.1920x1080.jpg?t=1728532474'),
(59, 'https://shared.fastly.steamstatic.com/store_item_assets/steam/apps/1973530/ss_13d20ed38e2b51bad61e079624a01d2516a0f147.1920x1080.jpg?t=1728532474');

INSERT INTO product_videos (product_id, mp4, webm, thumbnail) VALUES
(59, 'https://video.fastly.steamstatic.com/store_trailers/257063548/movie480.mp4?t=1728529308', 'https://video.fastly.steamstatic.com/store_trailers/257063548/movie480_vp9.webm?t=1728529308', 'https://shared.fastly.steamstatic.com/store_item_assets/steam/apps/257063548/b658d5c92d4d2516222acf10a44aaad674722bfb/movie_600x337.jpg?t=1728529308'),
(59, 'https://video.fastly.steamstatic.com/store_trailers/256931329/movie480.mp4?t=1728529324', 'https://video.fastly.steamstatic.com/store_trailers/256931329/movie480_vp9.webm?t=1728529324', 'https://shared.fastly.steamstatic.com/store_item_assets/steam/apps/256931329/movie.293x165.jpg?t=1728529324'),
(59, 'https://video.fastly.steamstatic.com/store_trailers/257010912/movie480.mp4?t=1728529312', 'https://video.fastly.steamstatic.com/store_trailers/257010912/movie480_vp9.webm?t=1728529312', 'https://shared.fastly.steamstatic.com/store_item_assets/steam/apps/257010912/movie.293x165.jpg?t=1728529312'),
(59, 'https://video.fastly.steamstatic.com/store_trailers/256974020/movie480.mp4?t=1728529316', 'https://video.fastly.steamstatic.com/store_trailers/256974020/movie480_vp9.webm?t=1728529316', 'https://shared.fastly.steamstatic.com/store_item_assets/steam/apps/256974020/movie.293x165.jpg?t=1728529316'),
(59, 'https://video.fastly.steamstatic.com/store_trailers/256949162/movie480.mp4?t=1728529320', 'https://video.fastly.steamstatic.com/store_trailers/256949162/movie480_vp9.webm?t=1728529320', 'https://shared.fastly.steamstatic.com/store_item_assets/steam/apps/256949162/movie.293x165.jpg?t=1728529320'),
(59, 'https://video.fastly.steamstatic.com/store_trailers/256931885/movie480.mp4?t=1676999501', 'https://video.fastly.steamstatic.com/store_trailers/256931885/movie480_vp9.webm?t=1676999501', 'https://shared.fastly.steamstatic.com/store_item_assets/steam/apps/256931885/movie.293x165.jpg?t=1676999501'),
(59, 'https://video.fastly.steamstatic.com/store_trailers/256931888/movie480.mp4?t=1676999496', 'https://video.fastly.steamstatic.com/store_trailers/256931888/movie480_vp9.webm?t=1676999496', 'https://shared.fastly.steamstatic.com/store_item_assets/steam/apps/256931888/movie.293x165.jpg?t=1676999496');

INSERT INTO products (id, title, type, description, price, discount, discountStartDate, discountEndDate, releaseDate, rating, isActive, headerImage)
VALUES (60, 'Satisfactory', 'Game', 'Satisfactory is a first-person open-world factory building game with a dash of exploration and combat. Play alone or with friends, explore an alien planet, create multi-story factories, and enter conveyor belt heaven!', 39.99, 0, NULL, NULL, '2024-09-10', 0, TRUE, 'https://shared.fastly.steamstatic.com/store_item_assets/steam/apps/526870/header.jpg?t=1733848217');

INSERT INTO product_developers (product_id, developer) VALUES
(60, 'Coffee Stain Studios');

INSERT INTO product_publishers (product_id, publisher) VALUES
(60, 'Coffee Stain Publishing');

INSERT INTO product_platforms (product_id, platform) VALUES
(60, 'Windows');

INSERT INTO product_genres (product_id, genre) VALUES
(60, 'Adventure'),
(60, 'Indie'),
(60, 'Simulation'),
(60, 'Strategy');

INSERT INTO product_tags (product_id, tag) VALUES
(60, 'Base Building'),
(60, 'Automation'),
(60, 'Open World'),
(60, 'Multiplayer'),
(60, 'Crafting'),
(60, 'Co-op'),
(60, 'Resource Management'),
(60, 'Building'),
(60, 'Sandbox'),
(60, 'Exploration'),
(60, 'Adventure'),
(60, 'Open World Survival Craft'),
(60, 'Survival'),
(60, 'Simulation'),
(60, 'First-Person'),
(60, 'Strategy'),
(60, 'Early Access'),
(60, 'Sci-fi'),
(60, 'Singleplayer'),
(60, 'Indie');

INSERT INTO product_features (product_id, feature) VALUES
(60, 'Single-player'),
(60, 'Online Co-op'),
(60, 'Cross-Platform Multiplayer'),
(60, 'Steam Achievements'),
(60, 'Steam Cloud'),
(60, 'Remote Play on Tablet'),
(60, 'Family Sharing');

INSERT INTO product_system_requirements (product_id, platform, title, minimum, recommended) VALUES (60, 'win', 'OS', 'Windows 10 or later (64-Bit)', 'Windows 11 or later (64-Bit)');

INSERT INTO product_system_requirements (product_id, platform, title, minimum, recommended) VALUES (60, 'win', 'Processor', 'i5-3570 3.4 GHz 4 Core', 'Ryzen 5 5600X﻿ or ﻿i5-12400 ﻿or equivalent performance, 6 physical cores minimum');

INSERT INTO product_system_requirements (product_id, platform, title, minimum, recommended) VALUES (60, 'win', 'Memory', '8 GB RAM', '16 GB RAM');

INSERT INTO product_system_requirements (product_id, platform, title, minimum, recommended) VALUES (60, 'win', 'Graphics', 'Nvidia GTX 1650/GTX 1050-ti, or AMD RX 470/RX 570, or equivalent performance & VRAM', 'Nvidia RTX 2070﻿ or RX 5700, or equivalent performance & VRAM');

INSERT INTO product_system_requirements (product_id, platform, title, minimum, recommended) VALUES (60, 'win', 'DirectX', '', '');

INSERT INTO product_system_requirements (product_id, platform, title, minimum, recommended) VALUES (60, 'win', 'Network', '', '');

INSERT INTO product_system_requirements (product_id, platform, title, minimum, recommended) VALUES (60, 'win', 'Storage', '20 GB available space', '20 GB available space');

INSERT INTO product_system_requirements (product_id, platform, title, minimum, recommended) VALUES (60, 'win', 'Additional Notes', 'Internet connection required for multiplayer.', 'Internet connection required for multiplayer.');

INSERT INTO product_screenshots (product_id, screenshot) VALUES
(60, 'https://shared.fastly.steamstatic.com/store_item_assets/steam/apps/526870/ss_9083ccf8fbb22c4068a6e233e3de343f815f9dc1.1920x1080.jpg?t=1733848217'),
(60, 'https://shared.fastly.steamstatic.com/store_item_assets/steam/apps/526870/ss_6f456011887f970dc230af5e1720065ca3430aae.1920x1080.jpg?t=1733848217'),
(60, 'https://shared.fastly.steamstatic.com/store_item_assets/steam/apps/526870/ss_b1104309f1c22c85de6ad6c401e6d889411c14d2.1920x1080.jpg?t=1733848217'),
(60, 'https://shared.fastly.steamstatic.com/store_item_assets/steam/apps/526870/ss_3f47e401fc3e09fd86500d2026da954de08a015b.1920x1080.jpg?t=1733848217'),
(60, 'https://shared.fastly.steamstatic.com/store_item_assets/steam/apps/526870/ss_077e7ea98621faeb5b4a73ea0aaa91f41c6f66c9.1920x1080.jpg?t=1733848217'),
(60, 'https://shared.fastly.steamstatic.com/store_item_assets/steam/apps/526870/ss_cff8791f06839134d09f4c865758193a7023b92f.1920x1080.jpg?t=1733848217'),
(60, 'https://shared.fastly.steamstatic.com/store_item_assets/steam/apps/526870/ss_9bd0410b1f4bbc26996d7082e20a0f7cb9002988.1920x1080.jpg?t=1733848217'),
(60, 'https://shared.fastly.steamstatic.com/store_item_assets/steam/apps/526870/ss_306f1c5828e3afeccea89f1d1f0e3f954a042bd7.1920x1080.jpg?t=1733848217'),
(60, 'https://shared.fastly.steamstatic.com/store_item_assets/steam/apps/526870/ss_d3ae27c85447a7eadd25b567d321e480252b2ef9.1920x1080.jpg?t=1733848217'),
(60, 'https://shared.fastly.steamstatic.com/store_item_assets/steam/apps/526870/ss_27d0900a30162e97241d0643b8476d02cd453a05.1920x1080.jpg?t=1733848217'),
(60, 'https://shared.fastly.steamstatic.com/store_item_assets/steam/apps/526870/ss_279a1e122f86b7c98931b42e38cac0fa91b996ce.1920x1080.jpg?t=1733848217'),
(60, 'https://shared.fastly.steamstatic.com/store_item_assets/steam/apps/526870/ss_c5d0d0c28593fee365901473c66fed6b5370ed9f.1920x1080.jpg?t=1733848217'),
(60, 'https://shared.fastly.steamstatic.com/store_item_assets/steam/apps/526870/ss_c42d82beff342eb1ce7a40b3015a27968655df40.1920x1080.jpg?t=1733848217'),
(60, 'https://shared.fastly.steamstatic.com/store_item_assets/steam/apps/526870/ss_96ec2963bd53dce761c2c0126dee97209274e72c.1920x1080.jpg?t=1733848217'),
(60, 'https://shared.fastly.steamstatic.com/store_item_assets/steam/apps/526870/ss_324fb3d8774ef3eadba136d4eae8c01cbdf14a83.1920x1080.jpg?t=1733848217'),
(60, 'https://shared.fastly.steamstatic.com/store_item_assets/steam/apps/526870/ss_6c410d20a203c68554c3b1b25e686c9fa7506070.1920x1080.jpg?t=1733848217'),
(60, 'https://shared.fastly.steamstatic.com/store_item_assets/steam/apps/526870/ss_b3609e0de9c0af3953b2c53bb9e7a741ad924948.1920x1080.jpg?t=1733848217');

INSERT INTO product_videos (product_id, mp4, webm, thumbnail) VALUES
(60, 'https://video.fastly.steamstatic.com/store_trailers/257053861/movie480.mp4?t=1725980382', 'https://video.fastly.steamstatic.com/store_trailers/257053861/movie480_vp9.webm?t=1725980382', 'https://shared.fastly.steamstatic.com/store_item_assets/steam/apps/257053861/movie.293x165.jpg?t=1725980382'),
(60, 'https://video.fastly.steamstatic.com/store_trailers/256906919/movie480.mp4?t=1663699708', 'https://video.fastly.steamstatic.com/store_trailers/256906919/movie480_vp9.webm?t=1663699708', 'https://shared.fastly.steamstatic.com/store_item_assets/steam/apps/256906919/movie.293x165.jpg?t=1663699708'),
(60, 'https://video.fastly.steamstatic.com/store_trailers/256861712/movie480.mp4?t=1637686916', 'https://video.fastly.steamstatic.com/store_trailers/256861712/movie480_vp9.webm?t=1637686916', 'https://shared.fastly.steamstatic.com/store_item_assets/steam/apps/256861712/movie.293x165.jpg?t=1637686916'),
(60, 'https://video.fastly.steamstatic.com/store_trailers/256830300/movie480.mp4?t=1618397318', 'https://video.fastly.steamstatic.com/store_trailers/256830300/movie480_vp9.webm?t=1618397318', 'https://shared.fastly.steamstatic.com/store_item_assets/steam/apps/256830300/movie.293x165.jpg?t=1618397318'),
(60, 'https://video.fastly.steamstatic.com/store_trailers/256788184/movie480.mp4?t=1591635898', 'https://video.fastly.steamstatic.com/store_trailers/256788184/movie480_vp9.webm?t=1591635898', 'https://shared.fastly.steamstatic.com/store_item_assets/steam/apps/256788184/movie.293x165.jpg?t=1591635898'),
(60, 'https://video.fastly.steamstatic.com/store_trailers/256774877/movie480.mp4?t=1581455310', 'https://video.fastly.steamstatic.com/store_trailers/256774877/movie480.webm?t=1581455310', 'https://shared.fastly.steamstatic.com/store_item_assets/steam/apps/256774877/movie.293x165.jpg?t=1581455310'),
(60, 'https://video.fastly.steamstatic.com/store_trailers/256719496/movie480.mp4?t=1581455130', 'https://video.fastly.steamstatic.com/store_trailers/256719496/movie480.webm?t=1581455130', 'https://shared.fastly.steamstatic.com/store_item_assets/steam/apps/256719496/movie.293x165.jpg?t=1581455130');

INSERT INTO products (id, title, type, description, price, discount, discountStartDate, discountEndDate, releaseDate, rating, isActive, headerImage)
VALUES (61, 'STALCRAFT: X', 'Game', 'STALCRAFT: X is the largest online game set in the open world of the Chernobyl Exclusion Zone. Dive into this universe, filled with mutants and anomalies alone or with friends — unforgettable experiences are guaranteed!', 0, 0, NULL, NULL, '2022-12-10', 0, TRUE, 'https://shared.fastly.steamstatic.com/store_item_assets/steam/apps/1818450/header_alt_assets_3.jpg?t=1734097289');

INSERT INTO product_developers (product_id, developer) VALUES
(61, 'EXBO');

INSERT INTO product_publishers (product_id, publisher) VALUES
(61, 'EXBO');

INSERT INTO product_platforms (product_id, platform) VALUES
(61, 'Windows');

INSERT INTO product_genres (product_id, genre) VALUES
(61, 'Action'),
(61, 'Adventure'),
(61, 'Massively Multiplayer'),
(61, 'RPG');

INSERT INTO product_tags (product_id, tag) VALUES
(61, 'Free to Play'),
(61, 'MMORPG'),
(61, 'FPS'),
(61, 'Multiplayer'),
(61, 'Shooter'),
(61, 'Action'),
(61, 'Adventure'),
(61, 'First-Person'),
(61, 'Atmospheric'),
(61, 'Looter Shooter'),
(61, 'Horror'),
(61, 'Massively Multiplayer'),
(61, 'PvP'),
(61, 'RPG'),
(61, 'Combat'),
(61, 'Tactical'),
(61, 'Story Rich'),
(61, 'PvE'),
(61, 'Team-Based'),
(61, 'Alternate History');

INSERT INTO product_features (product_id, feature) VALUES
(61, 'MMO'),
(61, 'Online PvP'),
(61, 'Online Co-op'),
(61, 'In-App Purchases');

INSERT INTO product_system_requirements (product_id, platform, title, minimum, recommended) VALUES (61, 'win', 'OS', 'Windows 10 64-bit / Windows 11 64-bit', 'Windows 10 64-bit / Windows 11 64-bit');

INSERT INTO product_system_requirements (product_id, platform, title, minimum, recommended) VALUES (61, 'win', 'Processor', 'Intel Core i5 3470 / AMD FX-6300', 'Intel Core i5-6400 / AMD Ryzen 3 1200');

INSERT INTO product_system_requirements (product_id, platform, title, minimum, recommended) VALUES (61, 'win', 'Memory', '4 GB RAM', '8 GB RAM');

INSERT INTO product_system_requirements (product_id, platform, title, minimum, recommended) VALUES (61, 'win', 'Graphics', 'NVIDIA GeForce GTX 750 Ti / AMD Radeon RX 560 / Intel Arc A310', 'NVIDIA GeForce GTX 1050 Ti / AMD Radeon RX 570 / Intel Arc A380');

INSERT INTO product_system_requirements (product_id, platform, title, minimum, recommended) VALUES (61, 'win', 'DirectX', '', '');

INSERT INTO product_system_requirements (product_id, platform, title, minimum, recommended) VALUES (61, 'win', 'Network', 'Broadband Internet connection', 'Broadband Internet connection');

INSERT INTO product_system_requirements (product_id, platform, title, minimum, recommended) VALUES (61, 'win', 'Storage', '50 GB available space', '50 GB available space');

INSERT INTO product_system_requirements (product_id, platform, title, minimum, recommended) VALUES (61, 'win', 'Additional Notes', 'SSD recommended', 'SSD recommended');

INSERT INTO product_screenshots (product_id, screenshot) VALUES
(61, 'https://shared.fastly.steamstatic.com/store_item_assets/steam/apps/1818450/ss_2298b3370490dfc43e5b002a8ebb34fffc3c8e55.1920x1080.jpg?t=1734097289'),
(61, 'https://shared.fastly.steamstatic.com/store_item_assets/steam/apps/1818450/ss_cdaf820bdf735fc9b6c02314012dbfa84b0cccd3.1920x1080.jpg?t=1734097289'),
(61, 'https://shared.fastly.steamstatic.com/store_item_assets/steam/apps/1818450/ss_4b9eb25d9efdcb6e45cbdc493fd0d5516c211ff3.1920x1080.jpg?t=1734097289'),
(61, 'https://shared.fastly.steamstatic.com/store_item_assets/steam/apps/1818450/ss_996c0713c228e446ed5d39cde02b0f8a01ffbc2c.1920x1080.jpg?t=1734097289'),
(61, 'https://shared.fastly.steamstatic.com/store_item_assets/steam/apps/1818450/ss_39a8f7fb3ffa1b0fae99857456fc60dbb2d0f1a3.1920x1080.jpg?t=1734097289'),
(61, 'https://shared.fastly.steamstatic.com/store_item_assets/steam/apps/1818450/ss_4f0eda14790a5f56887810a387c0edab501e6002.1920x1080.jpg?t=1734097289'),
(61, 'https://shared.fastly.steamstatic.com/store_item_assets/steam/apps/1818450/ss_2c327ff5e58e3e7dc0611a4faeccffec4c016832.1920x1080.jpg?t=1734097289'),
(61, 'https://shared.fastly.steamstatic.com/store_item_assets/steam/apps/1818450/ss_3ae7c8a9f7a6e7f625226512753cb876682eba6c.1920x1080.jpg?t=1734097289'),
(61, 'https://shared.fastly.steamstatic.com/store_item_assets/steam/apps/1818450/ss_063de4ae43288d9c1827176d1233a9f423ec3f3a.1920x1080.jpg?t=1734097289'),
(61, 'https://shared.fastly.steamstatic.com/store_item_assets/steam/apps/1818450/ss_5779c0803eea96bb265d122f31890e388044c012.1920x1080.jpg?t=1734097289'),
(61, 'https://shared.fastly.steamstatic.com/store_item_assets/steam/apps/1818450/ss_82fab44c1e6aa880d2546a181a78f595d3d5189f.1920x1080.jpg?t=1734097289'),
(61, 'https://shared.fastly.steamstatic.com/store_item_assets/steam/apps/1818450/ss_4e0b4bb794232f2699eb8bbf55d2d993b0142dfb.1920x1080.jpg?t=1734097289'),
(61, 'https://shared.fastly.steamstatic.com/store_item_assets/steam/apps/1818450/ss_a2ff9a2e4c3235d4821419a73c98a247e3e12f19.1920x1080.jpg?t=1734097289'),
(61, 'https://shared.fastly.steamstatic.com/store_item_assets/steam/apps/1818450/ss_e7bf4623295b00fa46bb108855b0df42ea39245b.1920x1080.jpg?t=1734097289'),
(61, 'https://shared.fastly.steamstatic.com/store_item_assets/steam/apps/1818450/ss_f34288565ba9945fafc5acf7b956800a9583bb01.1920x1080.jpg?t=1734097289'),
(61, 'https://shared.fastly.steamstatic.com/store_item_assets/steam/apps/1818450/ss_eb6077f803a68290514e5c91a69cdf2d57844172.1920x1080.jpg?t=1734097289'),
(61, 'https://shared.fastly.steamstatic.com/store_item_assets/steam/apps/1818450/ss_9924caae850e6d281d8e25553973df5a322260a7.1920x1080.jpg?t=1734097289'),
(61, 'https://shared.fastly.steamstatic.com/store_item_assets/steam/apps/1818450/ss_f5946dafe58448500eb9c1d8b96164a06d967faf.1920x1080.jpg?t=1734097289'),
(61, 'https://shared.fastly.steamstatic.com/store_item_assets/steam/apps/1818450/ss_a32e412b93b0c6457f31575e1a790865eba78a09.1920x1080.jpg?t=1734097289'),
(61, 'https://shared.fastly.steamstatic.com/store_item_assets/steam/apps/1818450/ss_bde28a79a5253a8289171f5db42cd0bf6b032974.1920x1080.jpg?t=1734097289'),
(61, 'https://shared.fastly.steamstatic.com/store_item_assets/steam/apps/1818450/ss_5ed523d06446f1cbda4c63a71b1ee859f63cd663.1920x1080.jpg?t=1734097289'),
(61, 'https://shared.fastly.steamstatic.com/store_item_assets/steam/apps/1818450/ss_4cf074d266b3532e9c0ebe784650073d183c082b.1920x1080.jpg?t=1734097289'),
(61, 'https://shared.fastly.steamstatic.com/store_item_assets/steam/apps/1818450/ss_cd1cb651e09de989dbf3382eae4037dd747d84c7.1920x1080.jpg?t=1734097289');

INSERT INTO product_videos (product_id, mp4, webm, thumbnail) VALUES
(61, 'https://video.fastly.steamstatic.com/store_trailers/257036912/movie480.mp4?t=1720623949', 'https://video.fastly.steamstatic.com/store_trailers/257036912/movie480_vp9.webm?t=1720623949', 'https://shared.fastly.steamstatic.com/store_item_assets/steam/apps/257036912/movie.293x165.jpg?t=1720623949'),
(61, 'https://video.fastly.steamstatic.com/store_trailers/256920462/movie480.mp4?t=1720623954', 'https://video.fastly.steamstatic.com/store_trailers/256920462/movie480_vp9.webm?t=1720623954', 'https://shared.fastly.steamstatic.com/store_item_assets/steam/apps/256920462/movie.293x165.jpg?t=1720623954'),
(61, 'https://video.fastly.steamstatic.com/store_trailers/256934245/movie480.mp4?t=1720624174', 'https://video.fastly.steamstatic.com/store_trailers/256934245/movie480_vp9.webm?t=1720624174', 'https://shared.fastly.steamstatic.com/store_item_assets/steam/apps/256934245/movie.293x165.jpg?t=1720624174'),
(61, 'https://video.fastly.steamstatic.com/store_trailers/256863239/movie480.mp4?t=1720624169', 'https://video.fastly.steamstatic.com/store_trailers/256863239/movie480_vp9.webm?t=1720624169', 'https://shared.fastly.steamstatic.com/store_item_assets/steam/apps/256863239/movie.293x165.jpg?t=1720624169');

INSERT INTO products (id, title, type, description, price, discount, discountStartDate, discountEndDate, releaseDate, rating, isActive, headerImage)
VALUES (62, 'Desktop Mate', 'Game', 'Desktop Mate is a next-generation desktop mascot platform that brings cute characters to your computer. They can sit on top of windows, jump between windows, or play with the mouse. It is as if they are really there, giving you a new experience of interaction.', 0, 0, NULL, NULL, '2025-01-08', 0, TRUE, 'https://shared.fastly.steamstatic.com/store_item_assets/steam/apps/3301060/header.jpg?t=1736533656');

INSERT INTO product_developers (product_id, developer) VALUES
(62, 'infiniteloop');

INSERT INTO product_publishers (product_id, publisher) VALUES
(62, 'infiniteloop');

INSERT INTO product_platforms (product_id, platform) VALUES
(62, 'Windows');

INSERT INTO product_genres (product_id, genre) VALUES
(62, 'Free To Play'),
(62, 'Animation & Modeling'),
(62, 'Utilities');

INSERT INTO product_tags (product_id, tag) VALUES
(62, 'Free to Play'),
(62, 'Cute'),
(62, 'Utilities'),
(62, 'Anime'),
(62, 'Psychological Horror'),
(62, 'Animation & Modeling'),
(62, 'Hentai'),
(62, 'Gore'),
(62, 'Souls-like');

INSERT INTO product_system_requirements (product_id, platform, title, minimum, recommended) VALUES (62, 'win', 'OS', 'Windows 10 64bit / Windows 11 64bit', 'Windows 10 64bit / Windows 11 64bit');

INSERT INTO product_system_requirements (product_id, platform, title, minimum, recommended) VALUES (62, 'win', 'Processor', 'Intel Core i5-8250U 1.6GHz / AMD Ryzen 3 3300U', 'Intel Core i5-11400 2.6GHz / AMD Ryzen 5 3600');

INSERT INTO product_system_requirements (product_id, platform, title, minimum, recommended) VALUES (62, 'win', 'Memory', '8 GB RAM', '16 GB RAM');

INSERT INTO product_system_requirements (product_id, platform, title, minimum, recommended) VALUES (62, 'win', 'Graphics', 'Intel UHD Graphics 730 / Radeon VEGA 8', 'NVIDIA GeForce GTX 750 / AMD Radeon RX550 / Intel Iris Xe Graphics / Radeon VEGA 11');

INSERT INTO product_system_requirements (product_id, platform, title, minimum, recommended) VALUES (62, 'win', 'DirectX', '', '');

INSERT INTO product_system_requirements (product_id, platform, title, minimum, recommended) VALUES (62, 'win', 'Network', '', '');

INSERT INTO product_system_requirements (product_id, platform, title, minimum, recommended) VALUES (62, 'win', 'Storage', '500 MB available space', '4 GB available space');

INSERT INTO product_system_requirements (product_id, platform, title, minimum, recommended) VALUES (62, 'win', 'Additional Notes', 'A GPU or a CPU with integrated GPU is required for operation.', 'A GPU or a CPU with integrated GPU is required for operation.');

INSERT INTO product_screenshots (product_id, screenshot) VALUES
(62, 'https://shared.fastly.steamstatic.com/store_item_assets/steam/apps/3301060/ss_6ebf74e39b8b333881b63d381c3869afb0d8fae8.1920x1080.jpg?t=1736533656'),
(62, 'https://shared.fastly.steamstatic.com/store_item_assets/steam/apps/3301060/ss_4934d24e3bfd564e382ee1ffe8cb827c54f38408.1920x1080.jpg?t=1736533656'),
(62, 'https://shared.fastly.steamstatic.com/store_item_assets/steam/apps/3301060/ss_4dcbb91d7bd8cd58cc64dea1aafd9d727e9e2c39.1920x1080.jpg?t=1736533656'),
(62, 'https://shared.fastly.steamstatic.com/store_item_assets/steam/apps/3301060/ss_50ca5da5d03083c00e32ac1ad887a5d21ea83722.1920x1080.jpg?t=1736533656'),
(62, 'https://shared.fastly.steamstatic.com/store_item_assets/steam/apps/3301060/ss_46094c333bdb6d93c6d9a1114e67f34f9047f6f6.1920x1080.jpg?t=1736533656'),
(62, 'https://shared.fastly.steamstatic.com/store_item_assets/steam/apps/3301060/ss_26be6ab14f9aae72229912247345eb16a7e5d435.1920x1080.jpg?t=1736533656'),
(62, 'https://shared.fastly.steamstatic.com/store_item_assets/steam/apps/3301060/ss_8a5025bf9e1a4c8d6af2b0b369d8c1b6f39fab55.1920x1080.jpg?t=1736533656'),
(62, 'https://shared.fastly.steamstatic.com/store_item_assets/steam/apps/3301060/ss_838c400a46315a7ff8a4fd84341bdcf9b29a5e04.1920x1080.jpg?t=1736533656'),
(62, 'https://shared.fastly.steamstatic.com/store_item_assets/steam/apps/3301060/ss_fc2eaf9e98faecb049ae314cd09d8dfe3052b4e9.1920x1080.jpg?t=1736533656');

INSERT INTO product_videos (product_id, mp4, webm, thumbnail) VALUES
(62, 'https://video.fastly.steamstatic.com/store_trailers/257081773/movie480.mp4?t=1735031983', 'https://video.fastly.steamstatic.com/store_trailers/257081773/movie480_vp9.webm?t=1735031983', 'https://shared.fastly.steamstatic.com/store_item_assets/steam/apps/257081773/f391f506f9be2438db6a9feefb5e671f2c764f6c/movie_600x337.jpg?t=1735031983');

INSERT INTO products (id, title, type, description, price, discount, discountStartDate, discountEndDate, releaseDate, rating, isActive, headerImage)
VALUES (63, 'Hogwarts Legacy', 'Game', 'Hogwarts Legacy is an immersive, open-world action RPG. Now you can take control of the action and be at the center of your own adventure in the wizarding world.', 59.99, 0, NULL, NULL, '2023-02-11', 0, TRUE, 'https://shared.fastly.steamstatic.com/store_item_assets/steam/apps/990080/header.jpg?t=1733420116');

INSERT INTO product_developers (product_id, developer) VALUES
(63, 'Avalanche Software');

INSERT INTO product_publishers (product_id, publisher) VALUES
(63, 'Warner Bros. Games');

INSERT INTO product_platforms (product_id, platform) VALUES
(63, 'Windows');

INSERT INTO product_genres (product_id, genre) VALUES
(63, 'Action'),
(63, 'Adventure'),
(63, 'RPG');

INSERT INTO product_tags (product_id, tag) VALUES
(63, 'Magic'),
(63, 'Fantasy'),
(63, 'Open World'),
(63, 'Singleplayer'),
(63, 'Adventure'),
(63, 'RPG'),
(63, 'Character Customization'),
(63, 'Exploration'),
(63, 'Story Rich'),
(63, 'Third Person'),
(63, 'Action-Adventure'),
(63, 'Atmospheric'),
(63, 'Action RPG'),
(63, 'Action'),
(63, 'Combat'),
(63, 'Choices Matter'),
(63, 'Puzzle'),
(63, 'Great Soundtrack'),
(63, 'Dark'),
(63, 'Family Friendly');

INSERT INTO product_features (product_id, feature) VALUES
(63, 'Single-player'),
(63, 'Steam Achievements'),
(63, 'In-App Purchases'),
(63, 'Steam Cloud'),
(63, 'HDR available'),
(63, 'Family Sharing');

INSERT INTO product_system_requirements (product_id, platform, title, minimum, recommended) VALUES (63, 'win', 'OS', '64-bit Windows 10', '64-bit Windows 10');

INSERT INTO product_system_requirements (product_id, platform, title, minimum, recommended) VALUES (63, 'win', 'Processor', 'Intel Core i5-6600 (3.3Ghz) or AMD Ryzen 5 1400 (3.2Ghz)', 'Intel Core i7-8700 (3.2Ghz) or AMD Ryzen 5 3600 (3.6 Ghz)');

INSERT INTO product_system_requirements (product_id, platform, title, minimum, recommended) VALUES (63, 'win', 'Memory', '16 GB RAM', '16 GB RAM');

INSERT INTO product_system_requirements (product_id, platform, title, minimum, recommended) VALUES (63, 'win', 'Graphics', 'NVIDIA GeForce GTX 960 4GB or AMD Radeon RX 470 4GB', 'NVIDIA GeForce 1080 Ti or AMD Radeon RX 5700 XT or INTEL Arc A770');

INSERT INTO product_system_requirements (product_id, platform, title, minimum, recommended) VALUES (63, 'win', 'DirectX', 'Version 12', 'Version 12');

INSERT INTO product_system_requirements (product_id, platform, title, minimum, recommended) VALUES (63, 'win', 'Network', '', '');

INSERT INTO product_system_requirements (product_id, platform, title, minimum, recommended) VALUES (63, 'win', 'Storage', '85 GB available space', '85 GB available space');

INSERT INTO product_system_requirements (product_id, platform, title, minimum, recommended) VALUES (63, 'win', 'Additional Notes', 'SSD (Preferred), HDD (Supported), 720p/30 fps, Low Quality Settings', 'SSD, 1080p/60 fps, High Quality Settings');

INSERT INTO product_screenshots (product_id, screenshot) VALUES
(63, 'https://shared.fastly.steamstatic.com/store_item_assets/steam/apps/990080/ss_725bf58485beb4aa37a3a69c1e2baa69bf3e4653.1920x1080.jpg?t=1733420116'),
(63, 'https://shared.fastly.steamstatic.com/store_item_assets/steam/apps/990080/ss_df93b5e8a183f7232d68be94ae78920a90de1443.1920x1080.jpg?t=1733420116'),
(63, 'https://shared.fastly.steamstatic.com/store_item_assets/steam/apps/990080/ss_94058497bf0f8fabdde17ee8d59bece609a60663.1920x1080.jpg?t=1733420116'),
(63, 'https://shared.fastly.steamstatic.com/store_item_assets/steam/apps/990080/ss_8e08976236d29b1897769257ac3c64e9264792a5.1920x1080.jpg?t=1733420116'),
(63, 'https://shared.fastly.steamstatic.com/store_item_assets/steam/apps/990080/ss_d4930d675af053dc1e61a876a34fc003e85e261f.1920x1080.jpg?t=1733420116');

INSERT INTO product_videos (product_id, mp4, webm, thumbnail) VALUES
(63, 'https://video.fastly.steamstatic.com/store_trailers/256930504/movie480.mp4?t=1676412591', 'https://video.fastly.steamstatic.com/store_trailers/256930504/movie480_vp9.webm?t=1676412591', 'https://shared.fastly.steamstatic.com/store_item_assets/steam/apps/256930504/movie.293x165.jpg?t=1676412591');

INSERT INTO products (id, title, type, description, price, discount, discountStartDate, discountEndDate, releaseDate, rating, isActive, headerImage)
VALUES (64, 'Left 4 Dead 2', 'Game', 'Set in the zombie apocalypse, Left 4 Dead 2 (L4D2) is the highly anticipated sequel to the award-winning Left 4 Dead, the #1 co-op game of 2008. This co-operative action horror FPS takes you and your friends through the cities, swamps and cemeteries of the Deep South, from Savannah to New Orleans across five expansive campaigns.', 9.99, 0, NULL, NULL, '2009-11-17', 0, TRUE, 'https://shared.fastly.steamstatic.com/store_item_assets/steam/apps/550/header.jpg?t=1731457037');

INSERT INTO product_developers (product_id, developer) VALUES
(64, 'Valve');

INSERT INTO product_publishers (product_id, publisher) VALUES
(64, 'Valve');

INSERT INTO product_platforms (product_id, platform) VALUES
(64, 'Windows');

INSERT INTO product_genres (product_id, genre) VALUES
(64, 'Action');

INSERT INTO product_tags (product_id, tag) VALUES
(64, 'Zombies'),
(64, 'Co-op'),
(64, 'FPS'),
(64, 'Multiplayer'),
(64, 'Shooter'),
(64, 'Online Co-Op'),
(64, 'Action'),
(64, 'Survival'),
(64, 'Horror'),
(64, 'First-Person'),
(64, 'Gore'),
(64, 'Team-Based'),
(64, 'Moddable'),
(64, 'Survival Horror'),
(64, 'Post-apocalyptic'),
(64, 'Singleplayer'),
(64, 'Adventure'),
(64, 'Local Co-Op'),
(64, 'Replay Value'),
(64, 'Tactical');

INSERT INTO product_features (product_id, feature) VALUES
(64, 'Single-player'),
(64, 'Online PvP'),
(64, 'Online Co-op'),
(64, 'Steam Achievements'),
(64, 'Steam Trading Cards'),
(64, 'Captions available'),
(64, 'Steam Workshop'),
(64, 'Steam Cloud'),
(64, 'Stats'),
(64, 'Includes Source SDK'),
(64, 'Commentary available'),
(64, 'Remote Play on Phone'),
(64, 'Remote Play on Tablet'),
(64, 'Remote Play on TV'),
(64, 'Remote Play Together'),
(64, 'Family Sharing'),
(64, 'Steam Timeline');

INSERT INTO product_system_requirements (product_id, platform, title, minimum, recommended) VALUES (64, 'win', 'OS', '', '');

INSERT INTO product_system_requirements (product_id, platform, title, minimum, recommended) VALUES (64, 'win', 'Processor', 'Pentium 4 3.0GHz', 'Intel core 2 duo 2.4GHz');

INSERT INTO product_system_requirements (product_id, platform, title, minimum, recommended) VALUES (64, 'win', 'Memory', '2 GB RAM', '2 GB RAM');

INSERT INTO product_system_requirements (product_id, platform, title, minimum, recommended) VALUES (64, 'win', 'Graphics', 'Video card with 128 MB, Shader model 2.0. ATI X800, NVidia 6600 or better', 'Video Card Shader model 3.0. NVidia 7600, ATI X1600 or better');

INSERT INTO product_system_requirements (product_id, platform, title, minimum, recommended) VALUES (64, 'win', 'DirectX', 'Version 9.0c', 'Version 9.0c');

INSERT INTO product_system_requirements (product_id, platform, title, minimum, recommended) VALUES (64, 'win', 'Network', '', '');

INSERT INTO product_system_requirements (product_id, platform, title, minimum, recommended) VALUES (64, 'win', 'Storage', '13 GB available space', '13 GB available space');

INSERT INTO product_system_requirements (product_id, platform, title, minimum, recommended) VALUES (64, 'win', 'Additional Notes', '', '');

INSERT INTO product_system_requirements (product_id, platform, title, minimum, recommended) VALUES (64, 'linux', 'OS', '', '');

INSERT INTO product_system_requirements (product_id, platform, title, minimum, recommended) VALUES (64, 'linux', 'Processor', '', '');

INSERT INTO product_system_requirements (product_id, platform, title, minimum, recommended) VALUES (64, 'linux', 'Memory', '', '');

INSERT INTO product_system_requirements (product_id, platform, title, minimum, recommended) VALUES (64, 'linux', 'Graphics', '', '');

INSERT INTO product_system_requirements (product_id, platform, title, minimum, recommended) VALUES (64, 'linux', 'DirectX', '', '');

INSERT INTO product_system_requirements (product_id, platform, title, minimum, recommended) VALUES (64, 'linux', 'Network', '', '');

INSERT INTO product_system_requirements (product_id, platform, title, minimum, recommended) VALUES (64, 'linux', 'Storage', '', '');

INSERT INTO product_system_requirements (product_id, platform, title, minimum, recommended) VALUES (64, 'linux', 'Additional Notes', '', '');

INSERT INTO product_screenshots (product_id, screenshot) VALUES
(64, 'https://shared.fastly.steamstatic.com/store_item_assets/steam/apps/550/ss_2eae29fbdfe8e5e8999b96d8bb28c5db70507968.1920x1080.jpg?t=1731457037'),
(64, 'https://shared.fastly.steamstatic.com/store_item_assets/steam/apps/550/ss_29b3b4f2a3994c889f6fc12e0781d9d4726ef33f.1920x1080.jpg?t=1731457037'),
(64, 'https://shared.fastly.steamstatic.com/store_item_assets/steam/apps/550/ss_9488e329bb42d792a059fb44cb7135d25b6262f5.1920x1080.jpg?t=1731457037'),
(64, 'https://shared.fastly.steamstatic.com/store_item_assets/steam/apps/550/ss_6ec4ee04d4924b099e25ce79f3d6571c3b623b3b.1920x1080.jpg?t=1731457037'),
(64, 'https://shared.fastly.steamstatic.com/store_item_assets/steam/apps/550/ss_73ad69168a263ce585e4823d9607d901719ca3c5.1920x1080.jpg?t=1731457037'),
(64, 'https://shared.fastly.steamstatic.com/store_item_assets/steam/apps/550/ss_a9c1227ffe8a1968e234b3ebda08e773fc619e37.1920x1080.jpg?t=1731457037'),
(64, 'https://shared.fastly.steamstatic.com/store_item_assets/steam/apps/550/ss_ba2ea2eda245f89626277457ae2ab76ba997f46a.1920x1080.jpg?t=1731457037'),
(64, 'https://shared.fastly.steamstatic.com/store_item_assets/steam/apps/550/ss_7098be159cfe3cc524fb68b2585f643324cc1078.1920x1080.jpg?t=1731457037'),
(64, 'https://shared.fastly.steamstatic.com/store_item_assets/steam/apps/550/ss_67275710127ce20b62015718dbf84147fde7fc17.1920x1080.jpg?t=1731457037'),
(64, 'https://shared.fastly.steamstatic.com/store_item_assets/steam/apps/550/ss_d97ee8bd9a512f350bd9433730db26da76ff7a29.1920x1080.jpg?t=1731457037'),
(64, 'https://shared.fastly.steamstatic.com/store_item_assets/steam/apps/550/ss_6d2a44e590caa0cc2946d8397d4dd160cbd3f6ed.1920x1080.jpg?t=1731457037'),
(64, 'https://shared.fastly.steamstatic.com/store_item_assets/steam/apps/550/ss_b7e72ed4d0af894a61d8c6bb5def3d169f56c702.1920x1080.jpg?t=1731457037'),
(64, 'https://shared.fastly.steamstatic.com/store_item_assets/steam/apps/550/ss_b8bcf2ebdb67a32b4a1e7273a4e9eae92243ed64.1920x1080.jpg?t=1731457037'),
(64, 'https://shared.fastly.steamstatic.com/store_item_assets/steam/apps/550/ss_40c3f02a01ce435ea776b07fde7710c66532e6b6.1920x1080.jpg?t=1731457037'),
(64, 'https://shared.fastly.steamstatic.com/store_item_assets/steam/apps/550/ss_13912b20f591bfde622fc87174b3265a579bd9c9.1920x1080.jpg?t=1731457037'),
(64, 'https://shared.fastly.steamstatic.com/store_item_assets/steam/apps/550/ss_2b06e1786598ab033411c27600de1868f023c663.1920x1080.jpg?t=1731457037'),
(64, 'https://shared.fastly.steamstatic.com/store_item_assets/steam/apps/550/ss_1d9d6e638c8ad4b04fac0f49ca32947b31396f24.1920x1080.jpg?t=1731457037');

INSERT INTO product_videos (product_id, mp4, webm, thumbnail) VALUES
(64, 'https://video.fastly.steamstatic.com/store_trailers/5952/movie480.mp4?t=1682697457', 'https://video.fastly.steamstatic.com/store_trailers/5952/movie480.webm?t=1682697457', 'https://shared.fastly.steamstatic.com/store_item_assets/steam/apps/5952/movie.293x165.jpg?t=1682697457');

INSERT INTO products (id, title, type, description, price, discount, discountStartDate, discountEndDate, releaseDate, rating, isActive, headerImage)
VALUES (65, 'Stellaris', 'Game', 'Explore a galaxy full of wonders in this sci-fi grand strategy game from Paradox Development Studios. Interact with diverse alien races, discover strange new worlds with unexpected events and expand the reach of your empire. Each new adventure holds almost limitless possibilities.', 39.99, 0, NULL, NULL, '2016-05-09', 0, TRUE, 'https://shared.fastly.steamstatic.com/store_item_assets/steam/apps/281990/header.jpg?t=1736844120');

INSERT INTO product_developers (product_id, developer) VALUES
(65, 'Paradox Development Studio');

INSERT INTO product_publishers (product_id, publisher) VALUES
(65, 'Paradox Interactive');

INSERT INTO product_platforms (product_id, platform) VALUES
(65, 'Windows');

INSERT INTO product_genres (product_id, genre) VALUES
(65, 'Simulation'),
(65, 'Strategy');

INSERT INTO product_tags (product_id, tag) VALUES
(65, 'Space'),
(65, 'Grand Strategy'),
(65, 'Strategy'),
(65, 'Sci-fi'),
(65, '4X'),
(65, 'Exploration'),
(65, 'Sandbox'),
(65, 'Simulation'),
(65, 'Multiplayer'),
(65, 'Singleplayer'),
(65, 'Real-Time with Pause'),
(65, 'Moddable'),
(65, 'Management'),
(65, 'Diplomacy'),
(65, 'Military'),
(65, 'Futuristic'),
(65, 'Replay Value'),
(65, 'Great Soundtrack'),
(65, 'Procedural Generation'),
(65, 'Atmospheric');

INSERT INTO product_features (product_id, feature) VALUES
(65, 'Single-player'),
(65, 'Cross-Platform Multiplayer'),
(65, 'Steam Achievements'),
(65, 'Steam Trading Cards'),
(65, 'Steam Workshop'),
(65, 'Steam Cloud'),
(65, 'Family Sharing');

INSERT INTO product_system_requirements (product_id, platform, title, minimum, recommended) VALUES (65, 'win', 'OS', 'Windows® 10 Home 64 Bit', 'Windows® 10 Home 64 Bit');

INSERT INTO product_system_requirements (product_id, platform, title, minimum, recommended) VALUES (65, 'win', 'Processor', 'Intel® iCore™ i3-530 or AMD® FX-6350', 'Intel® iCore™ i5-3570K or AMD® Ryzen™ 5 2400G');

INSERT INTO product_system_requirements (product_id, platform, title, minimum, recommended) VALUES (65, 'win', 'Memory', '4 GB RAM', '4 GB RAM');

INSERT INTO product_system_requirements (product_id, platform, title, minimum, recommended) VALUES (65, 'win', 'Graphics', 'Nvidia® GeForce™ GTX 460 or AMD® ATI Radeon™ HD 5870  (1GB VRAM), or AMD® Radeon™  RX Vega 11 or Intel® HD Graphics 4600', 'Nvidia® GeForce™ GTX 560 Ti  (1GB VRAM) or AMD® Radeon™ R7 370 (2 GB VRAM)');

INSERT INTO product_system_requirements (product_id, platform, title, minimum, recommended) VALUES (65, 'win', 'DirectX', 'Version 9.0c', 'Version 12');

INSERT INTO product_system_requirements (product_id, platform, title, minimum, recommended) VALUES (65, 'win', 'Network', 'Broadband Internet connection', 'Broadband Internet connection');

INSERT INTO product_system_requirements (product_id, platform, title, minimum, recommended) VALUES (65, 'win', 'Storage', '10 GB available space', '10 GB available space');

INSERT INTO product_system_requirements (product_id, platform, title, minimum, recommended) VALUES (65, 'win', 'Additional Notes', 'Internet Connection', 'Internet Connection');

INSERT INTO product_system_requirements (product_id, platform, title, minimum, recommended) VALUES (65, 'mac', 'OS', '10.11 (El Capitan)', '10.13 (High Sierra)');

INSERT INTO product_system_requirements (product_id, platform, title, minimum, recommended) VALUES (65, 'mac', 'Processor', 'Intel® iCore™ i5-4570S', 'Intel® iCore™ i5-4670');

INSERT INTO product_system_requirements (product_id, platform, title, minimum, recommended) VALUES (65, 'mac', 'Memory', '8 GB RAM', '8 GB RAM');

INSERT INTO product_system_requirements (product_id, platform, title, minimum, recommended) VALUES (65, 'mac', 'Graphics', 'Nvidia® GeForce™ GT 750M or equivalent AMD®  card with 1GB Vram', 'Nvidia® GeForce™ GTX 780M with 4GB Vram or AMD® Radeon™ R7 370 (2 GB VRAM)');

INSERT INTO product_system_requirements (product_id, platform, title, minimum, recommended) VALUES (65, 'mac', 'DirectX', '', '');

INSERT INTO product_system_requirements (product_id, platform, title, minimum, recommended) VALUES (65, 'mac', 'Network', 'Broadband Internet connection', 'Broadband Internet connection');

INSERT INTO product_system_requirements (product_id, platform, title, minimum, recommended) VALUES (65, 'mac', 'Storage', '10 GB available space', '10 GB available space');

INSERT INTO product_system_requirements (product_id, platform, title, minimum, recommended) VALUES (65, 'mac', 'Additional Notes', 'Internet Connection', 'Internet Connection');

INSERT INTO product_system_requirements (product_id, platform, title, minimum, recommended) VALUES (65, 'linux', 'OS', 'Ubuntu 20.04 x64', 'Ubuntu 20.04 x64');

INSERT INTO product_system_requirements (product_id, platform, title, minimum, recommended) VALUES (65, 'linux', 'Processor', 'Intel® iCore™ i3-530 or AMD® FX-6350', 'Intel® iCore™ i5-3570K or AMD® Ryzen™ 5 2400G');

INSERT INTO product_system_requirements (product_id, platform, title, minimum, recommended) VALUES (65, 'linux', 'Memory', '4 GB RAM', '4 GB RAM');

INSERT INTO product_system_requirements (product_id, platform, title, minimum, recommended) VALUES (65, 'linux', 'Graphics', 'Nvidia® GeForce™ GTX 460 or AMD® ATI Radeon™ HD 5870  (1GB VRAM), or AMD® Radeon™  RX Vega 11 or Intel® HD Graphics 4600', 'Nvidia® GeForce™ GTX 560 Ti  (1GB VRAM) or AMD® Radeon™ R7 370 (2 GB VRAM)');

INSERT INTO product_system_requirements (product_id, platform, title, minimum, recommended) VALUES (65, 'linux', 'DirectX', '', '');

INSERT INTO product_system_requirements (product_id, platform, title, minimum, recommended) VALUES (65, 'linux', 'Network', 'Broadband Internet connection', 'Broadband Internet connection');

INSERT INTO product_system_requirements (product_id, platform, title, minimum, recommended) VALUES (65, 'linux', 'Storage', '12 GB available space', '12 GB available space');

INSERT INTO product_system_requirements (product_id, platform, title, minimum, recommended) VALUES (65, 'linux', 'Additional Notes', 'Internet Connection', 'Internet Connection');

INSERT INTO product_screenshots (product_id, screenshot) VALUES
(65, 'https://shared.fastly.steamstatic.com/store_item_assets/steam/apps/281990/ss_f844372cc220e3858aa17205e9fec0ae79a4e665.1920x1080.jpg?t=1736844120'),
(65, 'https://shared.fastly.steamstatic.com/store_item_assets/steam/apps/281990/ss_692532123e560e6b866baee59b1e310a291a110d.1920x1080.jpg?t=1736844120'),
(65, 'https://shared.fastly.steamstatic.com/store_item_assets/steam/apps/281990/ss_7f4d7cc160c43e77aa523e910b365e0ca436e6bb.1920x1080.jpg?t=1736844120'),
(65, 'https://shared.fastly.steamstatic.com/store_item_assets/steam/apps/281990/ss_034b0d55a5c370bec4709f09d0914f9d131b7788.1920x1080.jpg?t=1736844120'),
(65, 'https://shared.fastly.steamstatic.com/store_item_assets/steam/apps/281990/ss_ee82888c27afb4174cf4cae6298b54c7c1e2a682.1920x1080.jpg?t=1736844120'),
(65, 'https://shared.fastly.steamstatic.com/store_item_assets/steam/apps/281990/ss_fc94710913be85306f2fe5258d0f0d8d1c87e945.1920x1080.jpg?t=1736844120');

INSERT INTO product_videos (product_id, mp4, webm, thumbnail) VALUES
(65, 'https://video.fastly.steamstatic.com/store_trailers/257021701/movie480.mp4?t=1715273904', 'https://video.fastly.steamstatic.com/store_trailers/257021701/movie480_vp9.webm?t=1715273904', 'https://shared.fastly.steamstatic.com/store_item_assets/steam/apps/257021701/movie.293x165.jpg?t=1715273904'),
(65, 'https://video.fastly.steamstatic.com/store_trailers/256725083/movie480.mp4?t=1589230189', 'https://video.fastly.steamstatic.com/store_trailers/256725083/movie480.webm?t=1589230189', 'https://shared.fastly.steamstatic.com/store_item_assets/steam/apps/256725083/movie.293x165.jpg?t=1589230189'),
(65, 'https://video.fastly.steamstatic.com/store_trailers/256784480/movie480.mp4?t=1589271454', 'https://video.fastly.steamstatic.com/store_trailers/256784480/movie480_vp9.webm?t=1589271454', 'https://shared.fastly.steamstatic.com/store_item_assets/steam/apps/256784480/movie.293x165.jpg?t=1589271454');

INSERT INTO products (id, title, type, description, price, discount, discountStartDate, discountEndDate, releaseDate, rating, isActive, headerImage)
VALUES (66, 'Crusader Kings III', 'Game', 'Love, fight, scheme, and claim greatness. Determine your noble house’s legacy in the sprawling grand strategy of Crusader Kings III. Death is only the beginning as you guide your dynasty’s bloodline in the rich and larger-than-life simulation of the Middle Ages.', 49.99, 0, NULL, NULL, '2020-09-01', 0, TRUE, 'https://shared.fastly.steamstatic.com/store_item_assets/steam/apps/1158310/header.jpg?t=1736498603');

INSERT INTO product_developers (product_id, developer) VALUES
(66, 'Paradox Development Studio');

INSERT INTO product_publishers (product_id, publisher) VALUES
(66, 'Paradox Interactive');

INSERT INTO product_platforms (product_id, platform) VALUES
(66, 'Windows');

INSERT INTO product_genres (product_id, genre) VALUES
(66, 'RPG'),
(66, 'Simulation'),
(66, 'Strategy');

INSERT INTO product_tags (product_id, tag) VALUES
(66, 'Strategy'),
(66, 'Medieval'),
(66, 'Grand Strategy'),
(66, 'Simulation'),
(66, 'RPG'),
(66, 'Historical'),
(66, 'Management'),
(66, 'Character Customization'),
(66, 'Life Sim'),
(66, 'RTS'),
(66, 'Sandbox'),
(66, 'Choices Matter'),
(66, 'War'),
(66, 'Singleplayer'),
(66, 'Political'),
(66, '4X'),
(66, 'Economy'),
(66, 'Moddable'),
(66, 'Multiplayer'),
(66, 'Real-Time with Pause');

INSERT INTO product_features (product_id, feature) VALUES
(66, 'Single-player'),
(66, 'Online PvP'),
(66, 'Steam Achievements'),
(66, 'Steam Trading Cards'),
(66, 'Steam Workshop'),
(66, 'Steam Cloud'),
(66, 'Remote Play on Tablet'),
(66, 'Family Sharing');

INSERT INTO product_system_requirements (product_id, platform, title, minimum, recommended) VALUES (66, 'win', 'OS', 'Windows® 10 Home 64 bit', 'Windows® 10 Home 64 bit');

INSERT INTO product_system_requirements (product_id, platform, title, minimum, recommended) VALUES (66, 'win', 'Processor', 'Intel® Core™ i3-2120 / AMD® FX 6350', 'Intel® Core™ i5-4670K / AMD® Ryzen™ 5 2400G');

INSERT INTO product_system_requirements (product_id, platform, title, minimum, recommended) VALUES (66, 'win', 'Memory', '6 GB RAM', '8 GB RAM');

INSERT INTO product_system_requirements (product_id, platform, title, minimum, recommended) VALUES (66, 'win', 'Graphics', 'Nvidia® GeForce™ GTX 660 (2GB) / AMD® Radeon™ HD 7870 (2GB) / Intel® Iris Pro™ 580 / Intel® Iris® Plus G7 / AMD® Radeon™ Vega 11', 'Nvidia® GeForce™ GTX 1650 (4GB) / AMD® Radeon™ R9 390X (8GB)');

INSERT INTO product_system_requirements (product_id, platform, title, minimum, recommended) VALUES (66, 'win', 'DirectX', '', '');

INSERT INTO product_system_requirements (product_id, platform, title, minimum, recommended) VALUES (66, 'win', 'Network', '', '');

INSERT INTO product_system_requirements (product_id, platform, title, minimum, recommended) VALUES (66, 'win', 'Storage', '8 GB available space', '8 GB available space');

INSERT INTO product_system_requirements (product_id, platform, title, minimum, recommended) VALUES (66, 'win', 'Additional Notes', '', '');

INSERT INTO product_system_requirements (product_id, platform, title, minimum, recommended) VALUES (66, 'mac', 'OS', 'Catalina (MAC OS X 10.15)', 'Catalina (MAC OS X 10.15)');

INSERT INTO product_system_requirements (product_id, platform, title, minimum, recommended) VALUES (66, 'mac', 'Processor', 'Intel® Core™ i7-7820HQ', 'Intel® Core™ i5-7600K');

INSERT INTO product_system_requirements (product_id, platform, title, minimum, recommended) VALUES (66, 'mac', 'Memory', '12 GB RAM', '16 GB RAM');

INSERT INTO product_system_requirements (product_id, platform, title, minimum, recommended) VALUES (66, 'mac', 'Graphics', 'AMD® Radeon™ PRO 560 (4 GB)', 'AMD® Radeon™ PRO 580 (8GB)');

INSERT INTO product_system_requirements (product_id, platform, title, minimum, recommended) VALUES (66, 'mac', 'DirectX', '', '');

INSERT INTO product_system_requirements (product_id, platform, title, minimum, recommended) VALUES (66, 'mac', 'Network', '', '');

INSERT INTO product_system_requirements (product_id, platform, title, minimum, recommended) VALUES (66, 'mac', 'Storage', '8 GB available space', '8 GB available space');

INSERT INTO product_system_requirements (product_id, platform, title, minimum, recommended) VALUES (66, 'mac', 'Additional Notes', '', '');

INSERT INTO product_system_requirements (product_id, platform, title, minimum, recommended) VALUES (66, 'linux', 'OS', 'Ubuntu 20.04 LTS', 'Ubuntu 20.04 LTS');

INSERT INTO product_system_requirements (product_id, platform, title, minimum, recommended) VALUES (66, 'linux', 'Processor', 'Intel® Core™ i3-2120 / AMD® FX 6350', 'Intel® Core™ i5-4670K / AMD® Ryzen™ 5 2400G');

INSERT INTO product_system_requirements (product_id, platform, title, minimum, recommended) VALUES (66, 'linux', 'Memory', '4 GB RAM', '8 GB RAM');

INSERT INTO product_system_requirements (product_id, platform, title, minimum, recommended) VALUES (66, 'linux', 'Graphics', 'Nvidia® GeForce™ GTX 660 (2GB) / AMD® Radeon™ HD 7870 (2GB) / Intel® Iris Pro™ 580 / Intel® Iris® Plus G7 / AMD® Radeon™ Vega 11', 'Nvidia® GeForce™ GTX 1650 (4GB) / AMD® Radeon™ R9 390X (8GB)');

INSERT INTO product_system_requirements (product_id, platform, title, minimum, recommended) VALUES (66, 'linux', 'DirectX', '', '');

INSERT INTO product_system_requirements (product_id, platform, title, minimum, recommended) VALUES (66, 'linux', 'Network', '', '');

INSERT INTO product_system_requirements (product_id, platform, title, minimum, recommended) VALUES (66, 'linux', 'Storage', '8 GB available space', '8 GB available space');

INSERT INTO product_system_requirements (product_id, platform, title, minimum, recommended) VALUES (66, 'linux', 'Additional Notes', '', '');

INSERT INTO product_screenshots (product_id, screenshot) VALUES
(66, 'https://shared.fastly.steamstatic.com/store_item_assets/steam/apps/1158310/ss_950a6f6dc67f521877345db6d2c0cebb27ddc528.1920x1080.jpg?t=1736498603'),
(66, 'https://shared.fastly.steamstatic.com/store_item_assets/steam/apps/1158310/ss_bdb27001b47f80b07024e392f57fdc1944e05a23.1920x1080.jpg?t=1736498603'),
(66, 'https://shared.fastly.steamstatic.com/store_item_assets/steam/apps/1158310/ss_8935f82df46266a193bd088085978629fb8cf7ec.1920x1080.jpg?t=1736498603'),
(66, 'https://shared.fastly.steamstatic.com/store_item_assets/steam/apps/1158310/ss_e23d2fb8a8f397025d063260bb458ad6adc6048b.1920x1080.jpg?t=1736498603'),
(66, 'https://shared.fastly.steamstatic.com/store_item_assets/steam/apps/1158310/ss_8b53c852845e15a7967579b614bc2cf78f6e03df.1920x1080.jpg?t=1736498603'),
(66, 'https://shared.fastly.steamstatic.com/store_item_assets/steam/apps/1158310/ss_cf57a69ff61043267e4ec9872e1e837e04389a1b.1920x1080.jpg?t=1736498603'),
(66, 'https://shared.fastly.steamstatic.com/store_item_assets/steam/apps/1158310/ss_790fd253d09664e664bb8e6cbd747f82d3f7c6fa.1920x1080.jpg?t=1736498603'),
(66, 'https://shared.fastly.steamstatic.com/store_item_assets/steam/apps/1158310/ss_21f4217602effcfbccc4afec373dd0428d2ecd47.1920x1080.jpg?t=1736498603'),
(66, 'https://shared.fastly.steamstatic.com/store_item_assets/steam/apps/1158310/ss_19794af348e497762f0cd324693ae85c656d5578.1920x1080.jpg?t=1736498603'),
(66, 'https://shared.fastly.steamstatic.com/store_item_assets/steam/apps/1158310/ss_9e72d22d82b72b15235d8e637d2b1bf8d83e2828.1920x1080.jpg?t=1736498603'),
(66, 'https://shared.fastly.steamstatic.com/store_item_assets/steam/apps/1158310/ss_fc261abed0befdd73ff2d85c15157ef007a3e987.1920x1080.jpg?t=1736498603'),
(66, 'https://shared.fastly.steamstatic.com/store_item_assets/steam/apps/1158310/ss_edccc7d63e40b847b67a39777a4fbfb425fd7394.1920x1080.jpg?t=1736498603'),
(66, 'https://shared.fastly.steamstatic.com/store_item_assets/steam/apps/1158310/ss_191539df1ec9fc14b2700334ec282957e8e6f6ed.1920x1080.jpg?t=1736498603'),
(66, 'https://shared.fastly.steamstatic.com/store_item_assets/steam/apps/1158310/ss_bd796a730113c2d44b0e025dd2c352cb179711ce.1920x1080.jpg?t=1736498603'),
(66, 'https://shared.fastly.steamstatic.com/store_item_assets/steam/apps/1158310/ss_ac0ea36ae1b379806728f0ec9220fc10396e62fe.1920x1080.jpg?t=1736498603');

INSERT INTO product_videos (product_id, mp4, webm, thumbnail) VALUES
(66, 'https://video.fastly.steamstatic.com/store_trailers/257057629/movie480.mp4?t=1727193628', 'https://video.fastly.steamstatic.com/store_trailers/257057629/movie480_vp9.webm?t=1727193628', 'https://shared.fastly.steamstatic.com/store_item_assets/steam/apps/257057629/movie.293x165.jpg?t=1727193628'),
(66, 'https://video.fastly.steamstatic.com/store_trailers/257057619/movie480.mp4?t=1727193633', 'https://video.fastly.steamstatic.com/store_trailers/257057619/movie480_vp9.webm?t=1727193633', 'https://shared.fastly.steamstatic.com/store_item_assets/steam/apps/257057619/movie.293x165.jpg?t=1727193633'),
(66, 'https://video.fastly.steamstatic.com/store_trailers/257014334/movie480.mp4?t=1712656227', 'https://video.fastly.steamstatic.com/store_trailers/257014334/movie480_vp9.webm?t=1712656227', 'https://shared.fastly.steamstatic.com/store_item_assets/steam/apps/257014334/movie.293x165.jpg?t=1712656227');

INSERT INTO products (id, title, type, description, price, discount, discountStartDate, discountEndDate, releaseDate, rating, isActive, headerImage)
VALUES (67, 'SCUM', 'Game', 'Traverse punishing environments, looting, crafting and evading the constant threats to your life. The unprecedented levels of character customization and progression are your ultimate tools for survival.', 39.99, 50, '2025-01-14', '2025-01-19', '2018-08-29', 0, TRUE, 'https://shared.fastly.steamstatic.com/store_item_assets/steam/apps/513710/header.jpg?t=1726482574');

INSERT INTO product_developers (product_id, developer) VALUES
(67, 'Gamepires');

INSERT INTO product_publishers (product_id, publisher) VALUES
(67, 'Jagex Ltd');

INSERT INTO product_platforms (product_id, platform) VALUES
(67, 'Windows');

INSERT INTO product_genres (product_id, genre) VALUES
(67, 'Action'),
(67, 'Adventure'),
(67, 'Indie'),
(67, 'Massively Multiplayer'),
(67, 'Early Access');

INSERT INTO product_tags (product_id, tag) VALUES
(67, 'Survival'),
(67, 'Open World Survival Craft'),
(67, 'Multiplayer'),
(67, 'Open World'),
(67, 'Zombies'),
(67, 'Nudity'),
(67, 'Massively Multiplayer'),
(67, 'Action'),
(67, 'Realistic'),
(67, 'Adventure'),
(67, 'Crafting'),
(67, 'Singleplayer'),
(67, 'Early Access'),
(67, 'FPS'),
(67, 'Violent'),
(67, 'PvP'),
(67, 'Gore'),
(67, 'Third Person'),
(67, 'Indie'),
(67, 'RPG');

INSERT INTO product_features (product_id, feature) VALUES
(67, 'Single-player'),
(67, 'MMO'),
(67, 'Online PvP'),
(67, 'Online Co-op'),
(67, 'Steam Achievements'),
(67, 'Steam Trading Cards'),
(67, 'Stats');

INSERT INTO product_system_requirements (product_id, platform, title, minimum, recommended) VALUES (67, 'win', 'OS', 'Windows 10 64-bit', 'Windows 10 64-bit');

INSERT INTO product_system_requirements (product_id, platform, title, minimum, recommended) VALUES (67, 'win', 'Processor', 'Intel Core i5-4430 / AMD FX-6300', 'Intel Core i5-6600K / AMD Ryzen 5 1600');

INSERT INTO product_system_requirements (product_id, platform, title, minimum, recommended) VALUES (67, 'win', 'Memory', '16 GB RAM', '16 GB RAM');

INSERT INTO product_system_requirements (product_id, platform, title, minimum, recommended) VALUES (67, 'win', 'Graphics', 'NVIDIA GeForce GTX 1060 3GB / AMD Radeon RX 480 4GB', 'NVIDIA GeForce GTX 1070 / AMD Radeon RX 580');

INSERT INTO product_system_requirements (product_id, platform, title, minimum, recommended) VALUES (67, 'win', 'DirectX', 'Version 11', 'Version 11');

INSERT INTO product_system_requirements (product_id, platform, title, minimum, recommended) VALUES (67, 'win', 'Network', 'Broadband Internet connection', 'Broadband Internet connection');

INSERT INTO product_system_requirements (product_id, platform, title, minimum, recommended) VALUES (67, 'win', 'Storage', '70 GB available space', '70 GB available space');

INSERT INTO product_system_requirements (product_id, platform, title, minimum, recommended) VALUES (67, 'win', 'Additional Notes', 'SSD', 'SSD');

INSERT INTO product_screenshots (product_id, screenshot) VALUES
(67, 'https://shared.fastly.steamstatic.com/store_item_assets/steam/apps/513710/ss_62f56143b1c35cb843a4f3e29290a09176532ee5.1920x1080.jpg?t=1726482574'),
(67, 'https://shared.fastly.steamstatic.com/store_item_assets/steam/apps/513710/ss_ecfffcc4a177083e0ed0727319f77019624f076a.1920x1080.jpg?t=1726482574'),
(67, 'https://shared.fastly.steamstatic.com/store_item_assets/steam/apps/513710/ss_f71628b3a2df314a1b6db295cc4d1a629780ec60.1920x1080.jpg?t=1726482574'),
(67, 'https://shared.fastly.steamstatic.com/store_item_assets/steam/apps/513710/ss_facfc7ebc5dfd485cd269888d996ec51cdaae434.1920x1080.jpg?t=1726482574'),
(67, 'https://shared.fastly.steamstatic.com/store_item_assets/steam/apps/513710/ss_57169796effc4ca9c09c0cc5c2f39021d298670e.1920x1080.jpg?t=1726482574'),
(67, 'https://shared.fastly.steamstatic.com/store_item_assets/steam/apps/513710/ss_c0cfeeb65f115fc2b7717add676ff38e05fc0c4d.1920x1080.jpg?t=1726482574'),
(67, 'https://shared.fastly.steamstatic.com/store_item_assets/steam/apps/513710/ss_57d13754fa9bb2396964c3a68f9652017d8ba2ca.1920x1080.jpg?t=1726482574'),
(67, 'https://shared.fastly.steamstatic.com/store_item_assets/steam/apps/513710/ss_27512812553b6e70df45076e5e70dac6f61d74fa.1920x1080.jpg?t=1726482574'),
(67, 'https://shared.fastly.steamstatic.com/store_item_assets/steam/apps/513710/ss_0b75f5f5aa10f00a0d3e9776b15477fe3f9b6eb5.1920x1080.jpg?t=1726482574');

INSERT INTO product_videos (product_id, mp4, webm, thumbnail) VALUES
(67, 'https://video.fastly.steamstatic.com/store_trailers/257012926/movie480.mp4?t=1712228425', 'https://video.fastly.steamstatic.com/store_trailers/257012926/movie480_vp9.webm?t=1712228425', 'https://shared.fastly.steamstatic.com/store_item_assets/steam/apps/257012926/movie.293x165.jpg?t=1712228425'),
(67, 'https://video.fastly.steamstatic.com/store_trailers/256989016/movie480.mp4?t=1702575493', 'https://video.fastly.steamstatic.com/store_trailers/256989016/movie480_vp9.webm?t=1702575493', 'https://shared.fastly.steamstatic.com/store_item_assets/steam/apps/256989016/movie.293x165.jpg?t=1702575493'),
(67, 'https://video.fastly.steamstatic.com/store_trailers/257012965/movie480.mp4?t=1712228431', 'https://video.fastly.steamstatic.com/store_trailers/257012965/movie480_vp9.webm?t=1712228431', 'https://shared.fastly.steamstatic.com/store_item_assets/steam/apps/257012965/movie.293x165.jpg?t=1712228431'),
(67, 'https://video.fastly.steamstatic.com/store_trailers/256947032/movie480.mp4?t=1684245920', 'https://video.fastly.steamstatic.com/store_trailers/256947032/movie480_vp9.webm?t=1684245920', 'https://shared.fastly.steamstatic.com/store_item_assets/steam/apps/256947032/movie.293x165.jpg?t=1684245920');

INSERT INTO products (id, title, type, description, price, discount, discountStartDate, discountEndDate, releaseDate, rating, isActive, headerImage)
VALUES (68, 'Yu-Gi-Oh! Master Duel', 'Game', 'Yu-Gi-Oh! MASTER DUEL is the ultimate free-to-play cross-platform strategy card game with fast-paced Duels, stunning HD graphics and a new, dynamic soundtrack! Get ready to challenge Duelists around the world!', 0, 0, NULL, NULL, '2022-01-19', 0, TRUE, 'https://shared.fastly.steamstatic.com/store_item_assets/steam/apps/1449850/header.jpg?t=1730351188');

INSERT INTO product_developers (product_id, developer) VALUES
(68, 'KONAMI');

INSERT INTO product_publishers (product_id, publisher) VALUES
(68, 'KONAMI');

INSERT INTO product_platforms (product_id, platform) VALUES
(68, 'Windows');

INSERT INTO product_genres (product_id, genre) VALUES
(68, 'Simulation'),
(68, 'Strategy'),
(68, 'Free To Play');

INSERT INTO product_tags (product_id, tag) VALUES
(68, 'Card Game'),
(68, 'Free to Play'),
(68, 'Strategy'),
(68, 'Trading Card Game'),
(68, 'PvP'),
(68, 'Multiplayer'),
(68, 'Card Battler'),
(68, 'Anime'),
(68, 'Turn-Based Tactics'),
(68, 'Simulation'),
(68, 'Tactical'),
(68, 'Singleplayer'),
(68, 'eSports'),
(68, 'Dragons'),
(68, 'Fantasy'),
(68, 'PvE'),
(68, '3D'),
(68, '2D'),
(68, 'Great Soundtrack'),
(68, 'Deckbuilding');

INSERT INTO product_features (product_id, feature) VALUES
(68, 'Single-player'),
(68, 'Online PvP'),
(68, 'Cross-Platform Multiplayer'),
(68, 'Steam Achievements'),
(68, 'Steam Trading Cards'),
(68, 'In-App Purchases');

INSERT INTO product_system_requirements (product_id, platform, title, minimum, recommended) VALUES (68, 'win', 'OS', 'Windows 10 Home (64bit) latest revision', 'Windows 10 Home (64bit) latest revision');

INSERT INTO product_system_requirements (product_id, platform, title, minimum, recommended) VALUES (68, 'win', 'Processor', 'Intel Core i5-7300U', 'Intel Core i5-9400F');

INSERT INTO product_system_requirements (product_id, platform, title, minimum, recommended) VALUES (68, 'win', 'Memory', '8 GB RAM', '8 GB RAM');

INSERT INTO product_system_requirements (product_id, platform, title, minimum, recommended) VALUES (68, 'win', 'Graphics', 'Intel(R) HD Graphics 620', 'NVIDIA GeForce GTX 1650');

INSERT INTO product_system_requirements (product_id, platform, title, minimum, recommended) VALUES (68, 'win', 'DirectX', 'Version 11', 'Version 11');

INSERT INTO product_system_requirements (product_id, platform, title, minimum, recommended) VALUES (68, 'win', 'Network', 'Broadband Internet connection', 'Broadband Internet connection');

INSERT INTO product_system_requirements (product_id, platform, title, minimum, recommended) VALUES (68, 'win', 'Storage', '16 GB available space', '16 GB available space');

INSERT INTO product_system_requirements (product_id, platform, title, minimum, recommended) VALUES (68, 'win', 'Additional Notes', '1280 x 720 monitor resolution', '1920 x 1080 monitor resolution');

INSERT INTO product_screenshots (product_id, screenshot) VALUES
(68, 'https://shared.fastly.steamstatic.com/store_item_assets/steam/apps/1449850/ss_f4e2257edc1cb8093f1f0b40d7daf96211405f90.1920x1080.jpg?t=1730351188'),
(68, 'https://shared.fastly.steamstatic.com/store_item_assets/steam/apps/1449850/ss_6501d1b0e2dc14a5e1031d5e02456d9b72912a0b.1920x1080.jpg?t=1730351188'),
(68, 'https://shared.fastly.steamstatic.com/store_item_assets/steam/apps/1449850/ss_e568cc7bd1896039e2383f48488a262d873fbf20.1920x1080.jpg?t=1730351188'),
(68, 'https://shared.fastly.steamstatic.com/store_item_assets/steam/apps/1449850/ss_7de501a6f2c485aef22eed9c3b79e761c26c4d1a.1920x1080.jpg?t=1730351188'),
(68, 'https://shared.fastly.steamstatic.com/store_item_assets/steam/apps/1449850/ss_4974fad247b8d5e1b3fa2320ccd8c04cdd7fcacc.1920x1080.jpg?t=1730351188'),
(68, 'https://shared.fastly.steamstatic.com/store_item_assets/steam/apps/1449850/ss_175c4b63e376b95d5028833ef1a98facb1ebdeec.1920x1080.jpg?t=1730351188'),
(68, 'https://shared.fastly.steamstatic.com/store_item_assets/steam/apps/1449850/ss_99bc3cba3ae6c64d125700017aa4e890cff3a4f8.1920x1080.jpg?t=1730351188'),
(68, 'https://shared.fastly.steamstatic.com/store_item_assets/steam/apps/1449850/ss_3c0f0434fcbbe2f552f3f7978754e980d26cb686.1920x1080.jpg?t=1730351188');

INSERT INTO product_videos (product_id, mp4, webm, thumbnail) VALUES
(68, 'https://video.fastly.steamstatic.com/store_trailers/256875528/movie480.mp4?t=1721694177', 'https://video.fastly.steamstatic.com/store_trailers/256875528/movie480_vp9.webm?t=1721694177', 'https://shared.fastly.steamstatic.com/store_item_assets/steam/apps/256875528/movie.293x165.jpg?t=1721694177');

INSERT INTO products (id, title, type, description, price, discount, discountStartDate, discountEndDate, releaseDate, rating, isActive, headerImage)
VALUES (69, 'Age of Empires II: Definitive Edition', 'Game', '42 Civilizations, 229 Campaign Missions, Singleplayer, Co-Op, Multiplayer, In-Game Editor, Mods, Cross-play...It is good to be the king.', 34.99, 0, NULL, NULL, '2019-11-14', 0, TRUE, 'https://shared.fastly.steamstatic.com/store_item_assets/steam/apps/813780/header.jpg?t=1731939100');

INSERT INTO product_developers (product_id, developer) VALUES
(69, 'Forgotten Empires'),
(69, 'Tantalus Media'),
(69, 'Wicked Witch'),
(69, 'World''s Edge'),
(69, 'CaptureAge');

INSERT INTO product_publishers (product_id, publisher) VALUES
(69, 'Xbox Game Studios');

INSERT INTO product_platforms (product_id, platform) VALUES
(69, 'Windows');

INSERT INTO product_genres (product_id, genre) VALUES
(69, 'Strategy');

INSERT INTO product_tags (product_id, tag) VALUES
(69, 'Strategy'),
(69, 'RTS'),
(69, 'City Builder'),
(69, 'Multiplayer'),
(69, 'Base Building'),
(69, 'Historical'),
(69, 'Singleplayer'),
(69, 'Medieval'),
(69, 'Resource Management'),
(69, 'Classic'),
(69, 'Tactical'),
(69, 'Real-Time'),
(69, 'Co-op'),
(69, 'Remake'),
(69, 'Isometric'),
(69, '2D'),
(69, 'Replay Value'),
(69, 'Action'),
(69, 'Adventure'),
(69, 'Great Soundtrack');

INSERT INTO product_features (product_id, feature) VALUES
(69, 'Single-player'),
(69, 'Online PvP'),
(69, 'LAN PvP'),
(69, 'Online Co-op'),
(69, 'LAN Co-op'),
(69, 'Cross-Platform Multiplayer'),
(69, 'Steam Achievements'),
(69, 'Steam Trading Cards'),
(69, 'Steam Cloud'),
(69, 'Includes level editor'),
(69, 'Family Sharing');

INSERT INTO product_system_requirements (product_id, platform, title, minimum, recommended) VALUES (69, 'win', 'OS', 'Windows 10 64bit', 'Windows 10 64bit');

INSERT INTO product_system_requirements (product_id, platform, title, minimum, recommended) VALUES (69, 'win', 'Processor', 'Intel Core 2 Duo or AMD Athlon 64x2 5600+', '2.4 Ghz i5 or greater or AMD equivalent');

INSERT INTO product_system_requirements (product_id, platform, title, minimum, recommended) VALUES (69, 'win', 'Memory', '4 GB RAM', '8 GB RAM');

INSERT INTO product_system_requirements (product_id, platform, title, minimum, recommended) VALUES (69, 'win', 'Graphics', 'NVIDIA® GeForce® GT 420 or ATI™ Radeon™ HD 6850 or Intel® HD Graphics 4000 or better with 2 GB VRAM', 'Nvidia® GTX 650 or AMD HD 5850 or better');

INSERT INTO product_system_requirements (product_id, platform, title, minimum, recommended) VALUES (69, 'win', 'DirectX', 'Version 11', 'Version 11');

INSERT INTO product_system_requirements (product_id, platform, title, minimum, recommended) VALUES (69, 'win', 'Network', 'Broadband Internet connection', 'Broadband Internet connection');

INSERT INTO product_system_requirements (product_id, platform, title, minimum, recommended) VALUES (69, 'win', 'Storage', '15 GB available space', '15 GB available space');

INSERT INTO product_system_requirements (product_id, platform, title, minimum, recommended) VALUES (69, 'win', 'Additional Notes', '2GB of video memory + 4GB of system memory required', '');

INSERT INTO product_screenshots (product_id, screenshot) VALUES
(69, 'https://shared.fastly.steamstatic.com/store_item_assets/steam/apps/813780/ss_ab2692aa33171bc61378dd59efa89e2ff86e02a6.1920x1080.jpg?t=1731939100'),
(69, 'https://shared.fastly.steamstatic.com/store_item_assets/steam/apps/813780/ss_1033024a26f0a7ed277865201aed9bb471b54320.1920x1080.jpg?t=1731939100'),
(69, 'https://shared.fastly.steamstatic.com/store_item_assets/steam/apps/813780/ss_83253675c7af3ad5f3f2c1dc2c43c667000e0c4a.1920x1080.jpg?t=1731939100'),
(69, 'https://shared.fastly.steamstatic.com/store_item_assets/steam/apps/813780/ss_ea0429a12f9d65f3e6b5384e0117fceef2109e45.1920x1080.jpg?t=1731939100'),
(69, 'https://shared.fastly.steamstatic.com/store_item_assets/steam/apps/813780/ss_c13d14fd11f3deb2fa5f592cceb98db3d48ef10b.1920x1080.jpg?t=1731939100'),
(69, 'https://shared.fastly.steamstatic.com/store_item_assets/steam/apps/813780/ss_e2fc6cfd934c8150cf751955d44deb688ab3c7d0.1920x1080.jpg?t=1731939100'),
(69, 'https://shared.fastly.steamstatic.com/store_item_assets/steam/apps/813780/ss_77792f8c4a7b375fc7c749b6336e61d61830920b.1920x1080.jpg?t=1731939100'),
(69, 'https://shared.fastly.steamstatic.com/store_item_assets/steam/apps/813780/ss_8f30a6ae45244f12ebdb48f99393aa9c93aaa398.1920x1080.jpg?t=1731939100'),
(69, 'https://shared.fastly.steamstatic.com/store_item_assets/steam/apps/813780/ss_b42dec99b197fea9882abc333e2cfb0a77dd3ed2.1920x1080.jpg?t=1731939100'),
(69, 'https://shared.fastly.steamstatic.com/store_item_assets/steam/apps/813780/ss_2b0e749c2d157b4c7965160bbed34b34f959b654.1920x1080.jpg?t=1731939100'),
(69, 'https://shared.fastly.steamstatic.com/store_item_assets/steam/apps/813780/ss_1a552052274732058f91d649716fffc5879d824e.1920x1080.jpg?t=1731939100'),
(69, 'https://shared.fastly.steamstatic.com/store_item_assets/steam/apps/813780/ss_f270aa4e146459dc8b75a69bfecf23d13b0e8df6.1920x1080.jpg?t=1731939100');

INSERT INTO product_videos (product_id, mp4, webm, thumbnail) VALUES
(69, 'https://video.fastly.steamstatic.com/store_trailers/256810032/movie480.mp4?t=1605737896', 'https://video.fastly.steamstatic.com/store_trailers/256810032/movie480_vp9.webm?t=1605737896', 'https://shared.fastly.steamstatic.com/store_item_assets/steam/apps/256810032/movie.293x165.jpg?t=1605737896'),
(69, 'https://video.fastly.steamstatic.com/store_trailers/256753456/movie480.mp4?t=1573774043', 'https://video.fastly.steamstatic.com/store_trailers/256753456/movie480.webm?t=1573774043', 'https://shared.fastly.steamstatic.com/store_item_assets/steam/apps/256753456/movie.293x165.jpg?t=1573774043');

INSERT INTO products (id, title, type, description, price, discount, discountStartDate, discountEndDate, releaseDate, rating, isActive, headerImage)
VALUES (70, 'Russian Fishing 4', 'Game', 'Russian Fishing 4 is a fishing simulator with RPG elements. There is no story line and the whole process is based on the concept of an open, free to roam and free to play game.', 0, 0, NULL, NULL, '2021-11-11', 0, TRUE, 'https://shared.fastly.steamstatic.com/store_item_assets/steam/apps/766570/header.jpg?t=1725868775');

INSERT INTO product_developers (product_id, developer) VALUES
(70, 'FishSoft LLC');

INSERT INTO product_publishers (product_id, publisher) VALUES
(70, 'FishSoft LLC');

INSERT INTO product_platforms (product_id, platform) VALUES
(70, 'Windows');

INSERT INTO product_genres (product_id, genre) VALUES
(70, 'Adventure'),
(70, 'Casual'),
(70, 'Massively Multiplayer'),
(70, 'RPG'),
(70, 'Simulation'),
(70, 'Sports'),
(70, 'Free To Play');

INSERT INTO product_tags (product_id, tag) VALUES
(70, 'Fishing'),
(70, 'Free to Play'),
(70, 'Multiplayer'),
(70, 'Simulation'),
(70, 'Nature'),
(70, 'Realistic'),
(70, 'Relaxing'),
(70, 'First-Person'),
(70, 'Crafting'),
(70, 'Immersive Sim'),
(70, 'Sports'),
(70, 'Atmospheric'),
(70, 'Singleplayer'),
(70, 'Open World'),
(70, 'Survival'),
(70, 'Massively Multiplayer'),
(70, 'Casual'),
(70, 'Adventure'),
(70, 'RPG'),
(70, 'Family Friendly');

INSERT INTO product_features (product_id, feature) VALUES
(70, 'Single-player'),
(70, 'MMO'),
(70, 'Online PvP'),
(70, 'Steam Achievements'),
(70, 'In-App Purchases'),
(70, 'Stats');

INSERT INTO product_system_requirements (product_id, platform, title, minimum, recommended) VALUES (70, 'win', 'OS', '', '');

INSERT INTO product_system_requirements (product_id, platform, title, minimum, recommended) VALUES (70, 'win', 'Processor', 'Intel® i5 3Ghz', 'Intel® i5 3.5Ghz');

INSERT INTO product_system_requirements (product_id, platform, title, minimum, recommended) VALUES (70, 'win', 'Memory', '8 GB RAM', '8 GB RAM');

INSERT INTO product_system_requirements (product_id, platform, title, minimum, recommended) VALUES (70, 'win', 'Graphics', 'GTX 760', 'GTX 1060');

INSERT INTO product_system_requirements (product_id, platform, title, minimum, recommended) VALUES (70, 'win', 'DirectX', 'Version 11', 'Version 11');

INSERT INTO product_system_requirements (product_id, platform, title, minimum, recommended) VALUES (70, 'win', 'Network', 'Broadband Internet connection', 'Broadband Internet connection');

INSERT INTO product_system_requirements (product_id, platform, title, minimum, recommended) VALUES (70, 'win', 'Storage', '40 GB available space', '40 GB available space');

INSERT INTO product_system_requirements (product_id, platform, title, minimum, recommended) VALUES (70, 'win', 'Additional Notes', '', '');

INSERT INTO product_screenshots (product_id, screenshot) VALUES
(70, 'https://shared.fastly.steamstatic.com/store_item_assets/steam/apps/766570/ss_e1e5a6db5197dd351bfacc18fe124c11c3d5fd68.1920x1080.jpg?t=1725868775'),
(70, 'https://shared.fastly.steamstatic.com/store_item_assets/steam/apps/766570/ss_de197cf162dcdafe994cc8e4caebe91153fbad0a.1920x1080.jpg?t=1725868775'),
(70, 'https://shared.fastly.steamstatic.com/store_item_assets/steam/apps/766570/ss_9827c499734dc0c1ea7a7352aec827189a0d0b99.1920x1080.jpg?t=1725868775'),
(70, 'https://shared.fastly.steamstatic.com/store_item_assets/steam/apps/766570/ss_264693ec23a06e53a02a65f1dd3279928390c376.1920x1080.jpg?t=1725868775'),
(70, 'https://shared.fastly.steamstatic.com/store_item_assets/steam/apps/766570/ss_e70becf02e61be75888442e68bed381fc4bd619b.1920x1080.jpg?t=1725868775'),
(70, 'https://shared.fastly.steamstatic.com/store_item_assets/steam/apps/766570/ss_606c0834829b2500acd6a1dc49ebdc364aa811e4.1920x1080.jpg?t=1725868775'),
(70, 'https://shared.fastly.steamstatic.com/store_item_assets/steam/apps/766570/ss_527f627c536fda7e23165af437ea0bff4fd2db8a.1920x1080.jpg?t=1725868775'),
(70, 'https://shared.fastly.steamstatic.com/store_item_assets/steam/apps/766570/ss_7e1f64aed6a52a01da315c8627f81f7123bbfa02.1920x1080.jpg?t=1725868775'),
(70, 'https://shared.fastly.steamstatic.com/store_item_assets/steam/apps/766570/ss_37249f0df07dccf49ce30cb378e2f327d75738e2.1920x1080.jpg?t=1725868775'),
(70, 'https://shared.fastly.steamstatic.com/store_item_assets/steam/apps/766570/ss_a3315dcbc510a7d41fe142e4b3166c8abbc10b6c.1920x1080.jpg?t=1725868775'),
(70, 'https://shared.fastly.steamstatic.com/store_item_assets/steam/apps/766570/ss_fc7a65a8e4d37d648d2d032bdb3b23e7a81f901e.1920x1080.jpg?t=1725868775'),
(70, 'https://shared.fastly.steamstatic.com/store_item_assets/steam/apps/766570/ss_cbba42f46ca9484905f55fd463a1e689c14c2383.1920x1080.jpg?t=1725868775'),
(70, 'https://shared.fastly.steamstatic.com/store_item_assets/steam/apps/766570/ss_47369f87173b74113410d339a958aa0fa30ee90f.1920x1080.jpg?t=1725868775'),
(70, 'https://shared.fastly.steamstatic.com/store_item_assets/steam/apps/766570/ss_a4b22eb87727f586793c719b917ceb72852b8ce1.1920x1080.jpg?t=1725868775'),
(70, 'https://shared.fastly.steamstatic.com/store_item_assets/steam/apps/766570/ss_cc9333d6ba63ecf752cc59c0b08aa931b0a71505.1920x1080.jpg?t=1725868775'),
(70, 'https://shared.fastly.steamstatic.com/store_item_assets/steam/apps/766570/ss_d037b2e6ce47e767662b2479793816ef1f852f8c.1920x1080.jpg?t=1725868775'),
(70, 'https://shared.fastly.steamstatic.com/store_item_assets/steam/apps/766570/ss_1d666450e38810681032a0d365e43d0ea691eb06.1920x1080.jpg?t=1725868775'),
(70, 'https://shared.fastly.steamstatic.com/store_item_assets/steam/apps/766570/ss_df61600f3d2cb298d3238318c1012090831ebd46.1920x1080.jpg?t=1725868775'),
(70, 'https://shared.fastly.steamstatic.com/store_item_assets/steam/apps/766570/ss_f2763c3c577a7358befe642220de82c548a0683f.1920x1080.jpg?t=1725868775'),
(70, 'https://shared.fastly.steamstatic.com/store_item_assets/steam/apps/766570/ss_059558dba7ebb6790e519a5c48a08a356ebd1e9a.1920x1080.jpg?t=1725868775'),
(70, 'https://shared.fastly.steamstatic.com/store_item_assets/steam/apps/766570/ss_5acac7bd2cb6771276df3c02129edb2b803f6d0d.1920x1080.jpg?t=1725868775'),
(70, 'https://shared.fastly.steamstatic.com/store_item_assets/steam/apps/766570/ss_3fa74c54600d855fe5cc7fcf2d036a2fca9c6517.1920x1080.jpg?t=1725868775'),
(70, 'https://shared.fastly.steamstatic.com/store_item_assets/steam/apps/766570/ss_e363e6e7815661cd0e186562b4aa89570c9f14b9.1920x1080.jpg?t=1725868775'),
(70, 'https://shared.fastly.steamstatic.com/store_item_assets/steam/apps/766570/ss_47ee1939bb5222da000306cbbdf7f692cd0b9389.1920x1080.jpg?t=1725868775'),
(70, 'https://shared.fastly.steamstatic.com/store_item_assets/steam/apps/766570/ss_598a06358124639c380a30b913bdd02aec42372d.1920x1080.jpg?t=1725868775'),
(70, 'https://shared.fastly.steamstatic.com/store_item_assets/steam/apps/766570/ss_b5385b958b56064d4bb8b209f287660377977b5d.1920x1080.jpg?t=1725868775'),
(70, 'https://shared.fastly.steamstatic.com/store_item_assets/steam/apps/766570/ss_af088add52f288c89ec6b5b633440043ac7f5ca0.1920x1080.jpg?t=1725868775'),
(70, 'https://shared.fastly.steamstatic.com/store_item_assets/steam/apps/766570/ss_00ee1ab0f7967231529088414d64192bd68f91c4.1920x1080.jpg?t=1725868775'),
(70, 'https://shared.fastly.steamstatic.com/store_item_assets/steam/apps/766570/ss_6cc31c92bae59e66250fdf3f9227671dc214d65e.1920x1080.jpg?t=1725868775'),
(70, 'https://shared.fastly.steamstatic.com/store_item_assets/steam/apps/766570/ss_a788024c153b82e3352964538c52703f45115e8e.1920x1080.jpg?t=1725868775'),
(70, 'https://shared.fastly.steamstatic.com/store_item_assets/steam/apps/766570/ss_759e4e0ab8a7a7c92b898594d2efb64fa6df699a.1920x1080.jpg?t=1725868775'),
(70, 'https://shared.fastly.steamstatic.com/store_item_assets/steam/apps/766570/ss_83960f535e92fae263d277d9cd0b0058eb585ec5.1920x1080.jpg?t=1725868775'),
(70, 'https://shared.fastly.steamstatic.com/store_item_assets/steam/apps/766570/ss_aad58b397915926b62cc93d82cc74afac6b5afbd.1920x1080.jpg?t=1725868775'),
(70, 'https://shared.fastly.steamstatic.com/store_item_assets/steam/apps/766570/ss_4181fd8ba27cbb29df96758584a9df95bc2ca124.1920x1080.jpg?t=1725868775'),
(70, 'https://shared.fastly.steamstatic.com/store_item_assets/steam/apps/766570/ss_796eaedfb76adebf7e636bf94f1d56c72bd00485.1920x1080.jpg?t=1725868775'),
(70, 'https://shared.fastly.steamstatic.com/store_item_assets/steam/apps/766570/ss_61bb0e189c370483bf9e01b52d54f9d357a409e2.1920x1080.jpg?t=1725868775'),
(70, 'https://shared.fastly.steamstatic.com/store_item_assets/steam/apps/766570/ss_3e142e6b2c7f3cc7a783bbd1af22ab958fcb6aef.1920x1080.jpg?t=1725868775'),
(70, 'https://shared.fastly.steamstatic.com/store_item_assets/steam/apps/766570/ss_13904e7f18e41f5c463f9039399be3806fddff7c.1920x1080.jpg?t=1725868775'),
(70, 'https://shared.fastly.steamstatic.com/store_item_assets/steam/apps/766570/ss_353036ee2a12bda2ebba58d77c144b033b2b5314.1920x1080.jpg?t=1725868775'),
(70, 'https://shared.fastly.steamstatic.com/store_item_assets/steam/apps/766570/ss_a4ccf0740dcf3a04fb8cca670ad770a97ca5ab73.1920x1080.jpg?t=1725868775'),
(70, 'https://shared.fastly.steamstatic.com/store_item_assets/steam/apps/766570/ss_d936d143bbb8dfe7dec26aa6188fda3d11015d40.1920x1080.jpg?t=1725868775'),
(70, 'https://shared.fastly.steamstatic.com/store_item_assets/steam/apps/766570/ss_77e25686e8e4a6272bb2fb7dbf7509c5a0c5c62a.1920x1080.jpg?t=1725868775'),
(70, 'https://shared.fastly.steamstatic.com/store_item_assets/steam/apps/766570/ss_23b13d1f705a2f9e5a59a8464563827720d5d8ba.1920x1080.jpg?t=1725868775'),
(70, 'https://shared.fastly.steamstatic.com/store_item_assets/steam/apps/766570/ss_699b44867059733412ddd43d926c62ee24199022.1920x1080.jpg?t=1725868775'),
(70, 'https://shared.fastly.steamstatic.com/store_item_assets/steam/apps/766570/ss_d41d23a64d152f9eafe89277600a82acacb6b665.1920x1080.jpg?t=1725868775'),
(70, 'https://shared.fastly.steamstatic.com/store_item_assets/steam/apps/766570/ss_648c705f3600701292954653b776c2fe57954bf0.1920x1080.jpg?t=1725868775'),
(70, 'https://shared.fastly.steamstatic.com/store_item_assets/steam/apps/766570/ss_b29871ad0daef09a2c763d2a3f3b61b6b35fb099.1920x1080.jpg?t=1725868775'),
(70, 'https://shared.fastly.steamstatic.com/store_item_assets/steam/apps/766570/ss_f2700d4b5f7abeee7d1d83ce48278569a3f9652a.1920x1080.jpg?t=1725868775'),
(70, 'https://shared.fastly.steamstatic.com/store_item_assets/steam/apps/766570/ss_312e938459c72f00e3780a0b83515462d4cc228a.1920x1080.jpg?t=1725868775'),
(70, 'https://shared.fastly.steamstatic.com/store_item_assets/steam/apps/766570/ss_5a0fdd384ed321d24f364b2b7f27ee77baef73e8.1920x1080.jpg?t=1725868775'),
(70, 'https://shared.fastly.steamstatic.com/store_item_assets/steam/apps/766570/ss_df79fa2857fc2474999415b77a9d39ce0a3e9eb7.1920x1080.jpg?t=1725868775'),
(70, 'https://shared.fastly.steamstatic.com/store_item_assets/steam/apps/766570/ss_4f4fb1add0a08074d79f2f77fd5baed714249609.1920x1080.jpg?t=1725868775'),
(70, 'https://shared.fastly.steamstatic.com/store_item_assets/steam/apps/766570/ss_47c1d73e05218c1cbf8bce07ef2c4272f32a960b.1920x1080.jpg?t=1725868775'),
(70, 'https://shared.fastly.steamstatic.com/store_item_assets/steam/apps/766570/ss_bfee582835f949fa1c4c8837ee4dd4e9d31680d4.1920x1080.jpg?t=1725868775'),
(70, 'https://shared.fastly.steamstatic.com/store_item_assets/steam/apps/766570/ss_833a9657aca4846ec44934db40c2be566d894813.1920x1080.jpg?t=1725868775');

INSERT INTO product_videos (product_id, mp4, webm, thumbnail) VALUES
(70, 'https://video.fastly.steamstatic.com/store_trailers/256911937/movie480.mp4?t=1667242009', 'https://video.fastly.steamstatic.com/store_trailers/256911937/movie480_vp9.webm?t=1667242009', 'https://shared.fastly.steamstatic.com/store_item_assets/steam/apps/256911937/movie.293x165.jpg?t=1667242009');

INSERT INTO products (id, title, type, description, price, discount, discountStartDate, discountEndDate, releaseDate, rating, isActive, headerImage)
VALUES (71, 'Europa Universalis IV', 'Game', 'Rule your land and dominate the world with unparalleled freedom, depth and historical accuracy. Write a new history of the world and build an empire for the ages.', 49.99, 0, NULL, NULL, '2013-08-13', 0, TRUE, 'https://shared.fastly.steamstatic.com/store_item_assets/steam/apps/236850/header.jpg?t=1735836392');

INSERT INTO product_developers (product_id, developer) VALUES
(71, 'Paradox Development Studio'),
(71, 'Paradox Tinto');

INSERT INTO product_publishers (product_id, publisher) VALUES
(71, 'Paradox Interactive');

INSERT INTO product_platforms (product_id, platform) VALUES
(71, 'Windows');

INSERT INTO product_genres (product_id, genre) VALUES
(71, 'Simulation'),
(71, 'Strategy');

INSERT INTO product_tags (product_id, tag) VALUES
(71, 'Grand Strategy'),
(71, 'Strategy'),
(71, 'Historical'),
(71, 'Simulation'),
(71, '4X'),
(71, 'Alternate History'),
(71, 'Military'),
(71, 'Wargame'),
(71, 'Diplomacy'),
(71, 'Economy'),
(71, 'Replay Value'),
(71, 'Sandbox'),
(71, 'Political'),
(71, 'Real-Time with Pause'),
(71, 'Moddable'),
(71, 'Nonlinear'),
(71, 'Co-op'),
(71, 'Singleplayer'),
(71, 'Management'),
(71, 'Multiplayer');

INSERT INTO product_features (product_id, feature) VALUES
(71, 'Single-player'),
(71, 'Online PvP'),
(71, 'Online Co-op'),
(71, 'Cross-Platform Multiplayer'),
(71, 'Steam Achievements'),
(71, 'Steam Trading Cards'),
(71, 'Steam Workshop'),
(71, 'Steam Cloud'),
(71, 'Family Sharing');

INSERT INTO product_system_requirements (product_id, platform, title, minimum, recommended) VALUES (71, 'win', 'OS', 'Windows® 10 Home 64 bit', 'Windows® 10 Home 64 bit');

INSERT INTO product_system_requirements (product_id, platform, title, minimum, recommended) VALUES (71, 'win', 'Processor', 'Intel® Core™ i3-2105 / AMD® FX 4300', 'Intel® Core™ i3 3240 / AMD® FX 8120');

INSERT INTO product_system_requirements (product_id, platform, title, minimum, recommended) VALUES (71, 'win', 'Memory', '4 GB RAM', '8 GB RAM');

INSERT INTO product_system_requirements (product_id, platform, title, minimum, recommended) VALUES (71, 'win', 'Graphics', 'Nvidia® GeForce™ GTX 460 / AMD® Radeon™ HD 5850', 'Nvidia® GeForce™ GTX 560 Ti');

INSERT INTO product_system_requirements (product_id, platform, title, minimum, recommended) VALUES (71, 'win', 'DirectX', '', '');

INSERT INTO product_system_requirements (product_id, platform, title, minimum, recommended) VALUES (71, 'win', 'Network', '', '');

INSERT INTO product_system_requirements (product_id, platform, title, minimum, recommended) VALUES (71, 'win', 'Storage', '', '');

INSERT INTO product_system_requirements (product_id, platform, title, minimum, recommended) VALUES (71, 'win', 'Additional Notes', '', '');

INSERT INTO product_system_requirements (product_id, platform, title, minimum, recommended) VALUES (71, 'mac', 'OS', 'Mac OS Catalina 10.15 or better', 'Mac OS Catalina 10.15 or better');

INSERT INTO product_system_requirements (product_id, platform, title, minimum, recommended) VALUES (71, 'mac', 'Processor', 'Intel® Core 2 or equivalent', 'Intel® Core 2 or equivalent');

INSERT INTO product_system_requirements (product_id, platform, title, minimum, recommended) VALUES (71, 'mac', 'Memory', '4 GB RAM', '8 GB RAM');

INSERT INTO product_system_requirements (product_id, platform, title, minimum, recommended) VALUES (71, 'mac', 'Graphics', 'ATI Radeon HD 6750 / NVIDIA GeForce 320 / NVIDIA GeForce 9600 or higher, 1024MB graphics memory required', 'ATI Radeon HD 6750 / NVIDIA GeForce 320 / NVIDIA GeForce 9600 or higher, 1024MB graphics memory required');

INSERT INTO product_system_requirements (product_id, platform, title, minimum, recommended) VALUES (71, 'mac', 'DirectX', '', '');

INSERT INTO product_system_requirements (product_id, platform, title, minimum, recommended) VALUES (71, 'mac', 'Network', '', '');

INSERT INTO product_system_requirements (product_id, platform, title, minimum, recommended) VALUES (71, 'mac', 'Storage', '', '');

INSERT INTO product_system_requirements (product_id, platform, title, minimum, recommended) VALUES (71, 'mac', 'Additional Notes', '', '');

INSERT INTO product_system_requirements (product_id, platform, title, minimum, recommended) VALUES (71, 'linux', 'OS', '18.04 LTS (64 bit)', '18.04 LTS (64 bit)');

INSERT INTO product_system_requirements (product_id, platform, title, minimum, recommended) VALUES (71, 'linux', 'Processor', 'Intel® Core™ i3-2105 / AMD® FX 4300', 'Intel® Core™ i3 3240 / AMD® FX 8120');

INSERT INTO product_system_requirements (product_id, platform, title, minimum, recommended) VALUES (71, 'linux', 'Memory', '4 GB RAM', '8 GB RAM');

INSERT INTO product_system_requirements (product_id, platform, title, minimum, recommended) VALUES (71, 'linux', 'Graphics', 'Nvidia® GeForce™ GTX 460 / AMD® Radeon™ HD 5850', 'Nvidia® GeForce™ GTX 560 Ti');

INSERT INTO product_system_requirements (product_id, platform, title, minimum, recommended) VALUES (71, 'linux', 'DirectX', '', '');

INSERT INTO product_system_requirements (product_id, platform, title, minimum, recommended) VALUES (71, 'linux', 'Network', '', '');

INSERT INTO product_system_requirements (product_id, platform, title, minimum, recommended) VALUES (71, 'linux', 'Storage', '', '');

INSERT INTO product_system_requirements (product_id, platform, title, minimum, recommended) VALUES (71, 'linux', 'Additional Notes', '', '');

INSERT INTO product_screenshots (product_id, screenshot) VALUES
(71, 'https://shared.fastly.steamstatic.com/store_item_assets/steam/apps/236850/ss_505866198168d5ebaf3b4b76caeca2ee55883786.1920x1080.jpg?t=1735836392'),
(71, 'https://shared.fastly.steamstatic.com/store_item_assets/steam/apps/236850/ss_a7a6735657b6aafd1125b9b4280a0f73e5fc2981.1920x1080.jpg?t=1735836392'),
(71, 'https://shared.fastly.steamstatic.com/store_item_assets/steam/apps/236850/ss_0f31b85193b9e40fd70f710c0ac8fa843c96b604.1920x1080.jpg?t=1735836392'),
(71, 'https://shared.fastly.steamstatic.com/store_item_assets/steam/apps/236850/ss_83179e7c220e4bf9a396c77e8a566a4c9d30d686.1920x1080.jpg?t=1735836392'),
(71, 'https://shared.fastly.steamstatic.com/store_item_assets/steam/apps/236850/ss_d3ca5ede1b13ce7c1782ddd2a182d313f914d937.1920x1080.jpg?t=1735836392'),
(71, 'https://shared.fastly.steamstatic.com/store_item_assets/steam/apps/236850/ss_b17cebc702b38599cfce8d6bc50b48946fb5a14e.1920x1080.jpg?t=1735836392'),
(71, 'https://shared.fastly.steamstatic.com/store_item_assets/steam/apps/236850/ss_375685e265563ba8240939189ee6afbaf681596c.1920x1080.jpg?t=1735836392'),
(71, 'https://shared.fastly.steamstatic.com/store_item_assets/steam/apps/236850/ss_5f121c7e811451deee1fa15b3fcfd95ea072f6b2.1920x1080.jpg?t=1735836392'),
(71, 'https://shared.fastly.steamstatic.com/store_item_assets/steam/apps/236850/ss_cc4dfbcd841948ebf45ab082466064ff7cfbfd94.1920x1080.jpg?t=1735836392'),
(71, 'https://shared.fastly.steamstatic.com/store_item_assets/steam/apps/236850/ss_4d65ea97a30ab87a81159cdda7c5e0952fb55b01.1920x1080.jpg?t=1735836392');

INSERT INTO product_videos (product_id, mp4, webm, thumbnail) VALUES
(71, 'https://video.fastly.steamstatic.com/store_trailers/256961262/movie480.mp4?t=1690890454', 'https://video.fastly.steamstatic.com/store_trailers/256961262/movie480_vp9.webm?t=1690890454', 'https://shared.fastly.steamstatic.com/store_item_assets/steam/apps/256961262/movie.293x165.jpg?t=1690890454'),
(71, 'https://video.fastly.steamstatic.com/store_trailers/256835289/movie480.mp4?t=1628784026', 'https://video.fastly.steamstatic.com/store_trailers/256835289/movie480_vp9.webm?t=1628784026', 'https://shared.fastly.steamstatic.com/store_item_assets/steam/apps/256835289/movie.293x165.jpg?t=1628784026');

INSERT INTO products (id, title, type, description, price, discount, discountStartDate, discountEndDate, releaseDate, rating, isActive, headerImage)
VALUES (72, 'Street Fighter™ 6', 'Game', 'Here comes Capcom’s newest challenger! Street Fighter™ 6 launches worldwide on June 2nd, 2023 and represents the next evolution of the Street Fighter™ series! Street Fighter 6 spans three distinct game modes, including World Tour, Fighting Ground and Battle Hub.', 59.99, 0, NULL, NULL, '2023-06-02', 0, TRUE, 'https://shared.fastly.steamstatic.com/store_item_assets/steam/apps/1364780/header.jpg?t=1735026251');

INSERT INTO product_developers (product_id, developer) VALUES
(72, 'CAPCOM Co., Ltd.');

INSERT INTO product_publishers (product_id, publisher) VALUES
(72, 'CAPCOM Co., Ltd.');

INSERT INTO product_platforms (product_id, platform) VALUES
(72, 'Windows');

INSERT INTO product_genres (product_id, genre) VALUES
(72, 'Action'),
(72, 'Adventure');

INSERT INTO product_tags (product_id, tag) VALUES
(72, '2D Fighter'),
(72, 'Fighting'),
(72, 'Character Customization'),
(72, 'Arcade'),
(72, 'Action'),
(72, 'Multiplayer'),
(72, 'Competitive'),
(72, 'Adventure'),
(72, 'PvP'),
(72, 'eSports'),
(72, 'Open World'),
(72, 'Singleplayer'),
(72, 'Local Multiplayer'),
(72, 'Controller'),
(72, '3D'),
(72, 'Martial Arts'),
(72, 'Action RPG'),
(72, 'Great Soundtrack'),
(72, 'Sandbox'),
(72, '3D Fighter');

INSERT INTO product_features (product_id, feature) VALUES
(72, 'Single-player'),
(72, 'Online PvP'),
(72, 'Shared/Split Screen PvP'),
(72, 'Cross-Platform Multiplayer'),
(72, 'Steam Achievements'),
(72, 'Steam Trading Cards'),
(72, 'In-App Purchases'),
(72, 'Steam Cloud'),
(72, 'Family Sharing');

INSERT INTO product_system_requirements (product_id, platform, title, minimum, recommended) VALUES (72, 'win', 'OS', 'Windows 10 (64 bit required)', 'Windows 10 (64 bit)/Windows 11 (64 bit)');

INSERT INTO product_system_requirements (product_id, platform, title, minimum, recommended) VALUES (72, 'win', 'Processor', 'Intel Core i5-7500 / AMD Ryzen 3 1200', 'Intel Core i7 8700 / AMD Ryzen 5 3600');

INSERT INTO product_system_requirements (product_id, platform, title, minimum, recommended) VALUES (72, 'win', 'Memory', '8 GB RAM', '16 GB RAM');

INSERT INTO product_system_requirements (product_id, platform, title, minimum, recommended) VALUES (72, 'win', 'Graphics', 'GTX1060 (VRAM 6GB) / Radeon RX 580 (VRAM 4GB)', 'RTX2070 / Radeon RX 5700XT');

INSERT INTO product_system_requirements (product_id, platform, title, minimum, recommended) VALUES (72, 'win', 'DirectX', 'Version 12', 'Version 12');

INSERT INTO product_system_requirements (product_id, platform, title, minimum, recommended) VALUES (72, 'win', 'Network', '', '');

INSERT INTO product_system_requirements (product_id, platform, title, minimum, recommended) VALUES (72, 'win', 'Storage', '60 GB available space', '60 GB available space');

INSERT INTO product_system_requirements (product_id, platform, title, minimum, recommended) VALUES (72, 'win', 'Additional Notes', '- The framerate may drop during graphic-intensive scenes. - Additional storage is required for each subsequent update.', '- The framerate may drop during graphic-intensive scenes. - Additional storage is required for each subsequent update.');

INSERT INTO product_screenshots (product_id, screenshot) VALUES
(72, 'https://shared.fastly.steamstatic.com/store_item_assets/steam/apps/1364780/ss_387137f8cccb048c35a8685634372e97785d40aa.1920x1080.jpg?t=1735026251'),
(72, 'https://shared.fastly.steamstatic.com/store_item_assets/steam/apps/1364780/ss_a381f1b3b450c18900d47b991ce8e7456e9cdba5.1920x1080.jpg?t=1735026251'),
(72, 'https://shared.fastly.steamstatic.com/store_item_assets/steam/apps/1364780/ss_f62ce93269a6d8e0027853358af4d6368e2c4b93.1920x1080.jpg?t=1735026251'),
(72, 'https://shared.fastly.steamstatic.com/store_item_assets/steam/apps/1364780/ss_d186566a92ada8cdb08b04769a8c95cd1e380006.1920x1080.jpg?t=1735026251'),
(72, 'https://shared.fastly.steamstatic.com/store_item_assets/steam/apps/1364780/ss_ed46aaa9ed94dd6f35a703070f8df16cee5aef61.1920x1080.jpg?t=1735026251'),
(72, 'https://shared.fastly.steamstatic.com/store_item_assets/steam/apps/1364780/ss_10191fb5ab48cee99d7a43e636db9202938f143e.1920x1080.jpg?t=1735026251'),
(72, 'https://shared.fastly.steamstatic.com/store_item_assets/steam/apps/1364780/ss_449d488d2edbe785c4e6010fede1c3b8dae8e388.1920x1080.jpg?t=1735026251'),
(72, 'https://shared.fastly.steamstatic.com/store_item_assets/steam/apps/1364780/ss_2cfc2472e7ff99fd354935135d91e36e81951795.1920x1080.jpg?t=1735026251'),
(72, 'https://shared.fastly.steamstatic.com/store_item_assets/steam/apps/1364780/ss_3ceb422dbef5f8495e690ed526f684fdcb1022ec.1920x1080.jpg?t=1735026251'),
(72, 'https://shared.fastly.steamstatic.com/store_item_assets/steam/apps/1364780/ss_201488fc9f1aa5e29e2fc6d96ef2b66e41ddf32e.1920x1080.jpg?t=1735026251');

INSERT INTO product_videos (product_id, mp4, webm, thumbnail) VALUES
(72, 'https://video.fastly.steamstatic.com/store_trailers/257048074/movie480.mp4?t=1724216001', 'https://video.fastly.steamstatic.com/store_trailers/257048074/movie480_vp9.webm?t=1724216001', 'https://shared.fastly.steamstatic.com/store_item_assets/steam/apps/257048074/movie.293x165.jpg?t=1724216001'),
(72, 'https://video.fastly.steamstatic.com/store_trailers/257029847/movie480.mp4?t=1717986914', 'https://video.fastly.steamstatic.com/store_trailers/257029847/movie480_vp9.webm?t=1717986914', 'https://shared.fastly.steamstatic.com/store_item_assets/steam/apps/257029847/movie.293x165.jpg?t=1717986914'),
(72, 'https://video.fastly.steamstatic.com/store_trailers/257029842/movie480.mp4?t=1717986925', 'https://video.fastly.steamstatic.com/store_trailers/257029842/movie480_vp9.webm?t=1717986925', 'https://shared.fastly.steamstatic.com/store_item_assets/steam/apps/257029842/movie.293x165.jpg?t=1717986925'),
(72, 'https://video.fastly.steamstatic.com/store_trailers/257022144/movie480.mp4?t=1715314192', 'https://video.fastly.steamstatic.com/store_trailers/257022144/movie480_vp9.webm?t=1715314192', 'https://shared.fastly.steamstatic.com/store_item_assets/steam/apps/257022144/movie.293x165.jpg?t=1715314192'),
(72, 'https://video.fastly.steamstatic.com/store_trailers/257001257/movie480.mp4?t=1707970757', 'https://video.fastly.steamstatic.com/store_trailers/257001257/movie480_vp9.webm?t=1707970757', 'https://shared.fastly.steamstatic.com/store_item_assets/steam/apps/257001257/movie.293x165.jpg?t=1707970757'),
(72, 'https://video.fastly.steamstatic.com/store_trailers/256984090/movie480.mp4?t=1700629501', 'https://video.fastly.steamstatic.com/store_trailers/256984090/movie480_vp9.webm?t=1700629501', 'https://shared.fastly.steamstatic.com/store_item_assets/steam/apps/256984090/movie.293x165.jpg?t=1700629501'),
(72, 'https://video.fastly.steamstatic.com/store_trailers/256967189/movie480.mp4?t=1693546089', 'https://video.fastly.steamstatic.com/store_trailers/256967189/movie480_vp9.webm?t=1693546089', 'https://shared.fastly.steamstatic.com/store_item_assets/steam/apps/256967189/movie.293x165.jpg?t=1693546089'),
(72, 'https://video.fastly.steamstatic.com/store_trailers/256950421/movie480.mp4?t=1685677608', 'https://video.fastly.steamstatic.com/store_trailers/256950421/movie480_vp9.webm?t=1685677608', 'https://shared.fastly.steamstatic.com/store_item_assets/steam/apps/256950421/movie.293x165.jpg?t=1685677608'),
(72, 'https://video.fastly.steamstatic.com/store_trailers/256948912/movie480.mp4?t=1684997450', 'https://video.fastly.steamstatic.com/store_trailers/256948912/movie480_vp9.webm?t=1684997450', 'https://shared.fastly.steamstatic.com/store_item_assets/steam/apps/256948912/movie.293x165.jpg?t=1684997450'),
(72, 'https://video.fastly.steamstatic.com/store_trailers/256942745/movie480.mp4?t=1682309495', 'https://video.fastly.steamstatic.com/store_trailers/256942745/movie480_vp9.webm?t=1682309495', 'https://shared.fastly.steamstatic.com/store_item_assets/steam/apps/256942745/movie.293x165.jpg?t=1682309495'),
(72, 'https://video.fastly.steamstatic.com/store_trailers/256942372/movie480.mp4?t=1682057217', 'https://video.fastly.steamstatic.com/store_trailers/256942372/movie480_vp9.webm?t=1682057217', 'https://shared.fastly.steamstatic.com/store_item_assets/steam/apps/256942372/movie.293x165.jpg?t=1682057217'),
(72, 'https://video.fastly.steamstatic.com/store_trailers/256933399/movie480.mp4?t=1677806681', 'https://video.fastly.steamstatic.com/store_trailers/256933399/movie480_vp9.webm?t=1677806681', 'https://shared.fastly.steamstatic.com/store_item_assets/steam/apps/256933399/movie.293x165.jpg?t=1677806681'),
(72, 'https://video.fastly.steamstatic.com/store_trailers/256920197/movie480.mp4?t=1670565024', 'https://video.fastly.steamstatic.com/store_trailers/256920197/movie480_vp9.webm?t=1670565024', 'https://shared.fastly.steamstatic.com/store_item_assets/steam/apps/256920197/movie.293x165.jpg?t=1670565024'),
(72, 'https://video.fastly.steamstatic.com/store_trailers/256920209/movie480.mp4?t=1670565034', 'https://video.fastly.steamstatic.com/store_trailers/256920209/movie480_vp9.webm?t=1670565034', 'https://shared.fastly.steamstatic.com/store_item_assets/steam/apps/256920209/movie.293x165.jpg?t=1670565034'),
(72, 'https://video.fastly.steamstatic.com/store_trailers/256903907/movie480.mp4?t=1715314203', 'https://video.fastly.steamstatic.com/store_trailers/256903907/movie480_vp9.webm?t=1715314203', 'https://shared.fastly.steamstatic.com/store_item_assets/steam/apps/256903907/movie.293x165.jpg?t=1715314203');

INSERT INTO products (id, title, type, description, price, discount, discountStartDate, discountEndDate, releaseDate, rating, isActive, headerImage)
VALUES (73, 'Overwatch® 2', 'Game', 'Overwatch 2 is a critically acclaimed, team-based shooter game set in an optimistic future with an evolving roster of heroes. Team up with friends and jump in today.', 0, 0, NULL, NULL, '2023-08-11', 0, TRUE, 'https://shared.fastly.steamstatic.com/store_item_assets/steam/apps/2357570/header.jpg?t=1733864283');

INSERT INTO product_developers (product_id, developer) VALUES
(73, 'Blizzard Entertainment, Inc.');

INSERT INTO product_publishers (product_id, publisher) VALUES
(73, 'Blizzard Entertainment, Inc.');

INSERT INTO product_platforms (product_id, platform) VALUES
(73, 'Windows');

INSERT INTO product_genres (product_id, genre) VALUES
(73, 'Action'),
(73, 'Free To Play');

INSERT INTO product_tags (product_id, tag) VALUES
(73, 'Free to Play'),
(73, 'Hero Shooter'),
(73, 'Multiplayer'),
(73, 'FPS'),
(73, 'Team-Based'),
(73, 'PvP'),
(73, 'Shooter'),
(73, 'First-Person'),
(73, 'Dark Humor'),
(73, 'Action'),
(73, 'Competitive'),
(73, 'Co-op'),
(73, 'Dystopian'),
(73, 'Sci-fi'),
(73, 'PvE'),
(73, 'Cinematic'),
(73, 'Lore-Rich'),
(73, 'Casual'),
(73, 'MOBA'),
(73, 'Controller');

INSERT INTO product_features (product_id, feature) VALUES
(73, 'Online PvP'),
(73, 'Online Co-op'),
(73, 'Cross-Platform Multiplayer'),
(73, 'Steam Achievements'),
(73, 'In-App Purchases');

INSERT INTO product_system_requirements (product_id, platform, title, minimum, recommended) VALUES (73, 'win', 'OS', 'Windows® 10 64-bit (latest Service Pack)', 'Windows® 10 64-bit (latest Service Pack)');

INSERT INTO product_system_requirements (product_id, platform, title, minimum, recommended) VALUES (73, 'win', 'Processor', 'Intel® Core™ i3 or AMD Phenom™ X3 8650', 'Intel® Core™ i7 or AMD Ryzen™ 5');

INSERT INTO product_system_requirements (product_id, platform, title, minimum, recommended) VALUES (73, 'win', 'Memory', '6 GB RAM', '8 GB RAM');

INSERT INTO product_system_requirements (product_id, platform, title, minimum, recommended) VALUES (73, 'win', 'Graphics', 'NVIDIA® GeForce® GTX 600 series, AMD Radeon™ HD 7000 series', 'NVIDIA® GeForce® GTX 1060/ GeForce® GTX 1650 or AMD R9 380/AMD RX 6400 or Intel® Arc™ A770');

INSERT INTO product_system_requirements (product_id, platform, title, minimum, recommended) VALUES (73, 'win', 'DirectX', 'Version 11', 'Version 11');

INSERT INTO product_system_requirements (product_id, platform, title, minimum, recommended) VALUES (73, 'win', 'Network', 'Broadband Internet connection', 'Broadband Internet connection');

INSERT INTO product_system_requirements (product_id, platform, title, minimum, recommended) VALUES (73, 'win', 'Storage', '50 GB available space', '50 GB available space');

INSERT INTO product_system_requirements (product_id, platform, title, minimum, recommended) VALUES (73, 'win', 'Additional Notes', '', '');

INSERT INTO product_screenshots (product_id, screenshot) VALUES
(73, 'https://shared.fastly.steamstatic.com/store_item_assets/steam/apps/2357570/ss_6322a6a0dc66ce04a59208f6e1009a584fe92e9f.1920x1080.jpg?t=1733864283'),
(73, 'https://shared.fastly.steamstatic.com/store_item_assets/steam/apps/2357570/ss_9c4f354f531db64354abb138f51d621ceb730023.1920x1080.jpg?t=1733864283'),
(73, 'https://shared.fastly.steamstatic.com/store_item_assets/steam/apps/2357570/ss_680a308e80ffa99faaa5c45b0a5bb55b75757cce.1920x1080.jpg?t=1733864283'),
(73, 'https://shared.fastly.steamstatic.com/store_item_assets/steam/apps/2357570/ss_03f1f65330edcc57e00461a789da1ddcb25a3a87.1920x1080.jpg?t=1733864283');

INSERT INTO product_videos (product_id, mp4, webm, thumbnail) VALUES
(73, 'https://video.fastly.steamstatic.com/store_trailers/257080688/movie480.mp4?t=1733860207', 'https://video.fastly.steamstatic.com/store_trailers/257080688/movie480_vp9.webm?t=1733860207', 'https://shared.fastly.steamstatic.com/store_item_assets/steam/apps/257080688/2447e869d31366560bd81c148cfaae3599fc1dff/movie_600x337.jpg?t=1733860207'),
(73, 'https://video.fastly.steamstatic.com/store_trailers/257011581/movie480.mp4?t=1711555317', 'https://video.fastly.steamstatic.com/store_trailers/257011581/movie480_vp9.webm?t=1711555317', 'https://shared.fastly.steamstatic.com/store_item_assets/steam/apps/257011581/movie.293x165.jpg?t=1711555317'),
(73, 'https://video.fastly.steamstatic.com/store_trailers/256980013/movie480.mp4?t=1699055632', 'https://video.fastly.steamstatic.com/store_trailers/256980013/movie480_vp9.webm?t=1699055632', 'https://shared.fastly.steamstatic.com/store_item_assets/steam/apps/256980013/movie.293x165.jpg?t=1699055632'),
(73, 'https://video.fastly.steamstatic.com/store_trailers/256980016/movie480.mp4?t=1699055566', 'https://video.fastly.steamstatic.com/store_trailers/256980016/movie480_vp9.webm?t=1699055566', 'https://shared.fastly.steamstatic.com/store_item_assets/steam/apps/256980016/movie.293x165.jpg?t=1699055566');

INSERT INTO products (id, title, type, description, price, discount, discountStartDate, discountEndDate, releaseDate, rating, isActive, headerImage)
VALUES (74, 'BeamNG.drive', 'Game', 'A dynamic soft-body physics vehicle simulator capable of doing just about anything.', 24.99, 0, NULL, NULL, '2015-05-29', 0, TRUE, 'https://shared.fastly.steamstatic.com/store_item_assets/steam/apps/284160/header.jpg?t=1733838013');

INSERT INTO product_developers (product_id, developer) VALUES
(74, 'BeamNG');

INSERT INTO product_publishers (product_id, publisher) VALUES
(74, 'BeamNG');

INSERT INTO product_platforms (product_id, platform) VALUES
(74, 'Windows');

INSERT INTO product_genres (product_id, genre) VALUES
(74, 'Racing'),
(74, 'Simulation'),
(74, 'Early Access');

INSERT INTO product_tags (product_id, tag) VALUES
(74, 'Simulation'),
(74, 'Driving'),
(74, 'Physics'),
(74, 'Realistic'),
(74, 'Destruction'),
(74, 'Automobile Sim'),
(74, 'Sandbox'),
(74, 'Open World'),
(74, 'Racing'),
(74, 'Moddable'),
(74, 'Multiplayer'),
(74, 'Singleplayer'),
(74, 'Early Access'),
(74, 'First-Person'),
(74, 'Third Person'),
(74, 'Exploration'),
(74, 'Funny'),
(74, 'Action'),
(74, 'Adventure'),
(74, 'Flight');

INSERT INTO product_features (product_id, feature) VALUES
(74, 'Single-player'),
(74, 'Steam Achievements'),
(74, 'Steam Trading Cards'),
(74, 'Steam Cloud'),
(74, 'Includes level editor'),
(74, 'Remote Play on Phone'),
(74, 'Remote Play on Tablet'),
(74, 'Remote Play Together'),
(74, 'Family Sharing');

INSERT INTO product_system_requirements (product_id, platform, title, minimum, recommended) VALUES (74, 'win', 'OS', '', 'Windows 10 64 Bit');

INSERT INTO product_system_requirements (product_id, platform, title, minimum, recommended) VALUES (74, 'win', 'Processor', 'AMD FX 6300 3.5Ghz / Intel Core i3-6300 3.8Ghz', 'AMD Ryzen 7 1700 3.0Ghz / Intel Core i7-6700 3.4Ghz (or better)');

INSERT INTO product_system_requirements (product_id, platform, title, minimum, recommended) VALUES (74, 'win', 'Memory', '16 GB RAM', '32 GB RAM');

INSERT INTO product_system_requirements (product_id, platform, title, minimum, recommended) VALUES (74, 'win', 'Graphics', 'Radeon HD 7750 / Nvidia GeForce GTX 550 Ti', 'AMD R9 290 / Nvidia GeForce GTX 970');

INSERT INTO product_system_requirements (product_id, platform, title, minimum, recommended) VALUES (74, 'win', 'DirectX', 'Version 11', 'Version 11');

INSERT INTO product_system_requirements (product_id, platform, title, minimum, recommended) VALUES (74, 'win', 'Network', '', '');

INSERT INTO product_system_requirements (product_id, platform, title, minimum, recommended) VALUES (74, 'win', 'Storage', '45 GB available space', '50 GB available space');

INSERT INTO product_system_requirements (product_id, platform, title, minimum, recommended) VALUES (74, 'win', 'Additional Notes', '', 'Recommended spec based on 1080p resolution. Installing game mods will increase required storage space. Gamepad recommended.');

INSERT INTO product_screenshots (product_id, screenshot) VALUES
(74, 'https://shared.fastly.steamstatic.com/store_item_assets/steam/apps/284160/ss_ae4c258e6f13ddf00ee8e72be8bd0b0fc5e67801.1920x1080.jpg?t=1733838013'),
(74, 'https://shared.fastly.steamstatic.com/store_item_assets/steam/apps/284160/ss_50b8ba7ff80d50af3bd6b1b4e326849555a952a2.1920x1080.jpg?t=1733838013'),
(74, 'https://shared.fastly.steamstatic.com/store_item_assets/steam/apps/284160/ss_e55bbb37fa7208d720d15e69c23c8d932283b4fe.1920x1080.jpg?t=1733838013'),
(74, 'https://shared.fastly.steamstatic.com/store_item_assets/steam/apps/284160/ss_ac6c91223f4f12662a9ae7c3a06e2c951a2551f0.1920x1080.jpg?t=1733838013'),
(74, 'https://shared.fastly.steamstatic.com/store_item_assets/steam/apps/284160/ss_1b129249ad662d242a81a34ee2fdcdcbe064eb32.1920x1080.jpg?t=1733838013'),
(74, 'https://shared.fastly.steamstatic.com/store_item_assets/steam/apps/284160/ss_9cff66c2f780d440c123c7f6307c3eb72d8aacc0.1920x1080.jpg?t=1733838013'),
(74, 'https://shared.fastly.steamstatic.com/store_item_assets/steam/apps/284160/ss_fb30bf82ea7220eb8348f4e893b6ce852c1d1d70.1920x1080.jpg?t=1733838013'),
(74, 'https://shared.fastly.steamstatic.com/store_item_assets/steam/apps/284160/ss_707b21b512dd1fe58e7ea9dcf63af386dd8dc883.1920x1080.jpg?t=1733838013'),
(74, 'https://shared.fastly.steamstatic.com/store_item_assets/steam/apps/284160/ss_db203ef0e5f31f424839c7d1018f3d725a5f8d92.1920x1080.jpg?t=1733838013'),
(74, 'https://shared.fastly.steamstatic.com/store_item_assets/steam/apps/284160/ss_cb1441c868e71b36fa4bdb35313274a4687894de.1920x1080.jpg?t=1733838013'),
(74, 'https://shared.fastly.steamstatic.com/store_item_assets/steam/apps/284160/ss_301f3a78e9b0d32026df499ccd3827ce4a0ea161.1920x1080.jpg?t=1733838013'),
(74, 'https://shared.fastly.steamstatic.com/store_item_assets/steam/apps/284160/ss_05f195d92421e71e7f0e1ce81420f8a1b6f2ce28.1920x1080.jpg?t=1733838013'),
(74, 'https://shared.fastly.steamstatic.com/store_item_assets/steam/apps/284160/ss_cef50bccea4a8d67bb1228937f0231d91d32d4af.1920x1080.jpg?t=1733838013'),
(74, 'https://shared.fastly.steamstatic.com/store_item_assets/steam/apps/284160/ss_4a7ebbd491e3520bd81c4e001a310c56fbb33053.1920x1080.jpg?t=1733838013'),
(74, 'https://shared.fastly.steamstatic.com/store_item_assets/steam/apps/284160/ss_82d3a9a113b92162377ed60ab0cf208d1ec5bded.1920x1080.jpg?t=1733838013');

INSERT INTO product_videos (product_id, mp4, webm, thumbnail) VALUES
(74, 'https://video.fastly.steamstatic.com/store_trailers/257056227/movie480.mp4?t=1726679700', 'https://video.fastly.steamstatic.com/store_trailers/257056227/movie480_vp9.webm?t=1726679700', 'https://shared.fastly.steamstatic.com/store_item_assets/steam/apps/257056227/movie.293x165.jpg?t=1726679700'),
(74, 'https://video.fastly.steamstatic.com/store_trailers/256985226/movie480.mp4?t=1702416467', 'https://video.fastly.steamstatic.com/store_trailers/256985226/movie480_vp9.webm?t=1702416467', 'https://shared.fastly.steamstatic.com/store_item_assets/steam/apps/256985226/movie.293x165.jpg?t=1702416467'),
(74, 'https://video.fastly.steamstatic.com/store_trailers/256770596/movie480.mp4?t=1576834314', 'https://video.fastly.steamstatic.com/store_trailers/256770596/movie480.webm?t=1576834314', 'https://shared.fastly.steamstatic.com/store_item_assets/steam/apps/256770596/movie.293x165.jpg?t=1576834314'),
(74, 'https://video.fastly.steamstatic.com/store_trailers/256770600/movie480.mp4?t=1576834355', 'https://video.fastly.steamstatic.com/store_trailers/256770600/movie480.webm?t=1576834355', 'https://shared.fastly.steamstatic.com/store_item_assets/steam/apps/256770600/movie.293x165.jpg?t=1576834355'),
(74, 'https://video.fastly.steamstatic.com/store_trailers/256770602/movie480.mp4?t=1576847856', 'https://video.fastly.steamstatic.com/store_trailers/256770602/movie480.webm?t=1576847856', 'https://shared.fastly.steamstatic.com/store_item_assets/steam/apps/256770602/movie.293x165.jpg?t=1576847856'),
(74, 'https://video.fastly.steamstatic.com/store_trailers/256770598/movie480.mp4?t=1576834364', 'https://video.fastly.steamstatic.com/store_trailers/256770598/movie480.webm?t=1576834364', 'https://shared.fastly.steamstatic.com/store_item_assets/steam/apps/256770598/movie.293x165.jpg?t=1576834364');

INSERT INTO products (id, title, type, description, price, discount, discountStartDate, discountEndDate, releaseDate, rating, isActive, headerImage)
VALUES (75, 'MIR4', 'Game', 'MIR4 is a free-to-play open world K-fantasy MMORPG that can be cross-played on both PC and mobile devices. MIR4 is full of action and features numerous large scale clan PVP battles. Join now and become a legend.', 0, 0, NULL, NULL, '2021-08-25', 0, TRUE, 'https://shared.fastly.steamstatic.com/store_item_assets/steam/apps/1623660/header.jpg?t=1720200587');

INSERT INTO product_developers (product_id, developer) VALUES
(75, 'Wemade Next');

INSERT INTO product_publishers (product_id, publisher) VALUES
(75, 'Wemade');

INSERT INTO product_platforms (product_id, platform) VALUES
(75, 'Windows');

INSERT INTO product_genres (product_id, genre) VALUES
(75, 'Action'),
(75, 'Adventure'),
(75, 'Massively Multiplayer'),
(75, 'RPG'),
(75, 'Free To Play');

INSERT INTO product_tags (product_id, tag) VALUES
(75, 'PvE'),
(75, 'MMORPG'),
(75, 'PvP'),
(75, 'RPG'),
(75, 'Martial Arts'),
(75, 'Demons'),
(75, 'Open World'),
(75, 'Action RPG'),
(75, 'Action'),
(75, 'Fantasy'),
(75, 'Hunting'),
(75, '3D'),
(75, 'Trading'),
(75, 'Third Person'),
(75, 'Massively Multiplayer'),
(75, 'War'),
(75, 'Economy'),
(75, 'Lore-Rich'),
(75, 'Magic'),
(75, 'Foreign');

INSERT INTO product_features (product_id, feature) VALUES
(75, 'MMO'),
(75, 'Online PvP'),
(75, 'Online Co-op'),
(75, 'Cross-Platform Multiplayer'),
(75, 'In-App Purchases');

INSERT INTO product_system_requirements (product_id, platform, title, minimum, recommended) VALUES (75, 'win', 'OS', '', 'Windows 10 64-bit');

INSERT INTO product_system_requirements (product_id, platform, title, minimum, recommended) VALUES (75, 'win', 'Processor', 'Intel® Core™ i5-5200U 2.2Hz', 'Intel® Core™ i5-6200U 2.3Hz');

INSERT INTO product_system_requirements (product_id, platform, title, minimum, recommended) VALUES (75, 'win', 'Memory', '4 GB RAM', '16 GB RAM');

INSERT INTO product_system_requirements (product_id, platform, title, minimum, recommended) VALUES (75, 'win', 'Graphics', 'Nvidia GTX 650 / AMD Radeon 530', 'Nvidia GTX 950 / AMD Radeon 560');

INSERT INTO product_system_requirements (product_id, platform, title, minimum, recommended) VALUES (75, 'win', 'DirectX', 'Version 11', 'Version 11');

INSERT INTO product_system_requirements (product_id, platform, title, minimum, recommended) VALUES (75, 'win', 'Network', 'Broadband Internet connection', 'Broadband Internet connection');

INSERT INTO product_system_requirements (product_id, platform, title, minimum, recommended) VALUES (75, 'win', 'Storage', '10 GB available space', '10 GB available space');

INSERT INTO product_system_requirements (product_id, platform, title, minimum, recommended) VALUES (75, 'win', 'Additional Notes', '', '');

INSERT INTO product_screenshots (product_id, screenshot) VALUES
(75, 'https://shared.fastly.steamstatic.com/store_item_assets/steam/apps/1623660/ss_636477400c411bbf6b5981a5ac4321f7f1befe42.1920x1080.jpg?t=1720200587'),
(75, 'https://shared.fastly.steamstatic.com/store_item_assets/steam/apps/1623660/ss_8d4b8285eee44b2ac257960940ea6824faccb378.1920x1080.jpg?t=1720200587'),
(75, 'https://shared.fastly.steamstatic.com/store_item_assets/steam/apps/1623660/ss_235ad104e85dea002d8d2bac9637dc228f6a8d01.1920x1080.jpg?t=1720200587'),
(75, 'https://shared.fastly.steamstatic.com/store_item_assets/steam/apps/1623660/ss_919acd38fa8ae1cf11a6278206f209c95ab71536.1920x1080.jpg?t=1720200587'),
(75, 'https://shared.fastly.steamstatic.com/store_item_assets/steam/apps/1623660/ss_18cb5e0f3b511c6aeb75c806b6488fac5c781c8c.1920x1080.jpg?t=1720200587');

INSERT INTO product_videos (product_id, mp4, webm, thumbnail) VALUES
(75, 'https://video.fastly.steamstatic.com/store_trailers/256845592/movie480.mp4?t=1628184133', 'https://video.fastly.steamstatic.com/store_trailers/256845592/movie480_vp9.webm?t=1628184133', 'https://shared.fastly.steamstatic.com/store_item_assets/steam/apps/256845592/movie.293x165.jpg?t=1628184133'),
(75, 'https://video.fastly.steamstatic.com/store_trailers/256849761/movie480.mp4?t=1630891810', 'https://video.fastly.steamstatic.com/store_trailers/256849761/movie480_vp9.webm?t=1630891810', 'https://shared.fastly.steamstatic.com/store_item_assets/steam/apps/256849761/movie.293x165.jpg?t=1630891810'),
(75, 'https://video.fastly.steamstatic.com/store_trailers/256849767/movie480.mp4?t=1630891819', 'https://video.fastly.steamstatic.com/store_trailers/256849767/movie480_vp9.webm?t=1630891819', 'https://shared.fastly.steamstatic.com/store_item_assets/steam/apps/256849767/movie.293x165.jpg?t=1630891819'),
(75, 'https://video.fastly.steamstatic.com/store_trailers/256849776/movie480.mp4?t=1630891828', 'https://video.fastly.steamstatic.com/store_trailers/256849776/movie480_vp9.webm?t=1630891828', 'https://shared.fastly.steamstatic.com/store_item_assets/steam/apps/256849776/movie.293x165.jpg?t=1630891828'),
(75, 'https://video.fastly.steamstatic.com/store_trailers/256849777/movie480.mp4?t=1630891835', 'https://video.fastly.steamstatic.com/store_trailers/256849777/movie480_vp9.webm?t=1630891835', 'https://shared.fastly.steamstatic.com/store_item_assets/steam/apps/256849777/movie.293x165.jpg?t=1630891835'),
(75, 'https://video.fastly.steamstatic.com/store_trailers/256849778/movie480.mp4?t=1630892140', 'https://video.fastly.steamstatic.com/store_trailers/256849778/movie480_vp9.webm?t=1630892140', 'https://shared.fastly.steamstatic.com/store_item_assets/steam/apps/256849778/movie.293x165.jpg?t=1630892140');

INSERT INTO products (id, title, type, description, price, discount, discountStartDate, discountEndDate, releaseDate, rating, isActive, headerImage)
VALUES (76, 'Eternal Return', 'Game', 'Eternal Return is a free-to-play, 2.5D perspective Battle Royale game. Search, Craft, Hunt, and Fight using a variety of characters. Plan your strategy and become the last survivor on this eternal experiment.', 0, 0, NULL, NULL, '2023-07-20', 0, TRUE, 'https://shared.fastly.steamstatic.com/store_item_assets/steam/apps/1049590/header.jpg?t=1733388921');

INSERT INTO product_developers (product_id, developer) VALUES
(76, 'Nimble Neuron');

INSERT INTO product_publishers (product_id, publisher) VALUES
(76, 'Nimble Neuron'),
(76, 'SapStaR Games');

INSERT INTO product_platforms (product_id, platform) VALUES
(76, 'Windows');

INSERT INTO product_genres (product_id, genre) VALUES
(76, 'Indie'),
(76, 'Strategy'),
(76, 'Free To Play');

INSERT INTO product_tags (product_id, tag) VALUES
(76, 'Free to Play'),
(76, 'Anime'),
(76, 'Multiplayer'),
(76, 'MOBA'),
(76, 'Survival'),
(76, 'PvP'),
(76, 'Sexual Content'),
(76, 'Combat'),
(76, 'Top-Down'),
(76, 'Action'),
(76, 'Crafting'),
(76, '3D'),
(76, 'Strategy'),
(76, 'Tactical'),
(76, 'Character Customization'),
(76, 'MMORPG'),
(76, 'Indie'),
(76, 'eSports'),
(76, 'Point & Click'),
(76, 'Real Time Tactics');

INSERT INTO product_features (product_id, feature) VALUES
(76, 'Online PvP'),
(76, 'Steam Trading Cards'),
(76, 'In-App Purchases');

INSERT INTO product_system_requirements (product_id, platform, title, minimum, recommended) VALUES (76, 'win', 'OS', 'WINDOWS® 10 (64Bit)', 'WINDOWS® 10 (64Bit)');

INSERT INTO product_system_requirements (product_id, platform, title, minimum, recommended) VALUES (76, 'win', 'Processor', 'Intel Core i3-3225, AMD FX-4350', 'Intel Core i5-6600K , AMD Ryzen 5 1600');

INSERT INTO product_system_requirements (product_id, platform, title, minimum, recommended) VALUES (76, 'win', 'Memory', '8 GB RAM', '16 GB RAM');

INSERT INTO product_system_requirements (product_id, platform, title, minimum, recommended) VALUES (76, 'win', 'Graphics', 'NVIDIA GeForce GTX 660, ATI Radeon HD 7850', 'NVIDIA GeForce GTX 1060 , AMD Radeon RX 580');

INSERT INTO product_system_requirements (product_id, platform, title, minimum, recommended) VALUES (76, 'win', 'DirectX', 'Version 11', 'Version 11');

INSERT INTO product_system_requirements (product_id, platform, title, minimum, recommended) VALUES (76, 'win', 'Network', 'Broadband Internet connection', 'Broadband Internet connection');

INSERT INTO product_system_requirements (product_id, platform, title, minimum, recommended) VALUES (76, 'win', 'Storage', '15 GB available space', '20 GB available space');

INSERT INTO product_system_requirements (product_id, platform, title, minimum, recommended) VALUES (76, 'win', 'Additional Notes', '', 'Installing the game on an SSD improves loading times.');

INSERT INTO product_screenshots (product_id, screenshot) VALUES
(76, 'https://shared.fastly.steamstatic.com/store_item_assets/steam/apps/1049590/ss_7c4c293eb9a9bfed4e7cc1cd51eec947fd968eac.1920x1080.jpg?t=1733388921'),
(76, 'https://shared.fastly.steamstatic.com/store_item_assets/steam/apps/1049590/ss_977bd2ef21862d4eaafec2f4768989a95c5b2639.1920x1080.jpg?t=1733388921'),
(76, 'https://shared.fastly.steamstatic.com/store_item_assets/steam/apps/1049590/ss_6044c503e3564e7e6a8e9926a584668a5a0cb9e8.1920x1080.jpg?t=1733388921'),
(76, 'https://shared.fastly.steamstatic.com/store_item_assets/steam/apps/1049590/ss_cabfa014376fbdc4f9c4147013714f2bfa089c85.1920x1080.jpg?t=1733388921'),
(76, 'https://shared.fastly.steamstatic.com/store_item_assets/steam/apps/1049590/ss_dd9fc9916274bce7ff7c5e576afe51f99dfa850a.1920x1080.jpg?t=1733388921');

INSERT INTO product_videos (product_id, mp4, webm, thumbnail) VALUES
(76, 'https://video.fastly.steamstatic.com/store_trailers/256978353/movie480.mp4?t=1719284596', 'https://video.fastly.steamstatic.com/store_trailers/256978353/movie480_vp9.webm?t=1719284596', 'https://shared.fastly.steamstatic.com/store_item_assets/steam/apps/256978353/movie.293x165.jpg?t=1719284596'),
(76, 'https://video.fastly.steamstatic.com/store_trailers/257025015/movie480.mp4?t=1733366498', 'https://video.fastly.steamstatic.com/store_trailers/257025015/movie480_vp9.webm?t=1733366498', 'https://shared.fastly.steamstatic.com/store_item_assets/steam/apps/257025015/9504a1702311e35f3af877bcf24a9fb7a7a295ef/movie_600x337.jpg?t=1733366498'),
(76, 'https://video.fastly.steamstatic.com/store_trailers/257071807/movie480.mp4?t=1731057281', 'https://video.fastly.steamstatic.com/store_trailers/257071807/movie480_vp9.webm?t=1731057281', 'https://shared.fastly.steamstatic.com/store_item_assets/steam/apps/257071807/9e4b20f0525bb2d9e3aa9946bc5fa77694d6c6b1/movie_600x337.jpg?t=1731057281');

INSERT INTO products (id, title, type, description, price, discount, discountStartDate, discountEndDate, releaseDate, rating, isActive, headerImage)
VALUES (77, 'Sons Of The Forest', 'Game', 'Sent to find a missing billionaire on a remote island, you find yourself in a cannibal-infested hellscape. Craft, build, and struggle to survive, alone or with friends, in this terrifying new open-world survival horror simulator.', 29.99, 0, NULL, NULL, '2024-02-23', 0, TRUE, 'https://shared.fastly.steamstatic.com/store_item_assets/steam/apps/1326470/header.jpg?t=1708624856');

INSERT INTO product_developers (product_id, developer) VALUES
(77, 'Endnight Games Ltd');

INSERT INTO product_publishers (product_id, publisher) VALUES
(77, 'Newnight');

INSERT INTO product_platforms (product_id, platform) VALUES
(77, 'Windows');

INSERT INTO product_genres (product_id, genre) VALUES
(77, 'Action'),
(77, 'Adventure'),
(77, 'Indie'),
(77, 'Simulation');

INSERT INTO product_tags (product_id, tag) VALUES
(77, 'Survival'),
(77, 'Open World'),
(77, 'Multiplayer'),
(77, 'Co-op'),
(77, 'Survival Horror'),
(77, 'Base Building'),
(77, 'Horror'),
(77, 'Crafting'),
(77, 'First-Person'),
(77, 'Exploration'),
(77, 'Building'),
(77, 'Adventure'),
(77, 'Singleplayer'),
(77, 'Atmospheric'),
(77, 'Action-Adventure'),
(77, 'Sandbox'),
(77, 'Action'),
(77, 'Simulation'),
(77, 'Immersive Sim'),
(77, 'Early Access');

INSERT INTO product_features (product_id, feature) VALUES
(77, 'Single-player'),
(77, 'Online Co-op'),
(77, 'Steam Achievements'),
(77, 'Steam Cloud'),
(77, 'Family Sharing');

INSERT INTO product_system_requirements (product_id, platform, title, minimum, recommended) VALUES (77, 'win', 'OS', '64-bit Windows 10', '64-bit Windows 10');

INSERT INTO product_system_requirements (product_id, platform, title, minimum, recommended) VALUES (77, 'win', 'Processor', 'INTEL CORE I5-8400 or AMD RYZEN 3 3300X', 'INTEL CORE I7-8700K or AMD RYZEN 5 3600X');

INSERT INTO product_system_requirements (product_id, platform, title, minimum, recommended) VALUES (77, 'win', 'Memory', '12 GB RAM', '16 GB RAM');

INSERT INTO product_system_requirements (product_id, platform, title, minimum, recommended) VALUES (77, 'win', 'Graphics', 'NVIDIA GeForce GTX 1060 3GB or AMD Radeon RX 570 4GB', 'NVIDIA GeForce 1080Ti  or AMD Radeon RX 5700 XT');

INSERT INTO product_system_requirements (product_id, platform, title, minimum, recommended) VALUES (77, 'win', 'DirectX', 'Version 11', 'Version 11');

INSERT INTO product_system_requirements (product_id, platform, title, minimum, recommended) VALUES (77, 'win', 'Network', '', '');

INSERT INTO product_system_requirements (product_id, platform, title, minimum, recommended) VALUES (77, 'win', 'Storage', '20 GB available space', '20 GB available space');

INSERT INTO product_system_requirements (product_id, platform, title, minimum, recommended) VALUES (77, 'win', 'Additional Notes', 'SSD (Preferred)', 'SSD (Preferred)');

INSERT INTO product_screenshots (product_id, screenshot) VALUES
(77, 'https://shared.fastly.steamstatic.com/store_item_assets/steam/apps/1326470/ss_e6e3ab1badfb287a77fb6eef7b1589a35371496b.1920x1080.jpg?t=1708624856'),
(77, 'https://shared.fastly.steamstatic.com/store_item_assets/steam/apps/1326470/ss_4fa5d260318f0aa37754b00c5dc10d1b7b9b9b1d.1920x1080.jpg?t=1708624856'),
(77, 'https://shared.fastly.steamstatic.com/store_item_assets/steam/apps/1326470/ss_2b67491ca913adea6953429e1a567824aaa0ed54.1920x1080.jpg?t=1708624856'),
(77, 'https://shared.fastly.steamstatic.com/store_item_assets/steam/apps/1326470/ss_ba2c1f6e69c6c7d69f7965cbd4b78da59ec59d55.1920x1080.jpg?t=1708624856'),
(77, 'https://shared.fastly.steamstatic.com/store_item_assets/steam/apps/1326470/ss_2c537a8c689dd6b21643b8054a64646334ef7391.1920x1080.jpg?t=1708624856'),
(77, 'https://shared.fastly.steamstatic.com/store_item_assets/steam/apps/1326470/ss_b05310f659a67129e9089fbb22e445b0998d6d1d.1920x1080.jpg?t=1708624856'),
(77, 'https://shared.fastly.steamstatic.com/store_item_assets/steam/apps/1326470/ss_80a67c430a5f5e2e2f9a243aac4c63d990079252.1920x1080.jpg?t=1708624856'),
(77, 'https://shared.fastly.steamstatic.com/store_item_assets/steam/apps/1326470/ss_6f0f7bfcdbc556142b42c9b1411dd28a64d45623.1920x1080.jpg?t=1708624856'),
(77, 'https://shared.fastly.steamstatic.com/store_item_assets/steam/apps/1326470/ss_b55ee5728556d1b52135af967ff5f6c58f64daf6.1920x1080.jpg?t=1708624856'),
(77, 'https://shared.fastly.steamstatic.com/store_item_assets/steam/apps/1326470/ss_9d1b215bc41b2fc152e68c045c7b9a4d288d2464.1920x1080.jpg?t=1708624856'),
(77, 'https://shared.fastly.steamstatic.com/store_item_assets/steam/apps/1326470/ss_91907210b074b66131d5dd556206f8be7715302b.1920x1080.jpg?t=1708624856');

INSERT INTO product_videos (product_id, mp4, webm, thumbnail) VALUES
(77, 'https://video.fastly.steamstatic.com/store_trailers/256932123/movie480.mp4?t=1677175226', 'https://video.fastly.steamstatic.com/store_trailers/256932123/movie480_vp9.webm?t=1677175226', 'https://shared.fastly.steamstatic.com/store_item_assets/steam/apps/256932123/movie.293x165.jpg?t=1677175226'),
(77, 'https://video.fastly.steamstatic.com/store_trailers/256880856/movie480.mp4?t=1651692528', 'https://video.fastly.steamstatic.com/store_trailers/256880856/movie480_vp9.webm?t=1651692528', 'https://shared.fastly.steamstatic.com/store_item_assets/steam/apps/256880856/movie.293x165.jpg?t=1651692528'),
(77, 'https://video.fastly.steamstatic.com/store_trailers/256880855/movie480.mp4?t=1651692533', 'https://video.fastly.steamstatic.com/store_trailers/256880855/movie480_vp9.webm?t=1651692533', 'https://shared.fastly.steamstatic.com/store_item_assets/steam/apps/256880855/movie.293x165.jpg?t=1651692533'),
(77, 'https://video.fastly.steamstatic.com/store_trailers/256880852/movie480.mp4?t=1651692538', 'https://video.fastly.steamstatic.com/store_trailers/256880852/movie480_vp9.webm?t=1651692538', 'https://shared.fastly.steamstatic.com/store_item_assets/steam/apps/256880852/movie.293x165.jpg?t=1651692538');

INSERT INTO products (id, title, type, description, price, discount, discountStartDate, discountEndDate, releaseDate, rating, isActive, headerImage)
VALUES (78, 'S.T.A.L.K.E.R. 2: Heart of Chornobyl', 'Game', 'Discover the vast Chornobyl Exclusion Zone full of dangerous enemies, deadly anomalies and powerful artifacts. Unveil your own epic story as you make your way to the Heart of Chornobyl. Make your choices wisely, as they will determine your fate in the end.', 59.99, 0, NULL, NULL, '2024-11-20', 0, TRUE, 'https://shared.fastly.steamstatic.com/store_item_assets/steam/apps/1643320/header.jpg?t=1736770066');

INSERT INTO product_developers (product_id, developer) VALUES
(78, 'GSC Game World');

INSERT INTO product_publishers (product_id, publisher) VALUES
(78, 'GSC Game World (worldwide)'),
(78, 'SEGA (Japan)'),
(78, '4divinity (China and South East Asia)');

INSERT INTO product_platforms (product_id, platform) VALUES
(78, 'Windows');

INSERT INTO product_genres (product_id, genre) VALUES
(78, 'Action'),
(78, 'Adventure'),
(78, 'RPG');

INSERT INTO product_tags (product_id, tag) VALUES
(78, 'Open World'),
(78, 'FPS'),
(78, 'Post-apocalyptic'),
(78, 'Survival'),
(78, 'Atmospheric'),
(78, 'Singleplayer'),
(78, 'Shooter'),
(78, 'Exploration'),
(78, 'RPG'),
(78, 'Story Rich'),
(78, 'Action'),
(78, 'First-Person'),
(78, 'Lore-Rich'),
(78, 'Nonlinear'),
(78, 'Sci-fi'),
(78, 'Multiple Endings'),
(78, 'Choices Matter'),
(78, 'Immersive Sim'),
(78, 'Realistic'),
(78, 'Cinematic');

INSERT INTO product_features (product_id, feature) VALUES
(78, 'Single-player'),
(78, 'Steam Achievements'),
(78, 'Steam Trading Cards'),
(78, 'Steam Cloud'),
(78, 'HDR available'),
(78, 'Family Sharing');

INSERT INTO product_system_requirements (product_id, platform, title, minimum, recommended) VALUES (78, 'win', 'OS', 'Windows 10 x64 / Windows 11 x64', 'Windows 10 x64 / Windows 11 x64');

INSERT INTO product_system_requirements (product_id, platform, title, minimum, recommended) VALUES (78, 'win', 'Processor', 'Intel Core i7-7700K / AMD Ryzen 5 1600X', 'Intel Core i7-11700 / AMD Ryzen 7 5800X');

INSERT INTO product_system_requirements (product_id, platform, title, minimum, recommended) VALUES (78, 'win', 'Memory', '16 GB RAM', '32 GB RAM');

INSERT INTO product_system_requirements (product_id, platform, title, minimum, recommended) VALUES (78, 'win', 'Graphics', 'Nvidia GeForce GTX 1060 6GB / AMD Radeon RX 580 8GB / Intel Arc A750', 'Nvidia GeForce RTX 3070 Ti / Nvidia GeForce RTX 4070 / AMD Radeon RX 6800 XT');

INSERT INTO product_system_requirements (product_id, platform, title, minimum, recommended) VALUES (78, 'win', 'DirectX', '', '');

INSERT INTO product_system_requirements (product_id, platform, title, minimum, recommended) VALUES (78, 'win', 'Network', '', '');

INSERT INTO product_system_requirements (product_id, platform, title, minimum, recommended) VALUES (78, 'win', 'Storage', '160 GB available space', '160 GB available space');

INSERT INTO product_system_requirements (product_id, platform, title, minimum, recommended) VALUES (78, 'win', 'Additional Notes', '30. 16 GB Dual Channel RAM. SSD required. The listed specifications were evaluated using TSR and comparable technologies.', '60. 32 GB Dual Channel RAM. SSD required. The above specifications were tested with TSR, DLSS, FSR and XeSS.');

INSERT INTO product_screenshots (product_id, screenshot) VALUES
(78, 'https://shared.fastly.steamstatic.com/store_item_assets/steam/apps/1643320/ss_b26b36c06b2e1bb637d616c7b0a2226c18e3d467.1920x1080.jpg?t=1736770066'),
(78, 'https://shared.fastly.steamstatic.com/store_item_assets/steam/apps/1643320/ss_8589bf4f88762910952fd0f1c3f6072d31f27aad.1920x1080.jpg?t=1736770066'),
(78, 'https://shared.fastly.steamstatic.com/store_item_assets/steam/apps/1643320/ss_8d05d42210c72480ca9124af1f5e37c72d0b8616.1920x1080.jpg?t=1736770066'),
(78, 'https://shared.fastly.steamstatic.com/store_item_assets/steam/apps/1643320/ss_9e6718fbf965951c519a1fbe300bcfce85b2ea2f.1920x1080.jpg?t=1736770066'),
(78, 'https://shared.fastly.steamstatic.com/store_item_assets/steam/apps/1643320/ss_f58915a4b031270732320aaba0f6905c50ed14c3.1920x1080.jpg?t=1736770066'),
(78, 'https://shared.fastly.steamstatic.com/store_item_assets/steam/apps/1643320/ss_33db24b3dddd9e823e6556a739141c3f9ffd45e8.1920x1080.jpg?t=1736770066'),
(78, 'https://shared.fastly.steamstatic.com/store_item_assets/steam/apps/1643320/ss_3e81b58486b73000a8e3fde80c6843d6215bedef.1920x1080.jpg?t=1736770066'),
(78, 'https://shared.fastly.steamstatic.com/store_item_assets/steam/apps/1643320/ss_1fe5db2c19c1deb43e442149760327db8b6876bd.1920x1080.jpg?t=1736770066'),
(78, 'https://shared.fastly.steamstatic.com/store_item_assets/steam/apps/1643320/ss_3d1db6aef02f006c4876ab6c5286128a411b93c8.1920x1080.jpg?t=1736770066'),
(78, 'https://shared.fastly.steamstatic.com/store_item_assets/steam/apps/1643320/ss_391a21364954e497894310f1980947ebf6f3182b.1920x1080.jpg?t=1736770066'),
(78, 'https://shared.fastly.steamstatic.com/store_item_assets/steam/apps/1643320/ss_bb0366c211125a7cfeeafe14d34f4acb20efc706.1920x1080.jpg?t=1736770066');

INSERT INTO product_videos (product_id, mp4, webm, thumbnail) VALUES
(78, 'https://video.fastly.steamstatic.com/store_trailers/257075022/movie480.mp4?t=1732112495', 'https://video.fastly.steamstatic.com/store_trailers/257075022/movie480_vp9.webm?t=1732112495', 'https://shared.fastly.steamstatic.com/store_item_assets/steam/apps/257075022/be01eefeeffd72586834c2bcc1c91c1305a24480/movie_600x337.jpg?t=1732112495'),
(78, 'https://video.fastly.steamstatic.com/store_trailers/257073840/movie480.mp4?t=1731619641', 'https://video.fastly.steamstatic.com/store_trailers/257073840/movie480_vp9.webm?t=1731619641', 'https://shared.fastly.steamstatic.com/store_item_assets/steam/apps/257073840/76bd634411af126597ade543e402969a23eb855e/movie_600x337.jpg?t=1731619641'),
(78, 'https://video.fastly.steamstatic.com/store_trailers/257065836/movie480.mp4?t=1730568120', 'https://video.fastly.steamstatic.com/store_trailers/257065836/movie480_vp9.webm?t=1730568120', 'https://shared.fastly.steamstatic.com/store_item_assets/steam/apps/257065836/ac3347eb639520ffc016c60dff75d7b93a8349b1/movie_600x337.jpg?t=1730568120'),
(78, 'https://video.fastly.steamstatic.com/store_trailers/257030165/movie480.mp4?t=1718087413', 'https://video.fastly.steamstatic.com/store_trailers/257030165/movie480_vp9.webm?t=1718087413', 'https://shared.fastly.steamstatic.com/store_item_assets/steam/apps/257030165/movie.293x165.jpg?t=1718087413'),
(78, 'https://video.fastly.steamstatic.com/store_trailers/256923250/movie480.mp4?t=1705420839', 'https://video.fastly.steamstatic.com/store_trailers/256923250/movie480_vp9.webm?t=1705420839', 'https://shared.fastly.steamstatic.com/store_item_assets/steam/apps/256923250/movie.293x165.jpg?t=1705420839'),
(78, 'https://video.fastly.steamstatic.com/store_trailers/256994352/movie480.mp4?t=1730568124', 'https://video.fastly.steamstatic.com/store_trailers/256994352/movie480_vp9.webm?t=1730568124', 'https://shared.fastly.steamstatic.com/store_item_assets/steam/apps/256994352/movie.293x165.jpg?t=1730568124');

INSERT INTO products (id, title, type, description, price, discount, discountStartDate, discountEndDate, releaseDate, rating, isActive, headerImage)
VALUES (79, '鬼谷八荒 Tale of Immortal', 'Game', 'Tale of Immortal is an open-world sandbox based on Chinese mythology and cultivation. You will grow to become immortal, conquer the beasts from the Classic of Mountains and Season, make your choices carefully and grasp your own destiny.', 19.99, 0, NULL, NULL, '2023-05-26', 0, TRUE, 'https://shared.fastly.steamstatic.com/store_item_assets/steam/apps/1468810/header.jpg?t=1735812680');

INSERT INTO product_developers (product_id, developer) VALUES
(79, '鬼谷工作室');

INSERT INTO product_publishers (product_id, publisher) VALUES
(79, '鬼谷工作室'),
(79, 'Lightning Games');

INSERT INTO product_platforms (product_id, platform) VALUES
(79, 'Windows');

INSERT INTO product_genres (product_id, genre) VALUES
(79, 'Action'),
(79, 'Adventure'),
(79, 'Indie'),
(79, 'RPG'),
(79, 'Simulation');

INSERT INTO product_tags (product_id, tag) VALUES
(79, 'Management'),
(79, 'Singleplayer'),
(79, 'Simulation'),
(79, 'Mythology'),
(79, 'Tactical RPG'),
(79, 'Sandbox'),
(79, 'RPG'),
(79, 'Choose Your Own Adventure'),
(79, 'Dating Sim'),
(79, 'Action'),
(79, 'Adventure'),
(79, 'Exploration'),
(79, '2D'),
(79, 'Hack and Slash'),
(79, 'Story Rich'),
(79, 'Action RPG'),
(79, 'Procedural Generation'),
(79, 'Hand-drawn'),
(79, 'Action-Adventure'),
(79, 'Strategy RPG');

INSERT INTO product_features (product_id, feature) VALUES
(79, 'Single-player'),
(79, 'Steam Achievements'),
(79, 'Steam Workshop'),
(79, 'Steam Cloud'),
(79, 'Remote Play on Tablet'),
(79, 'Family Sharing');

INSERT INTO product_system_requirements (product_id, platform, title, minimum, recommended) VALUES (79, 'win', 'OS', '', '');

INSERT INTO product_system_requirements (product_id, platform, title, minimum, recommended) VALUES (79, 'win', 'Processor', '', '');

INSERT INTO product_system_requirements (product_id, platform, title, minimum, recommended) VALUES (79, 'win', 'Memory', '', '');

INSERT INTO product_system_requirements (product_id, platform, title, minimum, recommended) VALUES (79, 'win', 'Graphics', '', '');

INSERT INTO product_system_requirements (product_id, platform, title, minimum, recommended) VALUES (79, 'win', 'DirectX', '', '');

INSERT INTO product_system_requirements (product_id, platform, title, minimum, recommended) VALUES (79, 'win', 'Network', '', '');

INSERT INTO product_system_requirements (product_id, platform, title, minimum, recommended) VALUES (79, 'win', 'Storage', '', '');

INSERT INTO product_system_requirements (product_id, platform, title, minimum, recommended) VALUES (79, 'win', 'Additional Notes', '', '');

INSERT INTO product_screenshots (product_id, screenshot) VALUES
(79, 'https://shared.fastly.steamstatic.com/store_item_assets/steam/apps/1468810/ss_7c70bc3bdba8adca87c229ed1a2ad15a36ec2573.1920x1080.jpg?t=1735812680'),
(79, 'https://shared.fastly.steamstatic.com/store_item_assets/steam/apps/1468810/ss_200cb2792ed1a75d17dc2d3be788a8ccaff402e4.1920x1080.jpg?t=1735812680'),
(79, 'https://shared.fastly.steamstatic.com/store_item_assets/steam/apps/1468810/ss_08b2e18dbb11333791d35fed9338a6e6eedd923a.1920x1080.jpg?t=1735812680'),
(79, 'https://shared.fastly.steamstatic.com/store_item_assets/steam/apps/1468810/ss_c1701379f00439e2299ba6300b9c2b79f9cc6b6e.1920x1080.jpg?t=1735812680'),
(79, 'https://shared.fastly.steamstatic.com/store_item_assets/steam/apps/1468810/ss_384be3165b1783df88108e98036345f33bbe6f03.1920x1080.jpg?t=1735812680'),
(79, 'https://shared.fastly.steamstatic.com/store_item_assets/steam/apps/1468810/ss_27ea26e3b6d1994e9191f4ef8ec3a143bde5751b.1920x1080.jpg?t=1735812680'),
(79, 'https://shared.fastly.steamstatic.com/store_item_assets/steam/apps/1468810/ss_26952dfdb97a824fac7d9c965c2dbd441c0acb5f.1920x1080.jpg?t=1735812680'),
(79, 'https://shared.fastly.steamstatic.com/store_item_assets/steam/apps/1468810/ss_c23c5f387299c9f1d310cf940b56ce1f73ef0492.1920x1080.jpg?t=1735812680'),
(79, 'https://shared.fastly.steamstatic.com/store_item_assets/steam/apps/1468810/ss_50b8ca4426afd14b5d833720379e1cae447b3ad2.1920x1080.jpg?t=1735812680'),
(79, 'https://shared.fastly.steamstatic.com/store_item_assets/steam/apps/1468810/ss_51db7d9662052c2a6adac07234469780437620a4.1920x1080.jpg?t=1735812680'),
(79, 'https://shared.fastly.steamstatic.com/store_item_assets/steam/apps/1468810/ss_cdce5a4b3a09440bf9b70a975ac8ba043e96bfad.1920x1080.jpg?t=1735812680'),
(79, 'https://shared.fastly.steamstatic.com/store_item_assets/steam/apps/1468810/ss_22b0e1c174649ced651afd9c09208b03c896cb78.1920x1080.jpg?t=1735812680'),
(79, 'https://shared.fastly.steamstatic.com/store_item_assets/steam/apps/1468810/ss_26952dfdb97a824fac7d9c965c2dbd441c0acb5f.1920x1080.jpg?t=1735812680'),
(79, 'https://shared.fastly.steamstatic.com/store_item_assets/steam/apps/1468810/ss_853c0fe4bf8190adc95736d5d7a0a6b8f7dc4a90.1920x1080.jpg?t=1735812680'),
(79, 'https://shared.fastly.steamstatic.com/store_item_assets/steam/apps/1468810/ss_0a531795c0dba88c9c1cf0a020b1ecf6731719a8.1920x1080.jpg?t=1735812680');

INSERT INTO product_videos (product_id, mp4, webm, thumbnail) VALUES
(79, 'https://video.fastly.steamstatic.com/store_trailers/257083472/movie480.mp4?t=1734606773', 'https://video.fastly.steamstatic.com/store_trailers/257083472/movie480_vp9.webm?t=1734606773', 'https://shared.fastly.steamstatic.com/store_item_assets/steam/apps/257083472/526347b6e7c9e6f27e2aa0fb71fb999eb688de04/movie_600x337.jpg?t=1734606773'),
(79, 'https://video.fastly.steamstatic.com/store_trailers/256947330/movie480.mp4?t=1684322946', 'https://video.fastly.steamstatic.com/store_trailers/256947330/movie480_vp9.webm?t=1684322946', 'https://shared.fastly.steamstatic.com/store_item_assets/steam/apps/256947330/movie.293x165.jpg?t=1684322946'),
(79, 'https://video.fastly.steamstatic.com/store_trailers/256849529/movie480.mp4?t=1630647341', 'https://video.fastly.steamstatic.com/store_trailers/256849529/movie480_vp9.webm?t=1630647341', 'https://shared.fastly.steamstatic.com/store_item_assets/steam/apps/256849529/movie.293x165.jpg?t=1630647341'),
(79, 'https://video.fastly.steamstatic.com/store_trailers/256910281/movie480.mp4?t=1684322971', 'https://video.fastly.steamstatic.com/store_trailers/256910281/movie480_vp9.webm?t=1684322971', 'https://shared.fastly.steamstatic.com/store_item_assets/steam/apps/256910281/movie.293x165.jpg?t=1684322971'),
(79, 'https://video.fastly.steamstatic.com/store_trailers/256857000/movie480.mp4?t=1684322994', 'https://video.fastly.steamstatic.com/store_trailers/256857000/movie480_vp9.webm?t=1684322994', 'https://shared.fastly.steamstatic.com/store_item_assets/steam/apps/256857000/movie.293x165.jpg?t=1684322994'),
(79, 'https://video.fastly.steamstatic.com/store_trailers/256809207/movie480.mp4?t=1676444933', 'https://video.fastly.steamstatic.com/store_trailers/256809207/movie480_vp9.webm?t=1676444933', 'https://shared.fastly.steamstatic.com/store_item_assets/steam/apps/256809207/movie.293x165.jpg?t=1676444933');

INSERT INTO products (id, title, type, description, price, discount, discountStartDate, discountEndDate, releaseDate, rating, isActive, headerImage)
VALUES (80, 'OBS Studio', 'Game', 'Free and open-source software for video recording and live streaming', 0, 0, NULL, NULL, '2014-07-14', 0, TRUE, 'https://shared.fastly.steamstatic.com/store_item_assets/steam/apps/1905180/header.jpg?t=1733595297');

INSERT INTO product_developers (product_id, developer) VALUES
(80, 'OBS Project');

INSERT INTO product_publishers (product_id, publisher) VALUES
(80, 'OBS Project');

INSERT INTO product_platforms (product_id, platform) VALUES
(80, 'Windows');

INSERT INTO product_genres (product_id, genre) VALUES
(80, 'Utilities'),
(80, 'Video Production');

INSERT INTO product_tags (product_id, tag) VALUES
(80, 'Software'),
(80, 'Video Production'),
(80, 'Utilities'),
(80, 'Free to Play'),
(80, 'Audio Production'),
(80, 'Web Publishing'),
(80, 'Emotional'),
(80, 'Psychedelic'),
(80, 'Dark'),
(80, 'Capitalism'),
(80, 'Romance'),
(80, 'Perma Death'),
(80, 'Dark Humor'),
(80, 'VR'),
(80, 'Competitive'),
(80, 'eSports'),
(80, 'Dinosaurs'),
(80, 'Realistic'),
(80, 'Platformer'),
(80, 'Fantasy');

INSERT INTO product_system_requirements (product_id, platform, title, minimum, recommended) VALUES (80, 'win', 'OS', 'Windows 10 20H2 (64 bit)', 'Windows 11 (64 bit)');

INSERT INTO product_system_requirements (product_id, platform, title, minimum, recommended) VALUES (80, 'win', 'Processor', 'Intel i5 2500K, AMD Ryzen 1300X', 'Intel i7 8700K, AMD Ryzen 1600X');

INSERT INTO product_system_requirements (product_id, platform, title, minimum, recommended) VALUES (80, 'win', 'Memory', '4 GB RAM', '8 GB RAM');

INSERT INTO product_system_requirements (product_id, platform, title, minimum, recommended) VALUES (80, 'win', 'Graphics', 'GeForce GTX 900 Series, Radeon RX 400 Series, Intel HD Graphics 500', 'GeForce 10 Series, Radeon 5000 Series, Intel Xe');

INSERT INTO product_system_requirements (product_id, platform, title, minimum, recommended) VALUES (80, 'win', 'DirectX', 'Version 11', 'Version 11');

INSERT INTO product_system_requirements (product_id, platform, title, minimum, recommended) VALUES (80, 'win', 'Network', '', 'Broadband Internet connection');

INSERT INTO product_system_requirements (product_id, platform, title, minimum, recommended) VALUES (80, 'win', 'Storage', '600 MB available space', '600 MB available space');

INSERT INTO product_system_requirements (product_id, platform, title, minimum, recommended) VALUES (80, 'win', 'Additional Notes', 'Hardware encoders recommended', '');

INSERT INTO product_system_requirements (product_id, platform, title, minimum, recommended) VALUES (80, 'mac', 'OS', '11 or higher', '12.5 or higher');

INSERT INTO product_system_requirements (product_id, platform, title, minimum, recommended) VALUES (80, 'mac', 'Processor', 'Intel quad-core recommended', 'Intel quad-core or Apple Silicon (M1/M2)');

INSERT INTO product_system_requirements (product_id, platform, title, minimum, recommended) VALUES (80, 'mac', 'Memory', '4 GB RAM', '8 GB RAM');

INSERT INTO product_system_requirements (product_id, platform, title, minimum, recommended) VALUES (80, 'mac', 'Graphics', 'Intel or AMD', 'Intel, AMD, or Apple');

INSERT INTO product_system_requirements (product_id, platform, title, minimum, recommended) VALUES (80, 'mac', 'DirectX', '', '');

INSERT INTO product_system_requirements (product_id, platform, title, minimum, recommended) VALUES (80, 'mac', 'Network', '', 'Broadband Internet connection');

INSERT INTO product_system_requirements (product_id, platform, title, minimum, recommended) VALUES (80, 'mac', 'Storage', '800 MB available space', '800 MB available space');

INSERT INTO product_system_requirements (product_id, platform, title, minimum, recommended) VALUES (80, 'mac', 'Additional Notes', '', '');

INSERT INTO product_screenshots (product_id, screenshot) VALUES
(80, 'https://shared.fastly.steamstatic.com/store_item_assets/steam/apps/1905180/ss_aefa14f73426de7ae6be79876b1a8055b11291bc.1920x1080.jpg?t=1733595297'),
(80, 'https://shared.fastly.steamstatic.com/store_item_assets/steam/apps/1905180/ss_8375d65af3cc02a76613ddc32c09357731a5ef8c.1920x1080.jpg?t=1733595297'),
(80, 'https://shared.fastly.steamstatic.com/store_item_assets/steam/apps/1905180/ss_f7aa6c7a804e0a06ea5a9742a9afc15f637d498e.1920x1080.jpg?t=1733595297'),
(80, 'https://shared.fastly.steamstatic.com/store_item_assets/steam/apps/1905180/ss_f6e4120787729b94b8842d76a617c92bffcf51dc.1920x1080.jpg?t=1733595297'),
(80, 'https://shared.fastly.steamstatic.com/store_item_assets/steam/apps/1905180/ss_4c7b9eaef4a3dd148a1e7dcfc82afa4160e791ab.1920x1080.jpg?t=1733595297'),
(80, 'https://shared.fastly.steamstatic.com/store_item_assets/steam/apps/1905180/ss_1b6b52c758ca5b43eef0f8da3033f4825118f98e.1920x1080.jpg?t=1733595297');

INSERT INTO products (id, title, type, description, price, discount, discountStartDate, discountEndDate, releaseDate, rating, isActive, headerImage)
VALUES (81, 'Hunt: Showdown 1896', 'Game', 'Hunt: Showdown 1896 is a new era of the addictively unforgiving extraction shooter. In corrupted backwaters lost to history, fight back alone – or with friends – against timeless evil. Twisted monsters and other ruthless Hunters stand between you and your Bounty. Risk everything as Hunt consumes you', 29.99, 0, NULL, NULL, '2019-08-27', 0, TRUE, 'https://shared.fastly.steamstatic.com/store_item_assets/steam/apps/594650/header_alt_assets_20.jpg?t=1736759920');

INSERT INTO product_developers (product_id, developer) VALUES
(81, 'Crytek');

INSERT INTO product_publishers (product_id, publisher) VALUES
(81, 'Crytek');

INSERT INTO product_platforms (product_id, platform) VALUES
(81, 'Windows');

INSERT INTO product_genres (product_id, genre) VALUES
(81, 'Action');

INSERT INTO product_tags (product_id, tag) VALUES
(81, 'Open World'),
(81, 'Extraction Shooter'),
(81, 'Atmospheric'),
(81, 'Multiplayer'),
(81, 'Tactical'),
(81, 'FPS'),
(81, 'Perma Death'),
(81, 'Western'),
(81, 'PvP'),
(81, 'Shooter'),
(81, 'Horror'),
(81, 'Online Co-Op'),
(81, 'Survival Horror'),
(81, 'Co-op'),
(81, 'Difficult'),
(81, 'Battle Royale'),
(81, 'Team-Based'),
(81, 'Action'),
(81, 'Gore'),
(81, 'Zombies');

INSERT INTO product_features (product_id, feature) VALUES
(81, 'Online PvP'),
(81, 'Online Co-op'),
(81, 'Steam Achievements'),
(81, 'Steam Trading Cards'),
(81, 'In-App Purchases'),
(81, 'Steam Leaderboards'),
(81, 'Remote Play on Tablet'),
(81, 'Remote Play on TV');

INSERT INTO product_system_requirements (product_id, platform, title, minimum, recommended) VALUES (81, 'win', 'OS', 'Windows 10 64 bit', 'Windows 11 64 bit');

INSERT INTO product_system_requirements (product_id, platform, title, minimum, recommended) VALUES (81, 'win', 'Processor', 'Intel CPU 7th Gen 7700 / AMD Ryzen 5 2600', 'Intel CPU 8th Gen 8700 / AMD Ryzen 5 2700');

INSERT INTO product_system_requirements (product_id, platform, title, minimum, recommended) VALUES (81, 'win', 'Memory', '8 GB RAM', '12 GB RAM');

INSERT INTO product_system_requirements (product_id, platform, title, minimum, recommended) VALUES (81, 'win', 'Graphics', 'NVIDIA GTX 1650 Super or AMD Radeon RX 5500 XT, with a minimum of 4GB of VRAM', 'RTX 2060 Super / AMD 6600 XT, with a minimum of 8GB of VRAM');

INSERT INTO product_system_requirements (product_id, platform, title, minimum, recommended) VALUES (81, 'win', 'DirectX', 'Version 12', 'Version 12');

INSERT INTO product_system_requirements (product_id, platform, title, minimum, recommended) VALUES (81, 'win', 'Network', 'Broadband Internet connection', 'Broadband Internet connection');

INSERT INTO product_system_requirements (product_id, platform, title, minimum, recommended) VALUES (81, 'win', 'Storage', '75 GB available space', '75 GB available space');

INSERT INTO product_system_requirements (product_id, platform, title, minimum, recommended) VALUES (81, 'win', 'Additional Notes', 'Best experienced with headphones and on a SSD drive', 'Best experienced with headphones and on a SSD drive');

INSERT INTO product_screenshots (product_id, screenshot) VALUES
(81, 'https://shared.fastly.steamstatic.com/store_item_assets/steam/apps/594650/ss_0b4b9925dc4518af3c62ed17265c13e7f741ee62.1920x1080.jpg?t=1736759920'),
(81, 'https://shared.fastly.steamstatic.com/store_item_assets/steam/apps/594650/ss_43d754aa94d1ac5bb28984aaa7f1a6364f76e8c9.1920x1080.jpg?t=1736759920'),
(81, 'https://shared.fastly.steamstatic.com/store_item_assets/steam/apps/594650/ss_d0948e43f8809befe74475abe37123df50927a44.1920x1080.jpg?t=1736759920'),
(81, 'https://shared.fastly.steamstatic.com/store_item_assets/steam/apps/594650/ss_5e71b2e10cb5f337b4c6b737baf620a426bdac38.1920x1080.jpg?t=1736759920'),
(81, 'https://shared.fastly.steamstatic.com/store_item_assets/steam/apps/594650/ss_896fb0645a687fc4f367509cc7f3038fd4e352e6.1920x1080.jpg?t=1736759920'),
(81, 'https://shared.fastly.steamstatic.com/store_item_assets/steam/apps/594650/ss_c0758eb3bc269c2dfb92210e28f4e8d66714c757.1920x1080.jpg?t=1736759920'),
(81, 'https://shared.fastly.steamstatic.com/store_item_assets/steam/apps/594650/ss_5a8d6f6ffc3a2d4a41ccaf9f1e9151285b5ecf89.1920x1080.jpg?t=1736759920'),
(81, 'https://shared.fastly.steamstatic.com/store_item_assets/steam/apps/594650/ss_0926a70438eec19a2028dae19e74e9d458588a97.1920x1080.jpg?t=1736759920'),
(81, 'https://shared.fastly.steamstatic.com/store_item_assets/steam/apps/594650/ss_d6dcff699545cfdd38df20f6cd58c5c40a9660d8.1920x1080.jpg?t=1736759920'),
(81, 'https://shared.fastly.steamstatic.com/store_item_assets/steam/apps/594650/ss_1440bf64dfd9cac71a607230cc972fc6e43419a1.1920x1080.jpg?t=1736759920'),
(81, 'https://shared.fastly.steamstatic.com/store_item_assets/steam/apps/594650/ss_06e8b64880a467d5a29fa0acc49c27b09b24a473.1920x1080.jpg?t=1736759920'),
(81, 'https://shared.fastly.steamstatic.com/store_item_assets/steam/apps/594650/ss_af9bce6f2e5688f7b40f110e2dbfd84a48463372.1920x1080.jpg?t=1736759920'),
(81, 'https://shared.fastly.steamstatic.com/store_item_assets/steam/apps/594650/ss_acc4984c79c5f54fda9cfc79fbdf937e8422bc7f.1920x1080.jpg?t=1736759920'),
(81, 'https://shared.fastly.steamstatic.com/store_item_assets/steam/apps/594650/ss_d4b2d60d9bad7f248cd6b7c8ced30fe5e735aebe.1920x1080.jpg?t=1736759920'),
(81, 'https://shared.fastly.steamstatic.com/store_item_assets/steam/apps/594650/ss_e526d7bc49c9a1e2a1ec5efc953a3330f7c7985f.1920x1080.jpg?t=1736759920');

INSERT INTO product_videos (product_id, mp4, webm, thumbnail) VALUES
(81, 'https://video.fastly.steamstatic.com/store_trailers/257081853/movie480.mp4?t=1734088173', 'https://video.fastly.steamstatic.com/store_trailers/257081853/movie480_vp9.webm?t=1734088173', 'https://shared.fastly.steamstatic.com/store_item_assets/steam/apps/257081853/56568315d074a073fc4c8be9c2b7a567ef7303ee/movie_600x337.jpg?t=1734088173'),
(81, 'https://video.fastly.steamstatic.com/store_trailers/257081430/movie480.mp4?t=1734088177', 'https://video.fastly.steamstatic.com/store_trailers/257081430/movie480_vp9.webm?t=1734088177', 'https://shared.fastly.steamstatic.com/store_item_assets/steam/apps/257081430/f6475c956f727fbc3fef2d6a7f36ae3fea01c761/movie_600x337.jpg?t=1734088177'),
(81, 'https://video.fastly.steamstatic.com/store_trailers/257046574/movie480.mp4?t=1723744244', 'https://video.fastly.steamstatic.com/store_trailers/257046574/movie480_vp9.webm?t=1723744244', 'https://shared.fastly.steamstatic.com/store_item_assets/steam/apps/257046574/movie.293x165.jpg?t=1723744244'),
(81, 'https://video.fastly.steamstatic.com/store_trailers/257046461/movie480.mp4?t=1723720636', 'https://video.fastly.steamstatic.com/store_trailers/257046461/movie480_vp9.webm?t=1723720636', 'https://shared.fastly.steamstatic.com/store_item_assets/steam/apps/257046461/movie.293x165.jpg?t=1723720636');

INSERT INTO products (id, title, type, description, price, discount, discountStartDate, discountEndDate, releaseDate, rating, isActive, headerImage)
VALUES (82, 'Soundpad', 'Game', 'Play sounds in voice chats in high digital quality. Add sounds or music to your microphone signal so others will hear it, too.', 4.99, 0, NULL, NULL, '2016-11-09', 0, TRUE, 'https://shared.fastly.steamstatic.com/store_item_assets/steam/apps/629520/header.jpg?t=1729345861');

INSERT INTO product_developers (product_id, developer) VALUES
(82, 'Leppsoft');

INSERT INTO product_publishers (product_id, publisher) VALUES
(82, 'Leppsoft');

INSERT INTO product_platforms (product_id, platform) VALUES
(82, 'Windows');

INSERT INTO product_genres (product_id, genre) VALUES
(82, 'Audio Production'),
(82, 'Utilities');

INSERT INTO product_tags (product_id, tag) VALUES
(82, 'Utilities'),
(82, 'Audio Production'),
(82, 'Music'),
(82, 'Software'),
(82, 'NSFW'),
(82, 'Mature'),
(82, 'Dating Sim'),
(82, 'Psychological'),
(82, 'Singleplayer'),
(82, 'Free to Play');

INSERT INTO product_features (product_id, feature) VALUES
(82, 'Family Sharing');

INSERT INTO product_system_requirements (product_id, platform, title, minimum, recommended) VALUES (82, 'win', 'OS', '', '');

INSERT INTO product_system_requirements (product_id, platform, title, minimum, recommended) VALUES (82, 'win', 'Processor', '', '');

INSERT INTO product_system_requirements (product_id, platform, title, minimum, recommended) VALUES (82, 'win', 'Memory', '', '');

INSERT INTO product_system_requirements (product_id, platform, title, minimum, recommended) VALUES (82, 'win', 'Graphics', '', '');

INSERT INTO product_system_requirements (product_id, platform, title, minimum, recommended) VALUES (82, 'win', 'DirectX', '', '');

INSERT INTO product_system_requirements (product_id, platform, title, minimum, recommended) VALUES (82, 'win', 'Network', '', '');

INSERT INTO product_system_requirements (product_id, platform, title, minimum, recommended) VALUES (82, 'win', 'Storage', '', '');

INSERT INTO product_system_requirements (product_id, platform, title, minimum, recommended) VALUES (82, 'win', 'Additional Notes', '', '');

INSERT INTO product_screenshots (product_id, screenshot) VALUES
(82, 'https://shared.fastly.steamstatic.com/store_item_assets/steam/apps/629520/ss_facc7bb5119869ba119eb35a810176d4632080c4.1920x1080.jpg?t=1729345861'),
(82, 'https://shared.fastly.steamstatic.com/store_item_assets/steam/apps/629520/ss_b387ee7ab58043e798b3ab408f7cc11fe57ccf4f.1920x1080.jpg?t=1729345861'),
(82, 'https://shared.fastly.steamstatic.com/store_item_assets/steam/apps/629520/ss_1d361360f1d8b545268bac9d835cf1a6c7907fa8.1920x1080.jpg?t=1729345861'),
(82, 'https://shared.fastly.steamstatic.com/store_item_assets/steam/apps/629520/ss_640dcdb558836fa7182c8776dfab31fa6f46b69d.1920x1080.jpg?t=1729345861'),
(82, 'https://shared.fastly.steamstatic.com/store_item_assets/steam/apps/629520/ss_619882c7019a2df9d0cae5d7de2e44132d504c60.1920x1080.jpg?t=1729345861'),
(82, 'https://shared.fastly.steamstatic.com/store_item_assets/steam/apps/629520/ss_466f65f62e6f8f47a3207d80641e0ce837c35930.1920x1080.jpg?t=1729345861'),
(82, 'https://shared.fastly.steamstatic.com/store_item_assets/steam/apps/629520/ss_5ab1914b0ddcc411b63a437e401f75e4f230aa8d.1920x1080.jpg?t=1729345861'),
(82, 'https://shared.fastly.steamstatic.com/store_item_assets/steam/apps/629520/ss_f3a6f799916a3d909b579b3d64a3abaa9608a689.1920x1080.jpg?t=1729345861'),
(82, 'https://shared.fastly.steamstatic.com/store_item_assets/steam/apps/629520/ss_b9979ab5c97bc73aa569ebafcfe91eaf4604b95b.1920x1080.jpg?t=1729345861');

INSERT INTO product_videos (product_id, mp4, webm, thumbnail) VALUES
(82, 'https://video.fastly.steamstatic.com/store_trailers/256695572/movie480.mp4?t=1506794128', 'https://video.fastly.steamstatic.com/store_trailers/256695572/movie480.webm?t=1506794128', 'https://shared.fastly.steamstatic.com/store_item_assets/steam/apps/256695572/movie.293x165.jpg?t=1506794128');

INSERT INTO products (id, title, type, description, price, discount, discountStartDate, discountEndDate, releaseDate, rating, isActive, headerImage)
VALUES (83, 'Battlefield™ V', 'Game', 'This is the ultimate Battlefield V experience. Enter mankind’s greatest conflict with the complete arsenal of weapons, vehicles, and gadgets plus the best customization content of Year 1 and 2.', 49.99, 0, NULL, NULL, '2018-11-09', 0, TRUE, 'https://shared.fastly.steamstatic.com/store_item_assets/steam/apps/1238810/header.jpg?t=1730822762');

INSERT INTO product_developers (product_id, developer) VALUES
(83, 'DICE');

INSERT INTO product_publishers (product_id, publisher) VALUES
(83, 'Electronic Arts');

INSERT INTO product_platforms (product_id, platform) VALUES
(83, 'Windows');

INSERT INTO product_genres (product_id, genre) VALUES
(83, 'Action');

INSERT INTO product_tags (product_id, tag) VALUES
(83, 'FPS'),
(83, 'Multiplayer'),
(83, 'World War II'),
(83, 'Singleplayer'),
(83, 'Shooter'),
(83, 'War'),
(83, 'Military'),
(83, 'First-Person'),
(83, 'Massively Multiplayer'),
(83, 'PvP'),
(83, 'Combat'),
(83, 'Open World'),
(83, 'Action'),
(83, 'Historical'),
(83, 'Destruction'),
(83, 'Battle Royale'),
(83, 'Atmospheric'),
(83, 'Violent'),
(83, 'Sexual Content'),
(83, 'Female Protagonist');

INSERT INTO product_features (product_id, feature) VALUES
(83, 'Single-player'),
(83, 'Online PvP'),
(83, 'Steam Achievements'),
(83, 'Steam Trading Cards'),
(83, 'HDR available');

INSERT INTO product_system_requirements (product_id, platform, title, minimum, recommended) VALUES (83, 'win', 'OS', '64-bit Windows 10', '64-bit Windows 10 or later');

INSERT INTO product_system_requirements (product_id, platform, title, minimum, recommended) VALUES (83, 'win', 'Processor', 'AMD FX-8350/ Core i5 6600K', 'AMD Ryzen 3 1300X/Intel Core i7 4790');

INSERT INTO product_system_requirements (product_id, platform, title, minimum, recommended) VALUES (83, 'win', 'Memory', '8 GB RAM', '12 GB RAM');

INSERT INTO product_system_requirements (product_id, platform, title, minimum, recommended) VALUES (83, 'win', 'Graphics', 'NVIDIA GeForce® GTX 1050 / NVIDIA GeForce® GTX 660 2GB or AMD Radeon™ RX 560 / HD 7850 2GB', 'NVIDIA GeForce® GTX 1060 6GB/AMD Radeon™ RX 580 8GB');

INSERT INTO product_system_requirements (product_id, platform, title, minimum, recommended) VALUES (83, 'win', 'DirectX', 'Version 11', 'Version 11');

INSERT INTO product_system_requirements (product_id, platform, title, minimum, recommended) VALUES (83, 'win', 'Network', '', '');

INSERT INTO product_system_requirements (product_id, platform, title, minimum, recommended) VALUES (83, 'win', 'Storage', '50 GB available space', '50 GB available space');

INSERT INTO product_system_requirements (product_id, platform, title, minimum, recommended) VALUES (83, 'win', 'Additional Notes', '', '');

INSERT INTO product_screenshots (product_id, screenshot) VALUES
(83, 'https://shared.fastly.steamstatic.com/store_item_assets/steam/apps/1238810/ss_73a21e43ec44cac9aab41d122a284582d194d352.1920x1080.jpg?t=1730822762'),
(83, 'https://shared.fastly.steamstatic.com/store_item_assets/steam/apps/1238810/ss_0c20c45d2e00feae5b9edfb6526662cc3c669164.1920x1080.jpg?t=1730822762'),
(83, 'https://shared.fastly.steamstatic.com/store_item_assets/steam/apps/1238810/ss_d1952d018415b94bed85a503713a05ab12a407d6.1920x1080.jpg?t=1730822762'),
(83, 'https://shared.fastly.steamstatic.com/store_item_assets/steam/apps/1238810/ss_0569f81cafd8b18870d6d5bc296ad557f5576067.1920x1080.jpg?t=1730822762'),
(83, 'https://shared.fastly.steamstatic.com/store_item_assets/steam/apps/1238810/ss_818562302f3d6fdcab1689e5618a52e4b53a71f6.1920x1080.jpg?t=1730822762'),
(83, 'https://shared.fastly.steamstatic.com/store_item_assets/steam/apps/1238810/ss_1d38895ccc9beb342a0759fdaa7bd98a0c57d024.1920x1080.jpg?t=1730822762'),
(83, 'https://shared.fastly.steamstatic.com/store_item_assets/steam/apps/1238810/ss_a933e1c44fa328825219907f1dd84718da671f28.1920x1080.jpg?t=1730822762'),
(83, 'https://shared.fastly.steamstatic.com/store_item_assets/steam/apps/1238810/ss_409e2c952aedae360bb2f64736cad845c3cae510.1920x1080.jpg?t=1730822762'),
(83, 'https://shared.fastly.steamstatic.com/store_item_assets/steam/apps/1238810/ss_431ae8bbb5ff7e7cc6740e49c584e1015c6ea8e1.1920x1080.jpg?t=1730822762'),
(83, 'https://shared.fastly.steamstatic.com/store_item_assets/steam/apps/1238810/ss_79d886247bd93e4762f3ece00acc4f75e21cc126.1920x1080.jpg?t=1730822762'),
(83, 'https://shared.fastly.steamstatic.com/store_item_assets/steam/apps/1238810/ss_f963216de2e48c38b6b955484913fb342b1bd551.1920x1080.jpg?t=1730822762');

INSERT INTO product_videos (product_id, mp4, webm, thumbnail) VALUES
(83, 'https://video.fastly.steamstatic.com/store_trailers/256806061/movie480.mp4?t=1603387370', 'https://video.fastly.steamstatic.com/store_trailers/256806061/movie480_vp9.webm?t=1603387370', 'https://shared.fastly.steamstatic.com/store_item_assets/steam/apps/256806061/movie.293x165.jpg?t=1603387370'),
(83, 'https://video.fastly.steamstatic.com/store_trailers/256794469/movie480.mp4?t=1596658054', 'https://video.fastly.steamstatic.com/store_trailers/256794469/movie480_vp9.webm?t=1596658054', 'https://shared.fastly.steamstatic.com/store_item_assets/steam/apps/256794469/movie.293x165.jpg?t=1596658054'),
(83, 'https://video.fastly.steamstatic.com/store_trailers/256787467/movie480.mp4?t=1591887406', 'https://video.fastly.steamstatic.com/store_trailers/256787467/movie480_vp9.webm?t=1591887406', 'https://shared.fastly.steamstatic.com/store_item_assets/steam/apps/256787467/movie.293x165.jpg?t=1591887406');

INSERT INTO products (id, title, type, description, price, discount, discountStartDate, discountEndDate, releaseDate, rating, isActive, headerImage)
VALUES (84, 'Destiny 2', 'Game', 'Destiny 2 is an action MMO with a single evolving world that you and your friends can join anytime, anywhere, absolutely free.', 0, 0, NULL, NULL, '2019-10-01', 0, TRUE, 'https://shared.fastly.steamstatic.com/store_item_assets/steam/apps/1085660/header.jpg?t=1734467041');

INSERT INTO product_developers (product_id, developer) VALUES
(84, 'Bungie');

INSERT INTO product_publishers (product_id, publisher) VALUES
(84, 'Bungie');

INSERT INTO product_platforms (product_id, platform) VALUES
(84, 'Windows');

INSERT INTO product_genres (product_id, genre) VALUES
(84, 'Action'),
(84, 'Adventure'),
(84, 'Free To Play');

INSERT INTO product_tags (product_id, tag) VALUES
(84, 'Free to Play'),
(84, 'Open World'),
(84, 'Looter Shooter'),
(84, 'Multiplayer'),
(84, 'FPS'),
(84, 'MMORPG'),
(84, 'Co-op'),
(84, 'PvE'),
(84, 'PvP'),
(84, 'Shooter'),
(84, 'Massively Multiplayer'),
(84, 'Loot'),
(84, 'First-Person'),
(84, 'Sci-fi'),
(84, 'Action'),
(84, 'Adventure'),
(84, 'Lore-Rich'),
(84, 'Space'),
(84, 'Competitive'),
(84, 'Atmospheric');

INSERT INTO product_features (product_id, feature) VALUES
(84, 'Single-player'),
(84, 'Online PvP'),
(84, 'Online Co-op'),
(84, 'Steam Achievements'),
(84, 'In-App Purchases');

INSERT INTO product_system_requirements (product_id, platform, title, minimum, recommended) VALUES (84, 'win', 'OS', 'Windows® 10 64-bit (latest Service Pack)', 'Windows® 10 64-bit (latest Service Pack)');

INSERT INTO product_system_requirements (product_id, platform, title, minimum, recommended) VALUES (84, 'win', 'Processor', 'Intel® Core™ i3 3250 3.5 GHz or Intel Pentium G4560 3.5 GHz / AMD FX-4350 4.2 GHz', 'Processor Intel® Core™ i5 2400 3.4 GHz or i5 7400 3.5 GHz / AMD Ryzen R5 1600X 3.6 GHz');

INSERT INTO product_system_requirements (product_id, platform, title, minimum, recommended) VALUES (84, 'win', 'Memory', '6 GB RAM', '8 GB RAM');

INSERT INTO product_system_requirements (product_id, platform, title, minimum, recommended) VALUES (84, 'win', 'Graphics', 'NVIDIA® GeForce® GTX 660 2GB or GTX 1050 2GB / AMD Radeon HD 7850 2GB', 'NVIDIA® GeForce® GTX 970 4GB or GTX 1060 6GB / AMD R9 390 8GB Memory 8 GB RAM');

INSERT INTO product_system_requirements (product_id, platform, title, minimum, recommended) VALUES (84, 'win', 'DirectX', '', '');

INSERT INTO product_system_requirements (product_id, platform, title, minimum, recommended) VALUES (84, 'win', 'Network', 'Broadband Internet connection', 'Broadband Internet connection');

INSERT INTO product_system_requirements (product_id, platform, title, minimum, recommended) VALUES (84, 'win', 'Storage', '105 GB available space', '105 GB available space');

INSERT INTO product_system_requirements (product_id, platform, title, minimum, recommended) VALUES (84, 'win', 'Additional Notes', 'Beginning on June 4, 2024, Destiny 2 is ending support for Windows 7, Windows 8, and Windows 8.1 operating systems.', 'Beginning on June 4, 2024, Destiny 2 is ending support for Windows 7, Windows 8, and Windows 8.1 operating systems.');

INSERT INTO product_screenshots (product_id, screenshot) VALUES
(84, 'https://shared.fastly.steamstatic.com/store_item_assets/steam/apps/1085660/ss_74e30840772ce482f971e325a58130e2ba966976.1920x1080.jpg?t=1734467041'),
(84, 'https://shared.fastly.steamstatic.com/store_item_assets/steam/apps/1085660/ss_7fcc82f468fcf8278c7ffa95cebf949bfc6845fc.1920x1080.jpg?t=1734467041'),
(84, 'https://shared.fastly.steamstatic.com/store_item_assets/steam/apps/1085660/ss_c142f5078ace9f5e2eb2c80aa3bf768e156b4ee9.1920x1080.jpg?t=1734467041'),
(84, 'https://shared.fastly.steamstatic.com/store_item_assets/steam/apps/1085660/ss_a9642404e586be28f856e8f02d038828f691a5ba.1920x1080.jpg?t=1734467041'),
(84, 'https://shared.fastly.steamstatic.com/store_item_assets/steam/apps/1085660/ss_01fdd090ed1dd70112ce2c6d6fc208df0a008ac7.1920x1080.jpg?t=1734467041'),
(84, 'https://shared.fastly.steamstatic.com/store_item_assets/steam/apps/1085660/ss_d230d30da82a7b92c842e7447ee5a8458b866251.1920x1080.jpg?t=1734467041'),
(84, 'https://shared.fastly.steamstatic.com/store_item_assets/steam/apps/1085660/ss_5065e2bb5de91535dc5e390e27e391a8b9b367ee.1920x1080.jpg?t=1734467041'),
(84, 'https://shared.fastly.steamstatic.com/store_item_assets/steam/apps/1085660/ss_afc1f202f7ab71adca7d1e503138d89c5689e716.1920x1080.jpg?t=1734467041'),
(84, 'https://shared.fastly.steamstatic.com/store_item_assets/steam/apps/1085660/ss_324e79ed624f3abd7a2eea2d187d6f616be17102.1920x1080.jpg?t=1734467041'),
(84, 'https://shared.fastly.steamstatic.com/store_item_assets/steam/apps/1085660/ss_a35aaa73e605c0738a53a74abbcb53768e8f39e1.1920x1080.jpg?t=1734467041');

INSERT INTO product_videos (product_id, mp4, webm, thumbnail) VALUES
(84, 'https://video.fastly.steamstatic.com/store_trailers/257033482/movie480.mp4?t=1719265609', 'https://video.fastly.steamstatic.com/store_trailers/257033482/movie480_vp9.webm?t=1719265609', 'https://shared.fastly.steamstatic.com/store_item_assets/steam/apps/257033482/movie.293x165.jpg?t=1719265609'),
(84, 'https://video.fastly.steamstatic.com/store_trailers/256877053/movie480.mp4?t=1661325595', 'https://video.fastly.steamstatic.com/store_trailers/256877053/movie480_vp9.webm?t=1661325595', 'https://shared.fastly.steamstatic.com/store_item_assets/steam/apps/256877053/movie.293x165.jpg?t=1661325595'),
(84, 'https://video.fastly.steamstatic.com/store_trailers/256902398/movie480.mp4?t=1661325688', 'https://video.fastly.steamstatic.com/store_trailers/256902398/movie480_vp9.webm?t=1661325688', 'https://shared.fastly.steamstatic.com/store_item_assets/steam/apps/256902398/movie.293x165.jpg?t=1661325688'),
(84, 'https://video.fastly.steamstatic.com/store_trailers/256988858/movie480.mp4?t=1702506538', 'https://video.fastly.steamstatic.com/store_trailers/256988858/movie480_vp9.webm?t=1702506538', 'https://shared.fastly.steamstatic.com/store_item_assets/steam/apps/256988858/movie.293x165.jpg?t=1702506538');

INSERT INTO products (id, title, type, description, price, discount, discountStartDate, discountEndDate, releaseDate, rating, isActive, headerImage)
VALUES (85, 'Slay the Spire', 'Game', 'We fused card games and roguelikes together to make the best single player deckbuilder we could. Craft a unique deck, encounter bizarre creatures, discover relics of immense power, and Slay the Spire!', 24.99, 0, NULL, NULL, '2019-01-23', 0, TRUE, 'https://shared.fastly.steamstatic.com/store_item_assets/steam/apps/646570/header.jpg?t=1732020340');

INSERT INTO product_developers (product_id, developer) VALUES
(85, 'Mega Crit');

INSERT INTO product_publishers (product_id, publisher) VALUES
(85, 'Mega Crit');

INSERT INTO product_platforms (product_id, platform) VALUES
(85, 'Windows');

INSERT INTO product_genres (product_id, genre) VALUES
(85, 'Indie'),
(85, 'Strategy');

INSERT INTO product_tags (product_id, tag) VALUES
(85, 'Roguelike Deckbuilder'),
(85, 'Card Game'),
(85, 'Card Battler'),
(85, 'Roguelike'),
(85, 'Deckbuilding'),
(85, 'Turn-Based'),
(85, 'Strategy'),
(85, 'Singleplayer'),
(85, 'Roguelite'),
(85, 'Replay Value'),
(85, 'Indie'),
(85, 'Difficult'),
(85, 'Dungeon Crawler'),
(85, 'RPG'),
(85, 'Mouse only'),
(85, '2D'),
(85, 'Great Soundtrack'),
(85, 'Procedural Generation'),
(85, 'Fantasy'),
(85, 'Casual');

INSERT INTO product_features (product_id, feature) VALUES
(85, 'Single-player'),
(85, 'Steam Achievements'),
(85, 'Steam Trading Cards'),
(85, 'Steam Workshop'),
(85, 'Steam Cloud'),
(85, 'Stats'),
(85, 'Steam Leaderboards'),
(85, 'Remote Play on Phone'),
(85, 'Remote Play on Tablet'),
(85, 'Remote Play on TV'),
(85, 'Family Sharing');

INSERT INTO product_system_requirements (product_id, platform, title, minimum, recommended) VALUES (85, 'win', 'OS', '', '');

INSERT INTO product_system_requirements (product_id, platform, title, minimum, recommended) VALUES (85, 'win', 'Processor', '', '');

INSERT INTO product_system_requirements (product_id, platform, title, minimum, recommended) VALUES (85, 'win', 'Memory', '', '');

INSERT INTO product_system_requirements (product_id, platform, title, minimum, recommended) VALUES (85, 'win', 'Graphics', '', '');

INSERT INTO product_system_requirements (product_id, platform, title, minimum, recommended) VALUES (85, 'win', 'DirectX', '', '');

INSERT INTO product_system_requirements (product_id, platform, title, minimum, recommended) VALUES (85, 'win', 'Network', '', '');

INSERT INTO product_system_requirements (product_id, platform, title, minimum, recommended) VALUES (85, 'win', 'Storage', '', '');

INSERT INTO product_system_requirements (product_id, platform, title, minimum, recommended) VALUES (85, 'win', 'Additional Notes', '', '');

INSERT INTO product_system_requirements (product_id, platform, title, minimum, recommended) VALUES (85, 'mac', 'OS', '', '');

INSERT INTO product_system_requirements (product_id, platform, title, minimum, recommended) VALUES (85, 'mac', 'Processor', '', '');

INSERT INTO product_system_requirements (product_id, platform, title, minimum, recommended) VALUES (85, 'mac', 'Memory', '', '');

INSERT INTO product_system_requirements (product_id, platform, title, minimum, recommended) VALUES (85, 'mac', 'Graphics', '', '');

INSERT INTO product_system_requirements (product_id, platform, title, minimum, recommended) VALUES (85, 'mac', 'DirectX', '', '');

INSERT INTO product_system_requirements (product_id, platform, title, minimum, recommended) VALUES (85, 'mac', 'Network', '', '');

INSERT INTO product_system_requirements (product_id, platform, title, minimum, recommended) VALUES (85, 'mac', 'Storage', '', '');

INSERT INTO product_system_requirements (product_id, platform, title, minimum, recommended) VALUES (85, 'mac', 'Additional Notes', '', '');

INSERT INTO product_system_requirements (product_id, platform, title, minimum, recommended) VALUES (85, 'linux', 'OS', '', '');

INSERT INTO product_system_requirements (product_id, platform, title, minimum, recommended) VALUES (85, 'linux', 'Processor', '', '');

INSERT INTO product_system_requirements (product_id, platform, title, minimum, recommended) VALUES (85, 'linux', 'Memory', '', '');

INSERT INTO product_system_requirements (product_id, platform, title, minimum, recommended) VALUES (85, 'linux', 'Graphics', '', '');

INSERT INTO product_system_requirements (product_id, platform, title, minimum, recommended) VALUES (85, 'linux', 'DirectX', '', '');

INSERT INTO product_system_requirements (product_id, platform, title, minimum, recommended) VALUES (85, 'linux', 'Network', '', '');

INSERT INTO product_system_requirements (product_id, platform, title, minimum, recommended) VALUES (85, 'linux', 'Storage', '', '');

INSERT INTO product_system_requirements (product_id, platform, title, minimum, recommended) VALUES (85, 'linux', 'Additional Notes', '', '');

INSERT INTO product_screenshots (product_id, screenshot) VALUES
(85, 'https://shared.fastly.steamstatic.com/store_item_assets/steam/apps/646570/ss_c171816f7ecd35b5b46d2fa27532f4c5b8ca3cc5.1920x1080.jpg?t=1732020340'),
(85, 'https://shared.fastly.steamstatic.com/store_item_assets/steam/apps/646570/ss_01aa3e7759e457bfbf2422f31c325d7b3ba8a6eb.1920x1080.jpg?t=1732020340'),
(85, 'https://shared.fastly.steamstatic.com/store_item_assets/steam/apps/646570/ss_b757436d08ba08292796bfed9c60e7cc99d5f2c3.1920x1080.jpg?t=1732020340'),
(85, 'https://shared.fastly.steamstatic.com/store_item_assets/steam/apps/646570/ss_1299d7fe55771cf564848c5046fbef7936178440.1920x1080.jpg?t=1732020340'),
(85, 'https://shared.fastly.steamstatic.com/store_item_assets/steam/apps/646570/ss_8af73365121b1b1e2d8004fca2cbffb9b9f6d7a5.1920x1080.jpg?t=1732020340'),
(85, 'https://shared.fastly.steamstatic.com/store_item_assets/steam/apps/646570/ss_5b2b32f09da5a5bed99d5c5168b50fd681a4690c.1920x1080.jpg?t=1732020340');

INSERT INTO product_videos (product_id, mp4, webm, thumbnail) VALUES
(85, 'https://video.fastly.steamstatic.com/store_trailers/256740869/movie480.mp4?t=1548258737', 'https://video.fastly.steamstatic.com/store_trailers/256740869/movie480.webm?t=1548258737', 'https://shared.fastly.steamstatic.com/store_item_assets/steam/apps/256740869/movie.293x165.jpg?t=1548258737');

INSERT INTO products (id, title, type, description, price, discount, discountStartDate, discountEndDate, releaseDate, rating, isActive, headerImage)
VALUES (93, 'Cities: Skylines', 'Game', 'Cities: Skylines is a modern take on the classic city simulation. The game introduces new game play elements to realize the thrill and hardships of creating and maintaining a real city whilst expanding on some well-established tropes of the city building experience.', 29.99, 0, NULL, NULL, '2015-03-10', 0, TRUE, 'https://shared.fastly.steamstatic.com/store_item_assets/steam/apps/255710/header.jpg?t=1735836158');

INSERT INTO product_developers (product_id, developer) VALUES
(93, 'Colossal Order Ltd.');

INSERT INTO product_publishers (product_id, publisher) VALUES
(93, 'Paradox Interactive');

INSERT INTO product_platforms (product_id, platform) VALUES
(93, 'Windows');

INSERT INTO product_genres (product_id, genre) VALUES
(93, 'Simulation'),
(93, 'Strategy');

INSERT INTO product_tags (product_id, tag) VALUES
(93, 'City Builder'),
(93, 'Simulation'),
(93, 'Building'),
(93, 'Management'),
(93, 'Strategy'),
(93, 'Sandbox'),
(93, 'Singleplayer'),
(93, 'Moddable'),
(93, 'Economy'),
(93, 'Resource Management'),
(93, 'Mod'),
(93, 'Realistic'),
(93, 'Replay Value'),
(93, 'Casual'),
(93, 'Modern'),
(93, 'Real-Time with Pause'),
(93, 'Family Friendly'),
(93, 'Great Soundtrack'),
(93, 'Funny'),
(93, 'Action');

INSERT INTO product_features (product_id, feature) VALUES
(93, 'Single-player'),
(93, 'Steam Achievements'),
(93, 'Steam Trading Cards'),
(93, 'Steam Workshop'),
(93, 'Steam Cloud'),
(93, 'Includes level editor'),
(93, 'Remote Play on Tablet'),
(93, 'Family Sharing');

INSERT INTO product_system_requirements (product_id, platform, title, minimum, recommended) VALUES (93, 'win', 'OS', 'Windows® 10 Home 64 Bit', 'Windows® 10 Home 64 bit');

INSERT INTO product_system_requirements (product_id, platform, title, minimum, recommended) VALUES (93, 'win', 'Processor', 'Intel® Core™ I7 930  |  AMD® FX 6350', 'Intel® Core™ I7 2700K  |   AMD® Ryzen 7 2700X');

INSERT INTO product_system_requirements (product_id, platform, title, minimum, recommended) VALUES (93, 'win', 'Memory', '8 GB RAM', '16 GB RAM');

INSERT INTO product_system_requirements (product_id, platform, title, minimum, recommended) VALUES (93, 'win', 'Graphics', 'Nvidia® GeForce™ GTS 450 (1 GB) |  AMD® R7 250 (2 GB)  |  Intel Iris Xe G7 (Tiger Lake)', 'Nvidia® GeForce™ GTX 580 (1.5 GB)  |   AMD® Radeon™ RX 560 (4 GB)');

INSERT INTO product_system_requirements (product_id, platform, title, minimum, recommended) VALUES (93, 'win', 'DirectX', 'Version 9.0c', 'Version 11');

INSERT INTO product_system_requirements (product_id, platform, title, minimum, recommended) VALUES (93, 'win', 'Network', 'Broadband Internet connection', 'Broadband Internet connection');

INSERT INTO product_system_requirements (product_id, platform, title, minimum, recommended) VALUES (93, 'win', 'Storage', '4 GB available space', '4 GB available space');

INSERT INTO product_system_requirements (product_id, platform, title, minimum, recommended) VALUES (93, 'win', 'Additional Notes', '', '');

INSERT INTO product_system_requirements (product_id, platform, title, minimum, recommended) VALUES (93, 'mac', 'OS', 'OS X 10.11 (64-bit)', 'OS X 10.11 (64-bit)');

INSERT INTO product_system_requirements (product_id, platform, title, minimum, recommended) VALUES (93, 'mac', 'Processor', 'Intel Core 2 Duo, 3.0GHz', 'Intel Core i5-3470, 3.20GHz');

INSERT INTO product_system_requirements (product_id, platform, title, minimum, recommended) VALUES (93, 'mac', 'Memory', '6 GB RAM', '8 GB RAM');

INSERT INTO product_system_requirements (product_id, platform, title, minimum, recommended) VALUES (93, 'mac', 'Graphics', 'nVIDIA GeForce GTX 260, 512 MB or ATI Radeon HD 5670, 512 MB  (Does not support Intel Integrated Graphics Cards)', 'nVIDIA GeForce GTX 660, 2 GB or AMD Radeon HD 7870, 2 GB  (Does not support Intel Integrated Graphics Cards)');

INSERT INTO product_system_requirements (product_id, platform, title, minimum, recommended) VALUES (93, 'mac', 'DirectX', '', '');

INSERT INTO product_system_requirements (product_id, platform, title, minimum, recommended) VALUES (93, 'mac', 'Network', 'Broadband Internet connection', 'Broadband Internet connection');

INSERT INTO product_system_requirements (product_id, platform, title, minimum, recommended) VALUES (93, 'mac', 'Storage', '4 GB available space', '4 GB available space');

INSERT INTO product_system_requirements (product_id, platform, title, minimum, recommended) VALUES (93, 'mac', 'Additional Notes', '', '');

INSERT INTO product_system_requirements (product_id, platform, title, minimum, recommended) VALUES (93, 'linux', 'OS', 'Ubuntu 12.04 (64-bit)', 'Ubuntu 14.10 (64-bit)');

INSERT INTO product_system_requirements (product_id, platform, title, minimum, recommended) VALUES (93, 'linux', 'Processor', 'Intel Core 2 Duo, 3.0GHz or AMD Athlon 64 X2 6400+, 3.2GHz', 'Intel Core i5-3470, 3.20GHz or AMD FX-6300, 3.5Ghz');

INSERT INTO product_system_requirements (product_id, platform, title, minimum, recommended) VALUES (93, 'linux', 'Memory', '6 GB RAM', '8 GB RAM');

INSERT INTO product_system_requirements (product_id, platform, title, minimum, recommended) VALUES (93, 'linux', 'Graphics', 'nVIDIA GeForce GTX 260, 512 MB or ATI Radeon HD 5670, 512 MB  (Does not support Intel Integrated Graphics Cards)', 'nVIDIA GeForce GTX 660, 2 GB or AMD Radeon HD 7870, 2 GB  (Does not support Intel Integrated Graphics Cards)');

INSERT INTO product_system_requirements (product_id, platform, title, minimum, recommended) VALUES (93, 'linux', 'DirectX', '', '');

INSERT INTO product_system_requirements (product_id, platform, title, minimum, recommended) VALUES (93, 'linux', 'Network', 'Broadband Internet connection', 'Broadband Internet connection');

INSERT INTO product_system_requirements (product_id, platform, title, minimum, recommended) VALUES (93, 'linux', 'Storage', '4 GB available space', '4 GB available space');

INSERT INTO product_system_requirements (product_id, platform, title, minimum, recommended) VALUES (93, 'linux', 'Additional Notes', '', '');

INSERT INTO product_screenshots (product_id, screenshot) VALUES
(93, 'https://shared.fastly.steamstatic.com/store_item_assets/steam/apps/255710/ss_0754001c88ad4dbfff92faf9a97e8d87cf3f8840.1920x1080.jpg?t=1735836158'),
(93, 'https://shared.fastly.steamstatic.com/store_item_assets/steam/apps/255710/ss_e0f842c9327df9defabf120b6c59e1ba42f54a75.1920x1080.jpg?t=1735836158'),
(93, 'https://shared.fastly.steamstatic.com/store_item_assets/steam/apps/255710/ss_b5a4b72062b8c4ad677b242963e88c2e624cb1f9.1920x1080.jpg?t=1735836158'),
(93, 'https://shared.fastly.steamstatic.com/store_item_assets/steam/apps/255710/ss_39f74526167020dfae4156945f24e7e49d5eedf8.1920x1080.jpg?t=1735836158'),
(93, 'https://shared.fastly.steamstatic.com/store_item_assets/steam/apps/255710/ss_a4ebf2b3ad46e620d99fa471708d68b28ea4d7d1.1920x1080.jpg?t=1735836158'),
(93, 'https://shared.fastly.steamstatic.com/store_item_assets/steam/apps/255710/ss_013b26f27484941d4edbd406f8df5b5238f120df.1920x1080.jpg?t=1735836158'),
(93, 'https://shared.fastly.steamstatic.com/store_item_assets/steam/apps/255710/ss_e90299bea1faee761c11c5242c4e6e89f3ef7fb9.1920x1080.jpg?t=1735836158'),
(93, 'https://shared.fastly.steamstatic.com/store_item_assets/steam/apps/255710/ss_79130723c29cdd89f6169514bc4aad03aa58e823.1920x1080.jpg?t=1735836158'),
(93, 'https://shared.fastly.steamstatic.com/store_item_assets/steam/apps/255710/ss_7d54fe076aabfd4fbe465517a4f1a4426e9cb367.1920x1080.jpg?t=1735836158'),
(93, 'https://shared.fastly.steamstatic.com/store_item_assets/steam/apps/255710/ss_13bf6dcdc9f4e383f885752fbe9114ddb4dfd729.1920x1080.jpg?t=1735836158');

INSERT INTO product_videos (product_id, mp4, webm, thumbnail) VALUES
(93, 'https://video.fastly.steamstatic.com/store_trailers/256785384/movie480.mp4?t=1589550020', 'https://video.fastly.steamstatic.com/store_trailers/256785384/movie480_vp9.webm?t=1589550020', 'https://shared.fastly.steamstatic.com/store_item_assets/steam/apps/256785384/movie.293x165.jpg?t=1589550020');

INSERT INTO products (id, title, type, description, price, discount, discountStartDate, discountEndDate, releaseDate, rating, isActive, headerImage)
VALUES (87, 'Sid Meier''s Civilization® V', 'Game', 'Create, discover, and download new player-created maps, scenarios, interfaces, and more!', 29.99, 0, NULL, NULL, '2010-09-24', 0, TRUE, 'https://shared.fastly.steamstatic.com/store_item_assets/steam/apps/8930/header.jpg?t=1724341158');

INSERT INTO product_developers (product_id, developer) VALUES
(87, 'Firaxis Games'),
(87, 'Aspyr (Mac)'),
(87, 'Aspyr (Linux)');

INSERT INTO product_publishers (product_id, publisher) VALUES
(87, '2K'),
(87, 'Aspyr (Mac)'),
(87, 'Aspyr (Linux)');

INSERT INTO product_platforms (product_id, platform) VALUES
(87, 'Windows');

INSERT INTO product_genres (product_id, genre) VALUES
(87, 'Strategy');

INSERT INTO product_tags (product_id, tag) VALUES
(87, 'Turn-Based Strategy'),
(87, 'Strategy'),
(87, 'Turn-Based'),
(87, 'Multiplayer'),
(87, 'Historical'),
(87, '4X'),
(87, 'Addictive'),
(87, 'Singleplayer'),
(87, 'Hex Grid'),
(87, 'Grand Strategy'),
(87, 'Replay Value'),
(87, 'Co-op'),
(87, 'Economy'),
(87, 'Tactical'),
(87, 'Diplomacy'),
(87, 'Moddable'),
(87, 'Simulation'),
(87, 'Classic'),
(87, 'Great Soundtrack'),
(87, 'Touch-Friendly');

INSERT INTO product_features (product_id, feature) VALUES
(87, 'Single-player'),
(87, 'Steam Achievements'),
(87, 'Steam Trading Cards'),
(87, 'Steam Cloud'),
(87, 'Remote Play on Tablet'),
(87, 'Family Sharing');

INSERT INTO product_system_requirements (product_id, platform, title, minimum, recommended) VALUES (87, 'win', 'OS', '', '');

INSERT INTO product_system_requirements (product_id, platform, title, minimum, recommended) VALUES (87, 'win', 'Processor', 'Intel Core 2 Duo 1.8 GHz or AMD Athlon X2 64 2.0 GHz', '1.8 GHz Quad Core CPU');

INSERT INTO product_system_requirements (product_id, platform, title, minimum, recommended) VALUES (87, 'win', 'Memory', '2GB RAM', '4 GB RAM');

INSERT INTO product_system_requirements (product_id, platform, title, minimum, recommended) VALUES (87, 'win', 'Graphics', '256 MB ATI HD2600 XT or better, 256 MB nVidia 7900 GS or better, or Core i3 or better integrated graphics', '512 MB ATI 4800 series or better, 512 MB nVidia 9800 series or better');

INSERT INTO product_system_requirements (product_id, platform, title, minimum, recommended) VALUES (87, 'win', 'DirectX', '', '');

INSERT INTO product_system_requirements (product_id, platform, title, minimum, recommended) VALUES (87, 'win', 'Network', '', '');

INSERT INTO product_system_requirements (product_id, platform, title, minimum, recommended) VALUES (87, 'win', 'Storage', '', '');

INSERT INTO product_system_requirements (product_id, platform, title, minimum, recommended) VALUES (87, 'win', 'Additional Notes', '', '');

INSERT INTO product_system_requirements (product_id, platform, title, minimum, recommended) VALUES (87, 'mac', 'OS', 'Internet (TCP/IP) and LAN (TCP/IP) play supported.  Please note, it is possible for Mac and PC to become out of sync during updates.  Within this short time period, Mac users will only be able to play other Mac users.', '');

INSERT INTO product_system_requirements (product_id, platform, title, minimum, recommended) VALUES (87, 'mac', 'Processor', '', 'Intel Quad Core');

INSERT INTO product_system_requirements (product_id, platform, title, minimum, recommended) VALUES (87, 'mac', 'Memory', '', '4GB');

INSERT INTO product_system_requirements (product_id, platform, title, minimum, recommended) VALUES (87, 'mac', 'Graphics', '', '');

INSERT INTO product_system_requirements (product_id, platform, title, minimum, recommended) VALUES (87, 'mac', 'DirectX', '', '');

INSERT INTO product_system_requirements (product_id, platform, title, minimum, recommended) VALUES (87, 'mac', 'Network', '', '');

INSERT INTO product_system_requirements (product_id, platform, title, minimum, recommended) VALUES (87, 'mac', 'Storage', '', '');

INSERT INTO product_system_requirements (product_id, platform, title, minimum, recommended) VALUES (87, 'mac', 'Additional Notes', '', '');

INSERT INTO product_system_requirements (product_id, platform, title, minimum, recommended) VALUES (87, 'linux', 'OS', '', '');

INSERT INTO product_system_requirements (product_id, platform, title, minimum, recommended) VALUES (87, 'linux', 'Processor', '', '');

INSERT INTO product_system_requirements (product_id, platform, title, minimum, recommended) VALUES (87, 'linux', 'Memory', '', '');

INSERT INTO product_system_requirements (product_id, platform, title, minimum, recommended) VALUES (87, 'linux', 'Graphics', '', '');

INSERT INTO product_system_requirements (product_id, platform, title, minimum, recommended) VALUES (87, 'linux', 'DirectX', '', '');

INSERT INTO product_system_requirements (product_id, platform, title, minimum, recommended) VALUES (87, 'linux', 'Network', '', '');

INSERT INTO product_system_requirements (product_id, platform, title, minimum, recommended) VALUES (87, 'linux', 'Storage', '', '');

INSERT INTO product_system_requirements (product_id, platform, title, minimum, recommended) VALUES (87, 'linux', 'Additional Notes', '', '');

INSERT INTO product_screenshots (product_id, screenshot) VALUES
(87, 'https://shared.fastly.steamstatic.com/store_item_assets/steam/apps/8930/ss_7082faf1b0941ddbc4ba9dab5807a9b5e77d72f9.1920x1080.jpg?t=1724341158'),
(87, 'https://shared.fastly.steamstatic.com/store_item_assets/steam/apps/8930/ss_e6f9ef54f06ffebc9445d8b29d8d2054fa3185d4.1920x1080.jpg?t=1724341158'),
(87, 'https://shared.fastly.steamstatic.com/store_item_assets/steam/apps/8930/ss_aa383406a5f2979598b543d8f272d3ac145e357a.1920x1080.jpg?t=1724341158'),
(87, 'https://shared.fastly.steamstatic.com/store_item_assets/steam/apps/8930/ss_84ee7ab3b0148a260359f8d5a78a2ab9033aa695.1920x1080.jpg?t=1724341158'),
(87, 'https://shared.fastly.steamstatic.com/store_item_assets/steam/apps/8930/ss_5dfcd65b611b35a9dc126335dca2d48ef8180106.1920x1080.jpg?t=1724341158');

INSERT INTO product_videos (product_id, mp4, webm, thumbnail) VALUES
(87, 'https://video.fastly.steamstatic.com/store_trailers/5690/movie480.mp4?t=1447353146', 'https://video.fastly.steamstatic.com/store_trailers/5690/movie480.webm?t=1447353146', 'https://shared.fastly.steamstatic.com/store_item_assets/steam/apps/5690/movie.293x165.jpg?t=1447353146'),
(87, 'https://video.fastly.steamstatic.com/store_trailers/80825/movie480.mp4?t=1447354197', 'https://video.fastly.steamstatic.com/store_trailers/80825/movie480.webm?t=1447354197', 'https://shared.fastly.steamstatic.com/store_item_assets/steam/apps/80825/movie.293x165.jpg?t=1447354197'),
(87, 'https://video.fastly.steamstatic.com/store_trailers/80824/movie480.mp4?t=1447354198', 'https://video.fastly.steamstatic.com/store_trailers/80824/movie480.webm?t=1447354198', 'https://shared.fastly.steamstatic.com/store_item_assets/steam/apps/80824/movie.293x165.jpg?t=1447354198'),
(87, 'https://video.fastly.steamstatic.com/store_trailers/80682/movie480.mp4?t=1447354028', 'https://video.fastly.steamstatic.com/store_trailers/80682/movie480.webm?t=1447354028', 'https://shared.fastly.steamstatic.com/store_item_assets/steam/apps/80682/movie.293x165.jpg?t=1447354028'),
(87, 'https://video.fastly.steamstatic.com/store_trailers/80493/movie480.mp4?t=1447353808', 'https://video.fastly.steamstatic.com/store_trailers/80493/movie480.webm?t=1447353808', 'https://shared.fastly.steamstatic.com/store_item_assets/steam/apps/80493/movie.293x165.jpg?t=1447353808');

INSERT INTO products (id, title, type, description, price, discount, discountStartDate, discountEndDate, releaseDate, rating, isActive, headerImage)
VALUES (94, 'Unturned', 'Game', 'You''re a survivor in the zombie infested ruins of society, and must work with your friends and forge alliances to remain among the living.', 0, 0, NULL, NULL, '2017-07-07', 0, TRUE, 'https://shared.fastly.steamstatic.com/store_item_assets/steam/apps/304930/header.jpg?t=1734630748');

INSERT INTO product_developers (product_id, developer) VALUES
(94, 'Smartly Dressed Games');

INSERT INTO product_publishers (product_id, publisher) VALUES
(94, 'Smartly Dressed Games');

INSERT INTO product_platforms (product_id, platform) VALUES
(94, 'Windows');

INSERT INTO product_genres (product_id, genre) VALUES
(94, 'Action'),
(94, 'Adventure'),
(94, 'Casual'),
(94, 'Indie'),
(94, 'Free To Play');

INSERT INTO product_tags (product_id, tag) VALUES
(94, 'Free to Play'),
(94, 'Survival'),
(94, 'Zombies'),
(94, 'Multiplayer'),
(94, 'Open World'),
(94, 'Co-op'),
(94, 'Sandbox'),
(94, 'Crafting'),
(94, 'Shooter'),
(94, 'Adventure'),
(94, 'Post-apocalyptic'),
(94, 'First-Person'),
(94, 'Looter Shooter'),
(94, 'Singleplayer'),
(94, 'FPS'),
(94, 'Action'),
(94, 'Massively Multiplayer'),
(94, 'Indie'),
(94, 'Atmospheric'),
(94, 'Casual');

INSERT INTO product_features (product_id, feature) VALUES
(94, 'Single-player'),
(94, 'Online PvP'),
(94, 'LAN PvP'),
(94, 'Online Co-op'),
(94, 'LAN Co-op'),
(94, 'Steam Achievements'),
(94, 'Steam Trading Cards'),
(94, 'Steam Workshop'),
(94, 'In-App Purchases'),
(94, 'Steam Cloud'),
(94, 'Stats'),
(94, 'Includes level editor'),
(94, 'Remote Play on Tablet');

INSERT INTO product_system_requirements (product_id, platform, title, minimum, recommended) VALUES (94, 'win', 'OS', '', 'Windows 10 64-bit');

INSERT INTO product_system_requirements (product_id, platform, title, minimum, recommended) VALUES (94, 'win', 'Processor', '3 GHz', '4 GHz');

INSERT INTO product_system_requirements (product_id, platform, title, minimum, recommended) VALUES (94, 'win', 'Memory', '8 GB RAM', '16 GB RAM');

INSERT INTO product_system_requirements (product_id, platform, title, minimum, recommended) VALUES (94, 'win', 'Graphics', '', '');

INSERT INTO product_system_requirements (product_id, platform, title, minimum, recommended) VALUES (94, 'win', 'DirectX', 'Version 10', 'Version 11');

INSERT INTO product_system_requirements (product_id, platform, title, minimum, recommended) VALUES (94, 'win', 'Network', '', 'Broadband Internet connection');

INSERT INTO product_system_requirements (product_id, platform, title, minimum, recommended) VALUES (94, 'win', 'Storage', '4 GB available space', '6 GB available space');

INSERT INTO product_system_requirements (product_id, platform, title, minimum, recommended) VALUES (94, 'win', 'Additional Notes', '', '');

INSERT INTO product_system_requirements (product_id, platform, title, minimum, recommended) VALUES (94, 'mac', 'OS', 'High Sierra', 'Big Sur');

INSERT INTO product_system_requirements (product_id, platform, title, minimum, recommended) VALUES (94, 'mac', 'Processor', '3 GHz', '4 GHz');

INSERT INTO product_system_requirements (product_id, platform, title, minimum, recommended) VALUES (94, 'mac', 'Memory', '8 GB RAM', '16 GB RAM');

INSERT INTO product_system_requirements (product_id, platform, title, minimum, recommended) VALUES (94, 'mac', 'Graphics', '', '');

INSERT INTO product_system_requirements (product_id, platform, title, minimum, recommended) VALUES (94, 'mac', 'DirectX', '', '');

INSERT INTO product_system_requirements (product_id, platform, title, minimum, recommended) VALUES (94, 'mac', 'Network', '', 'Broadband Internet connection');

INSERT INTO product_system_requirements (product_id, platform, title, minimum, recommended) VALUES (94, 'mac', 'Storage', '4 GB available space', '6 GB available space');

INSERT INTO product_system_requirements (product_id, platform, title, minimum, recommended) VALUES (94, 'mac', 'Additional Notes', '', '');

INSERT INTO product_system_requirements (product_id, platform, title, minimum, recommended) VALUES (94, 'linux', 'OS', 'Ubuntu 16.04+', 'Ubuntu 20.04+');

INSERT INTO product_system_requirements (product_id, platform, title, minimum, recommended) VALUES (94, 'linux', 'Processor', '3 GHz', '4 GHz');

INSERT INTO product_system_requirements (product_id, platform, title, minimum, recommended) VALUES (94, 'linux', 'Memory', '8 GB RAM', '16 GB RAM');

INSERT INTO product_system_requirements (product_id, platform, title, minimum, recommended) VALUES (94, 'linux', 'Graphics', '', '');

INSERT INTO product_system_requirements (product_id, platform, title, minimum, recommended) VALUES (94, 'linux', 'DirectX', '', '');

INSERT INTO product_system_requirements (product_id, platform, title, minimum, recommended) VALUES (94, 'linux', 'Network', '', 'Broadband Internet connection');

INSERT INTO product_system_requirements (product_id, platform, title, minimum, recommended) VALUES (94, 'linux', 'Storage', '4 GB available space', '6 GB available space');

INSERT INTO product_system_requirements (product_id, platform, title, minimum, recommended) VALUES (94, 'linux', 'Additional Notes', '', '');

INSERT INTO product_screenshots (product_id, screenshot) VALUES
(94, 'https://shared.fastly.steamstatic.com/store_item_assets/steam/apps/304930/ss_a2d8ffa4eaff717539c1fd9d3cd0440691c6fc81.1920x1080.jpg?t=1734630748'),
(94, 'https://shared.fastly.steamstatic.com/store_item_assets/steam/apps/304930/ss_b1cf12ba306180da433dcf199f6f4a2fa74e48bd.1920x1080.jpg?t=1734630748'),
(94, 'https://shared.fastly.steamstatic.com/store_item_assets/steam/apps/304930/ss_e7bd3004478e0e4500521be44995488933f70435.1920x1080.jpg?t=1734630748'),
(94, 'https://shared.fastly.steamstatic.com/store_item_assets/steam/apps/304930/ss_de07d47b7f81d0f53100398369ac49803d0570bf.1920x1080.jpg?t=1734630748'),
(94, 'https://shared.fastly.steamstatic.com/store_item_assets/steam/apps/304930/ss_c5853bdc47a4d84fc1f3e419be99bed787979725.1920x1080.jpg?t=1734630748'),
(94, 'https://shared.fastly.steamstatic.com/store_item_assets/steam/apps/304930/ss_f634649eb2a50b49bc98f7cc27314b671c8cbff5.1920x1080.jpg?t=1734630748'),
(94, 'https://shared.fastly.steamstatic.com/store_item_assets/steam/apps/304930/ss_b4c970fade045cdb787b7dffb59928d6bd91d156.1920x1080.jpg?t=1734630748'),
(94, 'https://shared.fastly.steamstatic.com/store_item_assets/steam/apps/304930/ss_c45658331fd2c4b6a8e09b50bbadcc91c5801b36.1920x1080.jpg?t=1734630748'),
(94, 'https://shared.fastly.steamstatic.com/store_item_assets/steam/apps/304930/ss_89f92e7881cddaaf787a42c47ba7d666c01158f8.1920x1080.jpg?t=1734630748'),
(94, 'https://shared.fastly.steamstatic.com/store_item_assets/steam/apps/304930/ss_e9b5d9c8b1afc2aabd3e33ac9407a09bd9bffccb.1920x1080.jpg?t=1734630748');

INSERT INTO product_videos (product_id, mp4, webm, thumbnail) VALUES
(94, 'https://video.fastly.steamstatic.com/store_trailers/256688960/movie480.mp4?t=1688148646', 'https://video.fastly.steamstatic.com/store_trailers/256688960/movie480.webm?t=1688148646', 'https://shared.fastly.steamstatic.com/store_item_assets/steam/apps/256688960/movie.293x165.jpg?t=1688148646'),
(94, 'https://video.fastly.steamstatic.com/store_trailers/256688950/movie480.mp4?t=1688148651', 'https://video.fastly.steamstatic.com/store_trailers/256688950/movie480.webm?t=1688148651', 'https://shared.fastly.steamstatic.com/store_item_assets/steam/apps/256688950/movie.293x165.jpg?t=1688148651'),
(94, 'https://video.fastly.steamstatic.com/store_trailers/256668933/movie480.mp4?t=1688148658', 'https://video.fastly.steamstatic.com/store_trailers/256668933/movie480.webm?t=1688148658', 'https://shared.fastly.steamstatic.com/store_item_assets/steam/apps/256668933/movie.293x165.jpg?t=1688148658');

INSERT INTO products (id, title, type, description, price, discount, discountStartDate, discountEndDate, releaseDate, rating, isActive, headerImage)
VALUES (89, 'Counter-Strike', 'Game', 'Play the world''s number 1 online action game. Engage in an incredibly realistic brand of terrorist warfare in this wildly popular team-based game. Ally with teammates to complete strategic missions. Take out enemy sites. Rescue hostages. Your role affects your team''s success. Your team''s success affects your role.', 9.99, 0, NULL, NULL, '2000-11-01', 0, TRUE, 'https://shared.fastly.steamstatic.com/store_item_assets/steam/apps/10/header.jpg?t=1729702322');

INSERT INTO product_developers (product_id, developer) VALUES
(89, 'Valve');

INSERT INTO product_publishers (product_id, publisher) VALUES
(89, 'Valve');

INSERT INTO product_platforms (product_id, platform) VALUES
(89, 'Windows');

INSERT INTO product_genres (product_id, genre) VALUES
(89, 'Action');

INSERT INTO product_tags (product_id, tag) VALUES
(89, 'Action'),
(89, 'FPS'),
(89, 'Multiplayer'),
(89, 'Shooter'),
(89, 'Classic'),
(89, 'Team-Based'),
(89, 'First-Person'),
(89, 'Competitive'),
(89, 'Tactical'),
(89, '1990''s'),
(89, 'eSports'),
(89, 'PvP'),
(89, 'Old School'),
(89, 'Military'),
(89, 'Strategy'),
(89, 'Survival'),
(89, 'Score Attack'),
(89, '1980s'),
(89, 'Assassin'),
(89, 'Nostalgia');

INSERT INTO product_features (product_id, feature) VALUES
(89, 'Online PvP'),
(89, 'Shared/Split Screen PvP'),
(89, 'Family Sharing');

INSERT INTO product_system_requirements (product_id, platform, title, minimum, recommended) VALUES (89, 'win', 'OS', '', '');

INSERT INTO product_system_requirements (product_id, platform, title, minimum, recommended) VALUES (89, 'win', 'Processor', '', '');

INSERT INTO product_system_requirements (product_id, platform, title, minimum, recommended) VALUES (89, 'win', 'Memory', '', '');

INSERT INTO product_system_requirements (product_id, platform, title, minimum, recommended) VALUES (89, 'win', 'Graphics', '', '');

INSERT INTO product_system_requirements (product_id, platform, title, minimum, recommended) VALUES (89, 'win', 'DirectX', '', '');

INSERT INTO product_system_requirements (product_id, platform, title, minimum, recommended) VALUES (89, 'win', 'Network', '', '');

INSERT INTO product_system_requirements (product_id, platform, title, minimum, recommended) VALUES (89, 'win', 'Storage', '', '');

INSERT INTO product_system_requirements (product_id, platform, title, minimum, recommended) VALUES (89, 'win', 'Additional Notes', '', '');

INSERT INTO product_system_requirements (product_id, platform, title, minimum, recommended) VALUES (89, 'mac', 'OS', '', '');

INSERT INTO product_system_requirements (product_id, platform, title, minimum, recommended) VALUES (89, 'mac', 'Processor', '', '');

INSERT INTO product_system_requirements (product_id, platform, title, minimum, recommended) VALUES (89, 'mac', 'Memory', '', '');

INSERT INTO product_system_requirements (product_id, platform, title, minimum, recommended) VALUES (89, 'mac', 'Graphics', '', '');

INSERT INTO product_system_requirements (product_id, platform, title, minimum, recommended) VALUES (89, 'mac', 'DirectX', '', '');

INSERT INTO product_system_requirements (product_id, platform, title, minimum, recommended) VALUES (89, 'mac', 'Network', '', '');

INSERT INTO product_system_requirements (product_id, platform, title, minimum, recommended) VALUES (89, 'mac', 'Storage', '', '');

INSERT INTO product_system_requirements (product_id, platform, title, minimum, recommended) VALUES (89, 'mac', 'Additional Notes', '', '');

INSERT INTO product_system_requirements (product_id, platform, title, minimum, recommended) VALUES (89, 'linux', 'OS', '', '');

INSERT INTO product_system_requirements (product_id, platform, title, minimum, recommended) VALUES (89, 'linux', 'Processor', '', '');

INSERT INTO product_system_requirements (product_id, platform, title, minimum, recommended) VALUES (89, 'linux', 'Memory', '', '');

INSERT INTO product_system_requirements (product_id, platform, title, minimum, recommended) VALUES (89, 'linux', 'Graphics', '', '');

INSERT INTO product_system_requirements (product_id, platform, title, minimum, recommended) VALUES (89, 'linux', 'DirectX', '', '');

INSERT INTO product_system_requirements (product_id, platform, title, minimum, recommended) VALUES (89, 'linux', 'Network', '', '');

INSERT INTO product_system_requirements (product_id, platform, title, minimum, recommended) VALUES (89, 'linux', 'Storage', '', '');

INSERT INTO product_system_requirements (product_id, platform, title, minimum, recommended) VALUES (89, 'linux', 'Additional Notes', '', '');

INSERT INTO product_screenshots (product_id, screenshot) VALUES
(89, 'https://shared.fastly.steamstatic.com/store_item_assets/steam/apps/10/0000000132.1920x1080.jpg?t=1729702322'),
(89, 'https://shared.fastly.steamstatic.com/store_item_assets/steam/apps/10/0000000133.1920x1080.jpg?t=1729702322'),
(89, 'https://shared.fastly.steamstatic.com/store_item_assets/steam/apps/10/0000000134.1920x1080.jpg?t=1729702322'),
(89, 'https://shared.fastly.steamstatic.com/store_item_assets/steam/apps/10/0000000135.1920x1080.jpg?t=1729702322'),
(89, 'https://shared.fastly.steamstatic.com/store_item_assets/steam/apps/10/0000000136.1920x1080.jpg?t=1729702322'),
(89, 'https://shared.fastly.steamstatic.com/store_item_assets/steam/apps/10/0000002540.1920x1080.jpg?t=1729702322'),
(89, 'https://shared.fastly.steamstatic.com/store_item_assets/steam/apps/10/0000002539.1920x1080.jpg?t=1729702322'),
(89, 'https://shared.fastly.steamstatic.com/store_item_assets/steam/apps/10/0000002538.1920x1080.jpg?t=1729702322'),
(89, 'https://shared.fastly.steamstatic.com/store_item_assets/steam/apps/10/0000002537.1920x1080.jpg?t=1729702322'),
(89, 'https://shared.fastly.steamstatic.com/store_item_assets/steam/apps/10/0000002536.1920x1080.jpg?t=1729702322'),
(89, 'https://shared.fastly.steamstatic.com/store_item_assets/steam/apps/10/0000002541.1920x1080.jpg?t=1729702322'),
(89, 'https://shared.fastly.steamstatic.com/store_item_assets/steam/apps/10/0000002542.1920x1080.jpg?t=1729702322'),
(89, 'https://shared.fastly.steamstatic.com/store_item_assets/steam/apps/10/0000002543.1920x1080.jpg?t=1729702322');

INSERT INTO products (id, title, type, description, price, discount, discountStartDate, discountEndDate, releaseDate, rating, isActive, headerImage)
VALUES (90, 'Phasmophobia', 'Game', 'Phasmophobia is a 4 player online co-op psychological horror. Paranormal activity is on the rise and it’s up to you and your team to use all the ghost-hunting equipment at your disposal in order to gather as much evidence as you can.', 19.99, 0, NULL, NULL, '2020-09-19', 0, TRUE, 'https://shared.fastly.steamstatic.com/store_item_assets/steam/apps/739630/header.jpg?t=1727019976');

INSERT INTO product_developers (product_id, developer) VALUES
(90, 'Kinetic Games');

INSERT INTO product_publishers (product_id, publisher) VALUES
(90, 'Kinetic Games');

INSERT INTO product_platforms (product_id, platform) VALUES
(90, 'Windows');

INSERT INTO product_genres (product_id, genre) VALUES
(90, 'Action'),
(90, 'Indie'),
(90, 'Early Access');

INSERT INTO product_tags (product_id, tag) VALUES
(90, 'Horror'),
(90, 'Online Co-Op'),
(90, 'Multiplayer'),
(90, 'Psychological Horror'),
(90, 'Co-op'),
(90, 'VR'),
(90, 'Supernatural'),
(90, 'First-Person'),
(90, 'Investigation'),
(90, 'Dark'),
(90, 'Demons'),
(90, 'Detective'),
(90, 'Mystery'),
(90, 'Thriller'),
(90, '3D'),
(90, 'Early Access'),
(90, 'Indie'),
(90, 'Action'),
(90, 'Tactical'),
(90, 'Singleplayer');

INSERT INTO product_features (product_id, feature) VALUES
(90, 'Single-player'),
(90, 'Online Co-op'),
(90, 'Steam Achievements'),
(90, 'Tracked Controller Support'),
(90, 'VR Supported'),
(90, 'Steam Trading Cards'),
(90, 'Steam Cloud'),
(90, 'Remote Play on Phone'),
(90, 'Remote Play on Tablet'),
(90, 'Family Sharing');

INSERT INTO product_system_requirements (product_id, platform, title, minimum, recommended) VALUES (90, 'win', 'OS', 'Windows 10 64Bit', 'Windows 10 64Bit');

INSERT INTO product_system_requirements (product_id, platform, title, minimum, recommended) VALUES (90, 'win', 'Processor', 'Intel Core i5-4590 / AMD Ryzen 5 2600', 'Intel Core i5-10600 / AMD Ryzen 5 3600');

INSERT INTO product_system_requirements (product_id, platform, title, minimum, recommended) VALUES (90, 'win', 'Memory', '8 GB RAM', '8 GB RAM');

INSERT INTO product_system_requirements (product_id, platform, title, minimum, recommended) VALUES (90, 'win', 'Graphics', 'NVIDIA GTX 970 / AMD Radeon R9 390', 'NVIDIA RTX 2060 / AMD Radeon RX 5700');

INSERT INTO product_system_requirements (product_id, platform, title, minimum, recommended) VALUES (90, 'win', 'DirectX', 'Version 11', 'Version 11');

INSERT INTO product_system_requirements (product_id, platform, title, minimum, recommended) VALUES (90, 'win', 'Network', '', 'Broadband Internet connection');

INSERT INTO product_system_requirements (product_id, platform, title, minimum, recommended) VALUES (90, 'win', 'Storage', '21 GB available space', '21 GB available space');

INSERT INTO product_system_requirements (product_id, platform, title, minimum, recommended) VALUES (90, 'win', 'Additional Notes', 'Minimum Specs are for VR, lower specs may work for Non-VR.', '');

INSERT INTO product_screenshots (product_id, screenshot) VALUES
(90, 'https://shared.fastly.steamstatic.com/store_item_assets/steam/apps/739630/ss_c88170bed9bf8690963323d20e3f9e836cb9aed9.1920x1080.jpg?t=1727019976'),
(90, 'https://shared.fastly.steamstatic.com/store_item_assets/steam/apps/739630/ss_f0377c02897de8831a5f032f13a6dc0f994516d5.1920x1080.jpg?t=1727019976'),
(90, 'https://shared.fastly.steamstatic.com/store_item_assets/steam/apps/739630/ss_ce1062b9312afbc12000f980087ede8fa718445d.1920x1080.jpg?t=1727019976'),
(90, 'https://shared.fastly.steamstatic.com/store_item_assets/steam/apps/739630/ss_8032ff1ebe2aad6871c45b30458d7a6c868f2212.1920x1080.jpg?t=1727019976'),
(90, 'https://shared.fastly.steamstatic.com/store_item_assets/steam/apps/739630/ss_b446d0ca191cf5a183ac3cc9538a59aa7575c14c.1920x1080.jpg?t=1727019976'),
(90, 'https://shared.fastly.steamstatic.com/store_item_assets/steam/apps/739630/ss_dcf3fde71a8104c068d9fd1c122361af9677737a.1920x1080.jpg?t=1727019976'),
(90, 'https://shared.fastly.steamstatic.com/store_item_assets/steam/apps/739630/ss_d33aaa88ff7429590a1ead0b9cced32df2c38696.1920x1080.jpg?t=1727019976');

INSERT INTO product_videos (product_id, mp4, webm, thumbnail) VALUES
(90, 'https://video.fastly.steamstatic.com/store_trailers/256906135/movie480.mp4?t=1663254571', 'https://video.fastly.steamstatic.com/store_trailers/256906135/movie480_vp9.webm?t=1663254571', 'https://shared.fastly.steamstatic.com/store_item_assets/steam/apps/256906135/movie.293x165.jpg?t=1663254571'),
(90, 'https://video.fastly.steamstatic.com/store_trailers/256776660/movie480.mp4?t=1583525286', 'https://video.fastly.steamstatic.com/store_trailers/256776660/movie480.webm?t=1583525286', 'https://shared.fastly.steamstatic.com/store_item_assets/steam/apps/256776660/movie.293x165.jpg?t=1583525286');

INSERT INTO products (id, title, type, description, price, discount, discountStartDate, discountEndDate, releaseDate, rating, isActive, headerImage)
VALUES (91, 'Forza Horizon 5', 'Game', 'Explore the vibrant open world landscapes of Mexico with limitless, fun driving action in the world’s greatest cars. Join a thrilling game of chase with our new 5v1 Multiplayer Experience: Hide & Seek.', 59.99, 0, NULL, NULL, '2021-11-09', 0, TRUE, 'https://shared.fastly.steamstatic.com/store_item_assets/steam/apps/1551360/header.jpg?t=1730830713');

INSERT INTO product_developers (product_id, developer) VALUES
(91, 'Playground Games');

INSERT INTO product_publishers (product_id, publisher) VALUES
(91, 'Xbox Game Studios');

INSERT INTO product_platforms (product_id, platform) VALUES
(91, 'Windows');

INSERT INTO product_genres (product_id, genre) VALUES
(91, 'Action'),
(91, 'Adventure'),
(91, 'Racing'),
(91, 'Simulation'),
(91, 'Sports');

INSERT INTO product_tags (product_id, tag) VALUES
(91, 'Racing'),
(91, 'Open World'),
(91, 'Driving'),
(91, 'Multiplayer'),
(91, 'Automobile Sim'),
(91, 'Realistic'),
(91, 'Simulation'),
(91, 'Adventure'),
(91, 'Arcade'),
(91, 'Exploration'),
(91, 'First-Person'),
(91, 'Co-op'),
(91, 'PvP'),
(91, 'Sports'),
(91, 'Atmospheric'),
(91, 'Online Co-Op'),
(91, 'Singleplayer'),
(91, 'Beautiful'),
(91, 'VR'),
(91, 'Action');

INSERT INTO product_features (product_id, feature) VALUES
(91, 'Single-player'),
(91, 'Online PvP'),
(91, 'Online Co-op'),
(91, 'Cross-Platform Multiplayer'),
(91, 'Steam Achievements'),
(91, 'Steam Trading Cards'),
(91, 'Steam Cloud'),
(91, 'HDR available'),
(91, 'Family Sharing');

INSERT INTO product_system_requirements (product_id, platform, title, minimum, recommended) VALUES (91, 'win', 'OS', 'Windows 10 version 18362.0 or higher', 'Windows 10 version 18362.0 or higher');

INSERT INTO product_system_requirements (product_id, platform, title, minimum, recommended) VALUES (91, 'win', 'Processor', 'Intel i5-4460 or AMD Ryzen 3 1200', 'Intel i5-8400 or AMD Ryzen 5 1500X');

INSERT INTO product_system_requirements (product_id, platform, title, minimum, recommended) VALUES (91, 'win', 'Memory', '8 GB RAM', '16 GB RAM');

INSERT INTO product_system_requirements (product_id, platform, title, minimum, recommended) VALUES (91, 'win', 'Graphics', 'NVidia GTX 970, AMD RX 470, OR Intel Arc A380', 'NVidia GTX 1070, AMD RX 590, OR Intel Arc A750');

INSERT INTO product_system_requirements (product_id, platform, title, minimum, recommended) VALUES (91, 'win', 'DirectX', 'Version 12', 'Version 12');

INSERT INTO product_system_requirements (product_id, platform, title, minimum, recommended) VALUES (91, 'win', 'Network', 'Broadband Internet connection', 'Broadband Internet connection');

INSERT INTO product_system_requirements (product_id, platform, title, minimum, recommended) VALUES (91, 'win', 'Storage', '110 GB available space', '110 GB available space');

INSERT INTO product_system_requirements (product_id, platform, title, minimum, recommended) VALUES (91, 'win', 'Additional Notes', '', '');

INSERT INTO product_screenshots (product_id, screenshot) VALUES
(91, 'https://shared.fastly.steamstatic.com/store_item_assets/steam/apps/1551360/ss_cf56e25a0290556ba83229eb0ab370d10be0407c.1920x1080.jpg?t=1730830713'),
(91, 'https://shared.fastly.steamstatic.com/store_item_assets/steam/apps/1551360/ss_00f0090174380eeaf8753bd3d1028b6772c3aebf.1920x1080.jpg?t=1730830713'),
(91, 'https://shared.fastly.steamstatic.com/store_item_assets/steam/apps/1551360/ss_b65236b365315ebb6da6114ce42cd74b59cab3c8.1920x1080.jpg?t=1730830713'),
(91, 'https://shared.fastly.steamstatic.com/store_item_assets/steam/apps/1551360/ss_0a13a7ccd38e7c3e6a5f1720050732833b53b6a8.1920x1080.jpg?t=1730830713'),
(91, 'https://shared.fastly.steamstatic.com/store_item_assets/steam/apps/1551360/ss_3654a5988db68f9b47740f9f6a9299682c365599.1920x1080.jpg?t=1730830713'),
(91, 'https://shared.fastly.steamstatic.com/store_item_assets/steam/apps/1551360/ss_0bc32360d32b21abdf889422385cd753862dd73e.1920x1080.jpg?t=1730830713'),
(91, 'https://shared.fastly.steamstatic.com/store_item_assets/steam/apps/1551360/ss_1da0673f82eccc3c9d222237dec40e36bf10eef3.1920x1080.jpg?t=1730830713'),
(91, 'https://shared.fastly.steamstatic.com/store_item_assets/steam/apps/1551360/ss_78e4f63e05d50e59b9966ba8da9a53dbf84fd8f4.1920x1080.jpg?t=1730830713'),
(91, 'https://shared.fastly.steamstatic.com/store_item_assets/steam/apps/1551360/ss_c8390c1e88ba5e660a58e8e435ebc77dcda5c91d.1920x1080.jpg?t=1730830713'),
(91, 'https://shared.fastly.steamstatic.com/store_item_assets/steam/apps/1551360/ss_3c16188972c826942f47991d91b0f6dc17e01fc9.1920x1080.jpg?t=1730830713'),
(91, 'https://shared.fastly.steamstatic.com/store_item_assets/steam/apps/1551360/ss_49297af1ddef7779e644c2deb1df611a5f5cd344.1920x1080.jpg?t=1730830713'),
(91, 'https://shared.fastly.steamstatic.com/store_item_assets/steam/apps/1551360/ss_733100a0e305025cfea4797c14cb55a9e2673521.1920x1080.jpg?t=1730830713'),
(91, 'https://shared.fastly.steamstatic.com/store_item_assets/steam/apps/1551360/ss_4f2da231c28c5cb6a1ed4f62aaad6f51ca4a5c05.1920x1080.jpg?t=1730830713'),
(91, 'https://shared.fastly.steamstatic.com/store_item_assets/steam/apps/1551360/ss_af9712cbc5121307926cb3e7dfc7228d45940557.1920x1080.jpg?t=1730830713'),
(91, 'https://shared.fastly.steamstatic.com/store_item_assets/steam/apps/1551360/ss_d26239d188301bb6f2475c6d323ae007195b7542.1920x1080.jpg?t=1730830713'),
(91, 'https://shared.fastly.steamstatic.com/store_item_assets/steam/apps/1551360/ss_16be1ecc46e7c0a3aa68e646af904c66ea8e1c81.1920x1080.jpg?t=1730830713');

INSERT INTO product_videos (product_id, mp4, webm, thumbnail) VALUES
(91, 'https://video.fastly.steamstatic.com/store_trailers/257053032/movie480.mp4?t=1725950927', 'https://video.fastly.steamstatic.com/store_trailers/257053032/movie480_vp9.webm?t=1725950927', 'https://shared.fastly.steamstatic.com/store_item_assets/steam/apps/257053032/movie.293x165.jpg?t=1725950927'),
(91, 'https://video.fastly.steamstatic.com/store_trailers/256875134/movie480.mp4?t=1647525311', 'https://video.fastly.steamstatic.com/store_trailers/256875134/movie480_vp9.webm?t=1647525311', 'https://shared.fastly.steamstatic.com/store_item_assets/steam/apps/256875134/movie.293x165.jpg?t=1647525311'),
(91, 'https://video.fastly.steamstatic.com/store_trailers/256859757/movie480.mp4?t=1636489104', 'https://video.fastly.steamstatic.com/store_trailers/256859757/movie480_vp9.webm?t=1636489104', 'https://shared.fastly.steamstatic.com/store_item_assets/steam/apps/256859757/movie.293x165.jpg?t=1636489104');

INSERT INTO products (id, title, type, description, price, discount, discountStartDate, discountEndDate, releaseDate, rating, isActive, headerImage)
VALUES (92, 'Forza Horizon 4', 'Game', 'Dynamic seasons change everything at the world’s greatest automotive festival. Go it alone or team up with others to explore beautiful and historic Britain in a shared open world.', 0, 0, NULL, NULL, '2021-03-10', 0, TRUE, 'https://shared.fastly.steamstatic.com/store_item_assets/steam/apps/1293830/header.jpg?t=1734336342');

INSERT INTO product_developers (product_id, developer) VALUES
(92, 'Playground Games');

INSERT INTO product_publishers (product_id, publisher) VALUES
(92, 'Xbox Game Studios');

INSERT INTO product_platforms (product_id, platform) VALUES
(92, 'Windows');

INSERT INTO product_genres (product_id, genre) VALUES
(92, 'Racing');

INSERT INTO product_tags (product_id, tag) VALUES
(92, 'Racing'),
(92, 'Open World'),
(92, 'Driving'),
(92, 'Multiplayer'),
(92, 'Automobile Sim'),
(92, 'Online Co-Op'),
(92, 'Realistic'),
(92, 'Singleplayer'),
(92, 'Controller'),
(92, 'Simulation'),
(92, 'PvP'),
(92, 'Adventure'),
(92, 'Arcade'),
(92, 'Exploration'),
(92, 'Atmospheric'),
(92, 'Action'),
(92, 'Sports'),
(92, 'Great Soundtrack'),
(92, 'First-Person'),
(92, 'Funny');

INSERT INTO product_features (product_id, feature) VALUES
(92, 'Single-player'),
(92, 'Online PvP'),
(92, 'Online Co-op'),
(92, 'Cross-Platform Multiplayer'),
(92, 'Steam Achievements'),
(92, 'Steam Trading Cards'),
(92, 'Steam Cloud'),
(92, 'Family Sharing');

INSERT INTO product_system_requirements (product_id, platform, title, minimum, recommended) VALUES (92, 'win', 'OS', 'Windows 10 version 15063.0 or higher', 'Windows 10 version 15063.0 or higher');

INSERT INTO product_system_requirements (product_id, platform, title, minimum, recommended) VALUES (92, 'win', 'Processor', 'Intel i3-4170 @ 3.7Ghz OR Intel i5 750 @ 2.67Ghz', 'Intel i7-3820 @ 3.6Ghz');

INSERT INTO product_system_requirements (product_id, platform, title, minimum, recommended) VALUES (92, 'win', 'Memory', '8 GB RAM', '12 GB RAM');

INSERT INTO product_system_requirements (product_id, platform, title, minimum, recommended) VALUES (92, 'win', 'Graphics', 'NVidia 650TI OR AMD R7 250x', 'NVidia GTX 970 OR NVidia GTX 1060 3GB OR AMD R9 290x OR AMD RX 470');

INSERT INTO product_system_requirements (product_id, platform, title, minimum, recommended) VALUES (92, 'win', 'DirectX', 'Version 12', 'Version 12');

INSERT INTO product_system_requirements (product_id, platform, title, minimum, recommended) VALUES (92, 'win', 'Network', 'Broadband Internet connection', 'Broadband Internet connection');

INSERT INTO product_system_requirements (product_id, platform, title, minimum, recommended) VALUES (92, 'win', 'Storage', '80 GB available space', '100 GB available space');

INSERT INTO product_system_requirements (product_id, platform, title, minimum, recommended) VALUES (92, 'win', 'Additional Notes', '', '');

INSERT INTO product_screenshots (product_id, screenshot) VALUES
(92, 'https://shared.fastly.steamstatic.com/store_item_assets/steam/apps/1293830/ss_e88792a0331f460d913ac05203f7c1b12112b14c.1920x1080.jpg?t=1734336342'),
(92, 'https://shared.fastly.steamstatic.com/store_item_assets/steam/apps/1293830/ss_d2046bdb2f6acdf9b88c3c168e9eaec38495f063.1920x1080.jpg?t=1734336342'),
(92, 'https://shared.fastly.steamstatic.com/store_item_assets/steam/apps/1293830/ss_e872c3153b246b4f595d7106976c6e63d4185c45.1920x1080.jpg?t=1734336342'),
(92, 'https://shared.fastly.steamstatic.com/store_item_assets/steam/apps/1293830/ss_56d3181c30a7975a46c4f2d8391861890508d7ba.1920x1080.jpg?t=1734336342'),
(92, 'https://shared.fastly.steamstatic.com/store_item_assets/steam/apps/1293830/ss_66354376f93c5581628e8564e663104cbb201665.1920x1080.jpg?t=1734336342'),
(92, 'https://shared.fastly.steamstatic.com/store_item_assets/steam/apps/1293830/ss_6aff9bfcaeb460988148efe3c83448fd93e6641a.1920x1080.jpg?t=1734336342'),
(92, 'https://shared.fastly.steamstatic.com/store_item_assets/steam/apps/1293830/ss_34be8257854f966bc323eccefc4df91ba6062bfe.1920x1080.jpg?t=1734336342'),
(92, 'https://shared.fastly.steamstatic.com/store_item_assets/steam/apps/1293830/ss_1b6f2f86ea117a38d5b527e62ab030a930db972f.1920x1080.jpg?t=1734336342'),
(92, 'https://shared.fastly.steamstatic.com/store_item_assets/steam/apps/1293830/ss_f79c110d699dadfdb6945984a65a2aa825787075.1920x1080.jpg?t=1734336342'),
(92, 'https://shared.fastly.steamstatic.com/store_item_assets/steam/apps/1293830/ss_f92439ec8b8be406b1a42beec98195c3ac82e4c3.1920x1080.jpg?t=1734336342'),
(92, 'https://shared.fastly.steamstatic.com/store_item_assets/steam/apps/1293830/ss_ae4d2485f415b08ba4c00195d29680369e23405a.1920x1080.jpg?t=1734336342'),
(92, 'https://shared.fastly.steamstatic.com/store_item_assets/steam/apps/1293830/ss_e38c55bd04ac05d3eb319f92981565df735882f0.1920x1080.jpg?t=1734336342'),
(92, 'https://shared.fastly.steamstatic.com/store_item_assets/steam/apps/1293830/ss_c0271116cbfb7be15679861e4b5d0549826dbb04.1920x1080.jpg?t=1734336342');

INSERT INTO product_videos (product_id, mp4, webm, thumbnail) VALUES
(92, 'https://video.fastly.steamstatic.com/store_trailers/256820720/movie480.mp4?t=1612810706', 'https://video.fastly.steamstatic.com/store_trailers/256820720/movie480_vp9.webm?t=1612810706', 'https://shared.fastly.steamstatic.com/store_item_assets/steam/apps/256820720/movie.293x165.jpg?t=1612810706');

